customer_id,customer_name,city,country,signup_date
C0001,Alex Lamb,Hoodhaven,Bulgaria,2025-10-19
C0002,Robert Ramirez,Craighaven,United Arab Emirates,2024-10-10
C0003,Natalie Norris,Robertburgh,Denmark,2025-11-28
C0004,Amber Dickerson,Andersonfort,Uganda,2024-07-07
C0005,Sean Kaiser,Hammondberg,Lebanon,2024-07-09
C0006,Robert Hodge,Reedhaven,Yemen,2025-01-27
C0007,Monique Stewart,Lake Andrewbury,Saudi Arabia,2025-04-29
C0008,Ronald Arroyo,Sarahport,Bouvet Island (Bouvetoya),2024-08-23
C0009,Stephanie Evans,Lake Elizabeth,Sri Lanka,2026-03-05
C0010,Dr. Jonathan Horton,Smithchester,Heard Island and McDonald Islands,2025-11-23
C0011,Patricia Bender,Melanieside,Fiji,2024-08-23
C0012,Matthew Rodriguez,Garnerfort,Colombia,2025-04-22
C0013,Kevin Robertson,Maryfort,Saint Lucia,2024-06-20
C0014,Lindsay Blanchard,Gutierrezberg,Mongolia,2025-04-07
C0015,Alexander Raymond,South Calvinfort,British Virgin Islands,2025-11-30
C0016,Elizabeth Pierce,Jamesshire,Puerto Rico,2025-08-18
C0017,Kim Salazar,Bensontown,Gambia,2025-09-08
C0018,Adam Rogers,Michellefurt,Northern Mariana Islands,2024-06-25
C0019,Mark Castro,East Kristieview,Sao Tome and Principe,2025-03-31
C0020,Holly Peterson,Lake James,Slovenia,2025-07-09
C0021,Jennifer Poole,Jimenezshire,Costa Rica,2024-07-09
C0022,Justin Hill,South Nicolemouth,Cameroon,2024-06-29
C0023,Rose Pierce,Melissaland,Burkina Faso,2026-01-02
C0024,Connie Jones,East Alexanderfort,Swaziland,2024-12-31
C0025,Cody Arnold,Mckenzietown,Bulgaria,2024-08-12
C0026,Jonathan Flores,Smithborough,Comoros,2025-02-01
C0027,Robert Baker,Smithview,Papua New Guinea,2025-06-24
C0028,Andrew Phillips,Griffinfurt,Kuwait,2025-01-31
C0029,Beverly Suarez,Lopezton,Grenada,2024-10-01
C0030,Rodney Patterson,Millerborough,Myanmar,2025-11-26
C0031,Tyler Martinez,New Travisbury,Lesotho,2024-07-27
C0032,Stephen Bell,Brittanymouth,Austria,2025-03-09
C0033,Lisa Bailey,Cynthiaborough,Aruba,2024-08-22
C0034,Kimberly Mendez,North Johnberg,Lesotho,2026-01-13
C0035,Alexis Mckinney,East Sarah,Bolivia,2025-12-04
C0036,Manuel Ellison,Russofort,United Kingdom,2024-11-09
C0037,Robert King,East Bryan,Guadeloupe,2024-11-27
C0038,James Skinner,North Ronald,Mauritania,2024-06-12
C0039,Jasmine Yates,Richardmouth,Gambia,2026-01-24
C0040,William Carter,Port Thomastown,French Southern Territories,2025-10-19
C0041,Richard Juarez,South Teresamouth,Portugal,2024-11-23
C0042,Jeremy Morris,North Emily,Saudi Arabia,2024-12-02
C0043,Jessica Reyes,South Joshua,Tunisia,2025-02-11
C0044,Jesse Harris,Judyburgh,Venezuela,2025-02-19
C0045,Amanda Stevenson,Shelbyview,American Samoa,2025-05-23
C0046,Kelly Mason,Lake Deannashire,Nigeria,2025-08-26
C0047,Alex Aguilar,Wademouth,Senegal,2024-10-08
C0048,Jeanne Ryan,Lake Amber,Lebanon,2025-09-19
C0049,Casey Bell,East Amyville,Israel,2024-05-12
C0050,Zachary Johnson,West Donport,Samoa,2025-01-23
C0051,Angela Gomez,West Sarah,Saint Lucia,2025-02-16
C0052,Sarah Cooley,Ambermouth,Trinidad and Tobago,2024-10-18
C0053,Glenn Hall,Mooreport,Cote d'Ivoire,2025-06-01
C0054,Darrell Williams,Dawntown,New Zealand,2025-07-03
C0055,Raymond Henderson,Patrickshire,Samoa,2024-10-24
C0056,Travis Smith,Josephchester,New Caledonia,2025-12-18
C0057,Patrick Bell,Andreaton,Poland,2024-05-12
C0058,Elizabeth Ashley,Weberbury,Bulgaria,2025-10-26
C0059,Katherine Brown,Lake Desiree,Korea,2026-01-31
C0060,Matthew Adams,Port Curtis,Sudan,2025-10-31
C0061,Lucas Thomas,Christinaside,French Guiana,2025-12-17
C0062,Amanda Ball,Webbstad,Czech Republic,2025-12-22
C0063,Gregory Hernandez,Sharpmouth,Slovenia,2025-12-22
C0064,Michael Cameron,South James,Romania,2025-10-02
C0065,Ryan Perez,Lake Kimberly,North Macedonia,2024-04-05
C0066,Casey Murphy,Scottchester,Malta,2025-01-30
C0067,Amy Moore,Michaelfurt,United Arab Emirates,2026-01-30
C0068,Ms. Stacy Moore,Aguirremouth,Pakistan,2024-11-22
C0069,Ian Davis,North Andrewville,Northern Mariana Islands,2026-01-06
C0070,Brooke Ashley,West Kevinmouth,Libyan Arab Jamahiriya,2025-07-03
C0071,Linda Harmon,Joshuastad,Djibouti,2025-07-22
C0072,Sharon Ingram,Williamsonchester,Luxembourg,2024-05-30
C0073,Ms. Sarah Ramirez,Port Holly,Nauru,2024-04-27
C0074,Chad Brown DVM,Davidbury,Tonga,2024-08-04
C0075,Stanley Mendoza,Stephenville,Montenegro,2024-05-14
C0076,Matthew Williams,Campbellside,Lesotho,2025-06-15
C0077,Casey Taylor,Claytonchester,Guam,2025-02-19
C0078,Mark Bradshaw,Kingberg,France,2024-10-24
C0079,Stephen Pierce,Lake Deborahstad,Gabon,2024-07-05
C0080,John Daniels,Lake Dana,Hungary,2024-07-30
C0081,Ashley Reed,Farrellchester,Martinique,2025-10-20
C0082,Kathleen Mcgee,East Lisa,North Macedonia,2025-03-31
C0083,Andre Turner,Sherichester,Marshall Islands,2026-01-26
C0084,Corey Santos,South Andrew,Zambia,2024-05-06
C0085,Anna Baird,Cisnerosberg,Puerto Rico,2024-10-18
C0086,James Walker,South Steve,Benin,2024-09-22
C0087,Marc Ray,North Cameronton,Pakistan,2024-03-10
C0088,Colton Williams,Lake Michaelfort,Saint Lucia,2024-08-11
C0089,Michael Mason,South Brandon,Macao,2025-06-03
C0090,Sandra Mendoza,Port Travis,Montenegro,2024-11-23
C0091,David Barnes,Royborough,Seychelles,2025-05-08
C0092,Michael Drake,South Matthew,Greenland,2024-12-30
C0093,James Woods,Smithberg,Malta,2025-03-14
C0094,Lisa Knight,Robertton,Zimbabwe,2024-06-06
C0095,Emily Dorsey,Tinatown,Oman,2025-12-13
C0096,Thomas Turner DVM,North Matthewberg,Belize,2024-05-09
C0097,Cody Howard,Anthonyview,Ghana,2025-01-20
C0098,Adam Hernandez,Port Joshuaview,Austria,2025-01-31
C0099,Judy Shepherd,Johnview,Cape Verde,2025-12-24
C0100,Yesenia White,East Victoria,Armenia,2025-06-16
C0101,Denise Padilla,North Nicole,French Polynesia,2024-04-22
C0102,Amber Shields,Laneview,Cyprus,2024-05-28
C0103,Sharon Grimes,New Marie,Peru,2025-12-12
C0104,Christopher Saunders,West Miguel,Greenland,2024-05-08
C0105,Kimberly Phillips,Callahanville,Lebanon,2026-01-29
C0106,Andrew Cruz,New Haroldton,Argentina,2025-05-20
C0107,Linda Carlson,North Danafort,Tajikistan,2025-08-19
C0108,Eugene Morris,West Matthewland,Saint Helena,2025-12-06
C0109,Jeffery Patterson,Colestad,Algeria,2025-11-28
C0110,Craig Mcdonald,West Johnland,Yemen,2025-12-06
C0111,Angela Jones,Evansshire,Bolivia,2024-07-23
C0112,Shelly Foley,North Sherry,Germany,2025-11-23
C0113,Sarah Valentine,Port David,Cyprus,2025-11-30
C0114,Anne Bennett,Lake Darrenstad,Nicaragua,2024-05-10
C0115,Teresa Matthews,Melindafort,Cambodia,2025-08-20
C0116,James Black,Mendozaport,Togo,2025-04-23
C0117,Chase Graham,Brownmouth,Zimbabwe,2025-04-24
C0118,Maria Zamora,Jensenhaven,Malawi,2025-07-23
C0119,Cassandra Dougherty,Kelseyshire,Germany,2024-04-02
C0120,Rebecca Martinez,Lake Ann,Qatar,2024-06-14
C0121,David Ford,Sanchezside,Liechtenstein,2024-11-02
C0122,Christopher Barnes,New Jon,Dominica,2025-07-30
C0123,Mason Frazier,South Bruce,Denmark,2024-03-13
C0124,Robert May,Jenniferberg,Belize,2025-08-14
C0125,Elizabeth Valdez,Andersonview,Chad,2025-02-14
C0126,Nichole Walker,South Ariana,Syrian Arab Republic,2026-02-06
C0127,Erica Johnson,South Oscar,Saint Vincent and the Grenadines,2024-03-24
C0128,Alejandro Bennett,Hallville,Japan,2025-07-17
C0129,Elaine Edwards,Lake Elizabeth,Anguilla,2025-08-06
C0130,Roy Miranda,Lake Diane,Turks and Caicos Islands,2025-07-26
C0131,Ashley Richardson,Port Tinafort,Madagascar,2025-02-04
C0132,Cynthia Howard,Port Larryville,Turks and Caicos Islands,2025-02-05
C0133,Gary Wade,Nicholasberg,Guyana,2025-10-17
C0134,Michelle Mcgee,Lake Stephanie,Saint Martin,2025-07-12
C0135,Emily Johnson,Beasleyburgh,Estonia,2025-10-18
C0136,Andrew Espinoza,Lake Donald,Saint Kitts and Nevis,2025-05-11
C0137,Victor Myers,New Martinside,Tunisia,2025-12-04
C0138,Angie Watson,Sheriville,Lesotho,2024-07-18
C0139,Christina Pierce,New Kimberlyberg,Greenland,2024-10-13
C0140,Carla Beck,Suarezfurt,Iraq,2025-04-19
C0141,Kimberly Roth,Riveratown,Eritrea,2024-08-29
C0142,Sophia Frederick,Erikamouth,Turks and Caicos Islands,2025-12-24
C0143,Andrew Sanders,New Dominiquechester,Trinidad and Tobago,2024-10-06
C0144,Timothy Cooper,East Allisonmouth,Ghana,2024-12-04
C0145,Calvin Roman,Mahoneystad,Cape Verde,2024-04-12
C0146,Meghan Hahn,New John,Hong Kong,2025-12-14
C0147,Danielle Stewart,Adamsport,Sudan,2024-12-29
C0148,Kara Taylor,Robertchester,Chad,2025-12-01
C0149,Tanya Nunez,South Briannaborough,Haiti,2024-06-19
C0150,Julie Thompson,Alexandershire,Togo,2025-01-25
C0151,Lisa Rose,East Luismouth,Tuvalu,2024-03-28
C0152,Courtney Richardson,Lake Jonathantown,Ecuador,2026-01-20
C0153,Carl Ryan,East Connieside,Belarus,2025-01-22
C0154,Kenneth Ramirez,North Patricia,China,2024-08-08
C0155,Thomas Castaneda,Rodriguezport,United Arab Emirates,2024-08-09
C0156,William Martin,Russellton,Costa Rica,2024-05-14
C0157,Susan Thompson,North Jeremy,Kazakhstan,2025-06-30
C0158,Rhonda Mitchell,West Keithland,Kuwait,2025-03-14
C0159,Renee Merritt,Robinmouth,Chad,2025-03-28
C0160,Heather Morris,Coxville,Rwanda,2026-02-15
C0161,Lisa Mayer,Turnermouth,Iceland,2025-05-29
C0162,James Tanner,East Bretthaven,Turks and Caicos Islands,2025-12-17
C0163,Reginald Pollard,Gilberthaven,Guyana,2024-05-01
C0164,Marcus Smith,North Kelli,Saint Vincent and the Grenadines,2025-03-27
C0165,Gerald Wilson,Lambertton,British Virgin Islands,2025-10-23
C0166,Scott House,Paulhaven,Spain,2024-05-21
C0167,Michael Ayers,Lake Joel,Philippines,2024-11-05
C0168,David Finley,Adamport,Northern Mariana Islands,2024-03-20
C0169,Nicholas Esparza,Lake Stephanie,Netherlands,2025-05-22
C0170,Lance Carter,Kevinland,Jamaica,2025-05-03
C0171,William Smith,Rodneystad,Bangladesh,2026-01-03
C0172,Mrs. Michelle Mccoy,Port Angela,North Macedonia,2025-02-12
C0173,Lisa Jenkins,Timothyborough,New Caledonia,2024-08-03
C0174,Aimee Craig,South Amberfurt,Nepal,2025-01-22
C0175,Juan Lynch,Maureenfort,Ghana,2024-09-29
C0176,Linda Sanchez,East Michelle,San Marino,2025-09-24
C0177,Mr. Thomas Clark,North Andreview,China,2025-10-28
C0178,Alexandra Harris,Elizabethburgh,Dominican Republic,2025-05-24
C0179,Michael Silva,Port Nicholaston,Marshall Islands,2025-06-06
C0180,Todd Conner,South Michael,Cote d'Ivoire,2026-01-06
C0181,Mr. Tyler Cameron DDS,Port Mary,Marshall Islands,2025-06-05
C0182,Christopher Murphy,Lake Michelle,Guatemala,2025-09-16
C0183,Glen Walton,West Lori,Nepal,2024-08-06
C0184,John Adams,Madisonville,Mauritius,2025-09-15
C0185,Holly Jackson,Cookchester,Romania,2024-11-16
C0186,Joshua Payne,Williamsstad,Costa Rica,2025-09-14
C0187,Andrew Owen,Johnsonland,El Salvador,2025-08-26
C0188,Jeffrey Perry,East Gregoryhaven,Zambia,2024-03-27
C0189,Randy Smith,Downschester,Estonia,2025-05-15
C0190,Kimberly Gonzalez,Thorntonburgh,Czech Republic,2024-04-12
C0191,William Jenkins,Calebmouth,Chad,2025-01-28
C0192,Ashley Garcia,Lake Timothy,Palau,2024-08-03
C0193,Larry Mitchell,North Christopherbury,Poland,2025-11-07
C0194,Lisa Reynolds,Jenniferhaven,Bermuda,2025-06-24
C0195,Megan Rojas,Dylanfort,Italy,2025-07-24
C0196,Tracy Wilson,Brianmouth,Yemen,2026-01-26
C0197,David Green,New Lisa,Tokelau,2025-05-05
C0198,Stephanie Larson,South Colleen,Turkey,2025-11-01
C0199,Leah Bowman,East Brookeside,Netherlands Antilles,2024-04-01
C0200,Nathan Sims,Port James,Jersey,2024-08-19
C0201,Jonathan Vaughan,New Jerrymouth,Niger,2025-05-08
C0202,Crystal Johnson,East Andrea,Guinea-Bissau,2024-06-12
C0203,Joseph Campbell,Sharonmouth,Gibraltar,2024-09-07
C0204,Andrea Garcia,Lake Katherine,Guyana,2026-01-16
C0205,Levi Montes,West Adam,Chile,2024-11-05
C0206,Penny Osborne,Kevinborough,United States Virgin Islands,2026-01-16
C0207,Sarah Miller,Paynehaven,United States Minor Outlying Islands,2026-02-13
C0208,Taylor Henderson,Port Stephenborough,Seychelles,2024-05-25
C0209,Anna Larson,New Emilyhaven,Nigeria,2025-11-19
C0210,Pamela Boyle,Gonzalezbury,Antarctica (the territory South of 60 deg S),2024-06-24
C0211,Robert Shea,Port Matthew,Saint Lucia,2024-10-21
C0212,Elizabeth Calderon,Port Steven,France,2025-01-21
C0213,Chelsea Lynch,Kellerville,Martinique,2024-11-26
C0214,Heather Nguyen,West Tamaratown,Slovenia,2024-07-12
C0215,Luis Carson,West Donald,Libyan Arab Jamahiriya,2025-01-25
C0216,Nicole Brown,Burnston,Greenland,2024-11-15
C0217,Melissa Gordon,Cynthiamouth,Andorra,2025-10-10
C0218,Deborah Williams,Sandraburgh,Saint Helena,2025-10-28
C0219,Veronica Clark,Lake Micheal,United Arab Emirates,2025-06-16
C0220,Michelle Adams,Kevinville,Micronesia,2024-09-21
C0221,Rick Young,West Dustin,Belarus,2024-07-08
C0222,Jessica Gonzalez,Sarahburgh,Malaysia,2024-05-03
C0223,Kathryn Odonnell,Johnsonland,Saint Pierre and Miquelon,2024-12-07
C0224,Desiree Harris,South Madisonmouth,Venezuela,2026-02-20
C0225,Melanie Orozco,Lake Erica,Saint Lucia,2025-02-25
C0226,Robert Jackson,Mccannfort,Micronesia,2025-03-11
C0227,Gina Harris,South Jessicaburgh,Madagascar,2025-12-05
C0228,Michael Alvarez,Lake Jasonfort,Tokelau,2025-12-17
C0229,Suzanne White,West Vincent,Paraguay,2025-12-28
C0230,Natasha Vasquez,South Diana,Netherlands,2024-09-17
C0231,Roy Campbell,Lake Bradley,Mexico,2025-09-18
C0232,Eugene Wells,Nathanberg,Anguilla,2024-06-26
C0233,James Miller,Port Alexisshire,Greece,2025-10-15
C0234,Jillian Walker,Joneshaven,Denmark,2025-04-14
C0235,Melody Jimenez,North Christineview,Cook Islands,2026-01-28
C0236,Christian Barker,New Anthonybury,Portugal,2026-02-07
C0237,Mary Johnson,Roberthaven,Mali,2025-08-05
C0238,Douglas Johnson,Lake Cassandrachester,Saint Lucia,2024-10-16
C0239,Stephen Bates,Williamshaven,Mauritius,2024-08-07
C0240,Elizabeth Walsh,North Caitlinmouth,Serbia,2024-09-22
C0241,Shane Sullivan,Mcmahonville,Antigua and Barbuda,2025-01-26
C0242,Bailey Dixon,Rodriguezchester,Northern Mariana Islands,2024-05-29
C0243,Courtney Archer,North Colleenview,Sri Lanka,2025-09-16
C0244,Joshua Rivas,West Russellville,Central African Republic,2025-12-12
C0245,Laura Ferguson,South Amybury,Botswana,2024-11-06
C0246,Jeffrey Knight,Carlosview,Cameroon,2025-01-14
C0247,Robin Holmes,Kimberlyfurt,Netherlands,2025-04-05
C0248,Megan Martin,East Courtney,Reunion,2026-02-11
C0249,Jennifer Griffin,Davidfort,San Marino,2026-03-03
C0250,George Williams,New Lisamouth,Congo,2025-05-13
C0251,Bridget Munoz,North Ericburgh,Niger,2026-03-04
C0252,Larry Davila,Grossburgh,South Africa,2025-07-17
C0253,Gary Vargas,Lake Tonya,Burkina Faso,2025-07-20
C0254,Elizabeth Calderon,Vargasview,Denmark,2024-12-07
C0255,Diane Freeman,Brooksfort,Saint Martin,2025-10-19
C0256,Marissa Rivera,Nicholasmouth,Grenada,2024-08-15
C0257,Shawn Harris,Smithmouth,Lesotho,2025-01-18
C0258,Ryan Joseph,Lake Nathanielstad,Egypt,2024-05-13
C0259,Monica Boyd,New Sophiatown,Guadeloupe,2025-08-24
C0260,Brian Villegas,Bobfurt,Eritrea,2024-04-01
C0261,Deanna Rogers,Rosarioshire,Turkey,2026-01-12
C0262,Elizabeth Miller,North Nicholeside,Netherlands Antilles,2025-02-08
C0263,Eric Conley,Riveraburgh,Saint Vincent and the Grenadines,2024-09-16
C0264,Tiffany Reed,Connorview,Panama,2025-12-29
C0265,Matthew Carter,North Alexisview,Cote d'Ivoire,2025-03-29
C0266,Matthew Adkins,North Brittany,Fiji,2025-04-19
C0267,Thomas Carpenter,Brianbury,Slovakia (Slovak Republic),2025-04-05
C0268,Willie Phillips,East Micheleland,Burundi,2025-05-17
C0269,Scott Lopez,Lake Erinchester,Saint Vincent and the Grenadines,2025-03-17
C0270,Christopher Rivera,East Jacob,Belgium,2024-11-02
C0271,Alex Hansen,Port Kimberly,Costa Rica,2025-01-25
C0272,Christopher Moyer,Kellyburgh,Kenya,2025-06-03
C0273,Zoe Hayes,West Alex,Australia,2024-10-05
C0274,Brian Reed,East Caitlin,Guinea-Bissau,2024-04-17
C0275,Alexander Robinson DDS,Williamhaven,Thailand,2025-11-07
C0276,Christopher Carpenter,Blevinsmouth,Mali,2024-12-04
C0277,Darryl Ray,Port Ronaldmouth,Tunisia,2025-12-08
C0278,Jacob Brewer,Parkerborough,United States of America,2024-10-03
C0279,Timothy White,Jorgeview,Barbados,2024-11-30
C0280,Alicia Murphy,North Jimmy,Somalia,2026-03-01
C0281,Aaron David,Herreramouth,Netherlands Antilles,2024-11-22
C0282,Alexis Murphy,Seanchester,United Kingdom,2024-07-01
C0283,Gregory Hall,Frederickland,Norway,2025-01-02
C0284,Robert Cardenas,Lake Danielport,Albania,2024-12-26
C0285,Jeffrey White,Port Steven,Tajikistan,2025-12-14
C0286,Alan Rubio,Rebeccafort,Aruba,2025-01-21
C0287,Leah Perry,South Ericport,Saint Barthelemy,2024-11-13
C0288,Amanda Hoover,Brownbury,Liechtenstein,2024-10-18
C0289,Robert Mclaughlin,Johnsonland,Yemen,2025-09-18
C0290,Robert Pugh,Davishaven,Korea,2026-02-28
C0291,Timothy Conway,West Kristy,India,2025-03-20
C0292,Chase Davis,Smithhaven,Bahrain,2025-12-17
C0293,Jesse Adams,Jorgefort,Ghana,2024-06-04
C0294,Ryan Espinoza,South Samantha,Burundi,2024-04-15
C0295,Mr. Kyle Gonzalez,North Eileen,Brazil,2025-05-21
C0296,Kendra Salinas,Candacehaven,Luxembourg,2025-10-03
C0297,Donna Kennedy,Reynoldsmouth,Iraq,2024-07-21
C0298,Sarah Santiago,South Melissa,Saint Pierre and Miquelon,2024-12-02
C0299,Matthew Garcia,Mcdonaldton,Gabon,2024-10-02
C0300,David Cooper,North Christiefurt,Qatar,2025-09-06
C0301,Shannon Wise,West Ricardo,Somalia,2025-01-09
C0302,Jessica Bishop,South Adam,Bosnia and Herzegovina,2025-03-03
C0303,Kelsey Conley,Ortizland,Bahrain,2025-06-21
C0304,Mark Phelps MD,Chavezborough,Greenland,2024-05-16
C0305,Amber Holland,Davisview,Morocco,2024-04-20
C0306,Leah Bradshaw,Evanston,Algeria,2024-05-19
C0307,Henry Hall,New Christopher,Djibouti,2026-01-02
C0308,Cheryl Hall,Lake Charlesmouth,Mongolia,2025-08-17
C0309,Christopher Medina,Jimchester,Dominica,2025-09-26
C0310,Carmen Villarreal,West Angela,India,2024-03-23
C0311,Alexis Cruz,Greenemouth,Korea,2024-11-14
C0312,Michael Martinez,East Kathryn,French Guiana,2025-02-20
C0313,Megan Butler,West Richard,France,2024-05-14
C0314,Charlotte Hill,Bryantton,Canada,2025-02-04
C0315,Joe Lynch,West Sarah,Finland,2024-08-16
C0316,Bailey Hicks,Suarezport,Belarus,2025-03-22
C0317,Nicole Stewart,West Jessica,Dominican Republic,2026-01-09
C0318,George Carlson,Michealville,Burkina Faso,2024-05-30
C0319,Brian Lopez,South Jameston,Cuba,2024-08-29
C0320,Nicole Miles,West Karenmouth,Faroe Islands,2025-04-10
C0321,Rachel Huynh,Lake Stephen,Switzerland,2025-05-22
C0322,Mark Lucas,Port Michaelstad,Barbados,2026-02-12
C0323,Connie Wright,North Kathryn,Seychelles,2024-09-29
C0324,Dylan Lane,Kimberlyview,Benin,2024-07-23
C0325,Kevin Wilson,South Amyfort,Uruguay,2025-04-21
C0326,Laura Welch,Wendyview,Israel,2024-11-16
C0327,Kristie Yates,Kathleenport,Tanzania,2025-03-23
C0328,Raymond Arnold,East Jennifer,Uganda,2025-11-09
C0329,Justin Burton,Deckerborough,Central African Republic,2024-03-23
C0330,Sarah Barr,East Andreashire,Malta,2024-05-23
C0331,Wendy Thomas,Deborahshire,Wallis and Futuna,2024-08-19
C0332,Robert Brewer,Wongtown,North Macedonia,2025-01-30
C0333,Kenneth Villarreal,Watsonburgh,Vanuatu,2025-01-31
C0334,Douglas Moore,Miatown,Palau,2025-03-12
C0335,Sara Webster,Westhaven,Saudi Arabia,2024-05-15
C0336,Madison Gray,Singhmouth,South Africa,2024-05-20
C0337,Benjamin Johnson,Veronicachester,Mauritius,2025-01-28
C0338,Ana David,Hermanshire,Afghanistan,2025-04-24
C0339,Heidi Brown,Tammyborough,Saint Helena,2025-01-28
C0340,Trevor Wang,Port Donald,Turks and Caicos Islands,2024-10-29
C0341,Lindsay Carpenter,New Billborough,India,2025-06-10
C0342,Nicole Ayala,East James,Lebanon,2024-10-08
C0343,Katelyn Clark,New Rita,Grenada,2025-12-25
C0344,Christine Davis,Lake Robertport,Grenada,2025-10-07
C0345,Austin Harris,West Madeline,Mauritius,2025-08-07
C0346,Janet Sharp,West Matthew,Senegal,2025-11-30
C0347,Lisa Daniels,Miaborough,El Salvador,2024-08-01
C0348,Devin Drake,West Mollymouth,Mali,2024-06-05
C0349,Penny Carroll MD,East Michael,El Salvador,2024-07-28
C0350,Molly Brooks,Ashleyshire,Kenya,2025-10-22
C0351,Thomas Robinson,Lake Jamesport,American Samoa,2024-08-25
C0352,Randy Kennedy,South Thomas,Antigua and Barbuda,2025-03-27
C0353,Denise Lee,Port Mitchell,Botswana,2024-06-23
C0354,Tony Logan,Cookhaven,Jamaica,2025-02-25
C0355,Connor King,South William,Holy See (Vatican City State),2025-08-17
C0356,Sara Cantu DDS,Mackenzieview,Kenya,2025-11-03
C0357,Linda Cook,Jessicachester,Algeria,2026-01-03
C0358,Lisa Kim,Christopherstad,Hungary,2024-06-21
C0359,Jennifer Keith,South Amberburgh,United States Virgin Islands,2024-06-20
C0360,Rachel Buchanan,Lake Sherri,Cyprus,2026-01-26
C0361,Lauren Savage,Port Stephanie,North Macedonia,2024-08-29
C0362,Heather Gibson,North Brandonland,Lebanon,2025-06-29
C0363,Samuel Rivera,Kimberlyhaven,Bangladesh,2024-11-02
C0364,Samuel Ryan,Yvetteside,Vanuatu,2024-04-11
C0365,Adrian Johns,New Annaland,Dominican Republic,2025-11-27
C0366,Jacqueline Jones,East Kennethberg,United States Minor Outlying Islands,2025-07-13
C0367,Michael Vasquez,Wellsberg,Austria,2025-04-12
C0368,Mitchell Owens,Jonesbury,Tonga,2026-03-06
C0369,Eric Mendoza,Susanside,Switzerland,2026-01-27
C0370,Jonathan Rodriguez,North Tiffany,Turks and Caicos Islands,2025-05-26
C0371,Brittney Khan,Lake Daniel,Uganda,2025-07-12
C0372,Michelle Mathews,Smithbury,Eritrea,2024-10-15
C0373,Eric Knight,North Andrew,Barbados,2025-11-27
C0374,Kimberly Baker,Stephenfort,Croatia,2025-08-27
C0375,Donald Ortega,West Tammy,Heard Island and McDonald Islands,2025-09-07
C0376,Steven Harrell,Jessicaberg,Poland,2024-12-25
C0377,Kristin Green,New Marthamouth,Congo,2025-12-09
C0378,Robert Oneill,Spencershire,Bhutan,2025-05-05
C0379,Connor Franklin,Richardmouth,Tunisia,2025-08-18
C0380,Phillip Dunn,Burkeside,Ukraine,2025-06-22
C0381,Robin Abbott,North Danielletown,Chile,2024-05-02
C0382,Andrew Johnson,East Thomas,Monaco,2025-01-29
C0383,Justin Taylor,Laurenport,Djibouti,2025-04-22
C0384,Matthew Hardy,Lake Mirandabury,Armenia,2025-10-02
C0385,Timothy Hall,Port Charlesberg,Lebanon,2025-10-09
C0386,Victoria Parker,Port Michelleborough,Suriname,2025-08-02
C0387,Emily Hoover,Wileymouth,South Africa,2025-01-30
C0388,Javier Johnson,Ryanbury,Portugal,2025-10-23
C0389,Troy Stevens,Lake Joshua,Algeria,2025-09-09
C0390,Ryan Taylor,Port Amandamouth,Burundi,2025-11-30
C0391,Angie Quinn,Stanleyview,Madagascar,2025-07-02
C0392,Donald Maynard,Palmerport,United States Virgin Islands,2024-12-17
C0393,Hannah Sweeney,Phillipsmouth,Afghanistan,2024-12-04
C0394,Courtney Reese,North Sara,Anguilla,2024-05-17
C0395,Miguel Johnson,Kellyfurt,Japan,2024-10-29
C0396,Todd Shah,South Kimbury,Australia,2025-02-24
C0397,Krista Johnson,Ryanmouth,Ecuador,2024-05-04
C0398,Nathan Caldwell,Benjaminfort,Wallis and Futuna,2025-10-22
C0399,Christy Baker,Laurenbury,Saint Helena,2025-04-10
C0400,Margaret Huerta,Juliefurt,Lebanon,2025-10-16
C0401,Heather Wilson,Port Drewstad,Hungary,2025-10-06
C0402,Joseph Thomas,Clarkberg,Marshall Islands,2025-05-02
C0403,Erik Collins,Amberchester,Russian Federation,2025-04-22
C0404,Randy Bradshaw,East Dawn,France,2024-09-05
C0405,Steven Reynolds,Priceview,Japan,2024-10-25
C0406,Patrick Wilkinson,Port Angelica,South Georgia and the South Sandwich Islands,2024-09-12
C0407,Sarah Peterson,Robertsmouth,Mali,2025-06-23
C0408,Debbie Green,North Meganland,Taiwan,2026-01-26
C0409,Kristina Burns,Watsontown,Mozambique,2025-11-18
C0410,Ebony Morgan,Robertside,Nicaragua,2024-06-11
C0411,Edward Arnold,Solisport,Lebanon,2024-12-10
C0412,Jeffrey Rogers,Hintonview,Kenya,2024-08-11
C0413,Edward Flowers II,North Joseph,Eritrea,2024-04-24
C0414,Melissa Singh,Clarkbury,Rwanda,2024-07-10
C0415,Elizabeth Rodriguez,Lake Brittany,Svalbard & Jan Mayen Islands,2024-04-06
C0416,Jennifer Hughes,South Micheleton,Thailand,2024-11-17
C0417,Matthew Gilbert,Kylehaven,Montenegro,2025-04-18
C0418,Stacey Willis,Johnchester,Burkina Faso,2026-02-15
C0419,Carol Lewis,Lake Calebberg,Panama,2024-03-10
C0420,Diane Skinner,Burtonburgh,Ukraine,2026-03-04
C0421,Hailey Gutierrez,Brooksstad,Equatorial Guinea,2026-02-18
C0422,Brent Johnson,Bartlettfurt,North Macedonia,2025-05-17
C0423,Sarah Shah,Port Latasha,Gabon,2024-08-27
C0424,Amy Beasley,Lake Diane,Mozambique,2025-09-09
C0425,Austin Rodriguez,Justinport,Kyrgyz Republic,2026-02-11
C0426,Adam Vaughn,Johnnystad,Iceland,2024-06-26
C0427,Russell Garrett,Lake Kennethchester,Germany,2025-02-26
C0428,John Kelly MD,North Emilymouth,Guinea,2025-12-28
C0429,Rebecca Reid,Brownfurt,North Macedonia,2025-06-28
C0430,Oscar Johnson,New Jasmineton,Korea,2025-07-04
C0431,Brittany Cain,Flemingburgh,Croatia,2026-02-16
C0432,Julie Fitzgerald,Smithstad,Myanmar,2024-08-22
C0433,Kimberly Blackwell,Jessicaberg,Armenia,2024-08-02
C0434,Shawn Flores,Longfurt,United States of America,2025-07-14
C0435,David Bowen,Sanchezmouth,Macao,2026-01-18
C0436,Rachel Butler,Meaganview,Cambodia,2025-03-13
C0437,Guy Parker,Danielleshire,Mozambique,2026-02-03
C0438,Natasha Mccann,Joshuaview,Ethiopia,2024-04-06
C0439,Maureen Vazquez,New Raymond,Mali,2025-12-05
C0440,Megan May,Port Dannyfort,Croatia,2026-01-01
C0441,Robert Carr,East Kimberly,Ethiopia,2025-08-27
C0442,Andrew Velazquez,West Jessica,Falkland Islands (Malvinas),2024-05-26
C0443,Kimberly Torres,Mccannton,Iran,2024-10-08
C0444,Kimberly Warner,Mariahaven,Afghanistan,2024-04-23
C0445,Derek Smith,Chadview,Jordan,2025-05-15
C0446,Randy Owens,Port Jamie,Tuvalu,2026-02-25
C0447,Holly Baker,Trevorview,Saint Kitts and Nevis,2024-11-10
C0448,Dustin Morales,Stewartstad,Cape Verde,2025-11-27
C0449,Joshua Perkins,West Jasonburgh,Belarus,2026-03-09
C0450,Robert Garcia,Josephport,Central African Republic,2025-08-31
C0451,Brenda Ramsey,South Malik,Ireland,2024-06-14
C0452,Gregory Lewis,Port Anthony,Madagascar,2025-04-18
C0453,John Lowe,Colemanville,Kiribati,2025-12-21
C0454,Stacey Davis,New Jennifer,Ukraine,2025-07-28
C0455,Cynthia Elliott,New Gina,Guadeloupe,2025-01-08
C0456,Christina Griffith,East Edward,Australia,2025-07-27
C0457,Eric Kelly,Hillview,Gabon,2025-04-19
C0458,William Rogers,North Codyton,Belize,2025-07-21
C0459,Elizabeth Estes,Perezport,Wallis and Futuna,2024-05-05
C0460,Jeffrey Sanchez,Washingtonbury,Montenegro,2025-02-22
C0461,Barbara Allen,South Catherinefurt,Nauru,2024-10-24
C0462,Amy Cook,South Michael,Germany,2025-05-01
C0463,Michael Andrews,Micheletown,French Guiana,2025-01-10
C0464,Rebekah Gonzalez,East Peter,Madagascar,2025-11-29
C0465,Laurie Lee,New Edward,Saint Vincent and the Grenadines,2024-12-15
C0466,Terrance Kirk,North Joyceburgh,Slovenia,2024-08-03
C0467,Donald Frederick,South Brandon,Cocos (Keeling) Islands,2024-10-20
C0468,Jordan Mccarty,West Valerieport,Cuba,2025-08-29
C0469,Marc Herrera,West Adamberg,Israel,2025-01-09
C0470,Rachel Robinson,Lake Anthony,Latvia,2024-06-03
C0471,Melissa Chan,New Justin,Vanuatu,2025-11-12
C0472,Cheryl Miller,New Susanmouth,Timor-Leste,2026-01-11
C0473,Michael Campbell,Lake Christopher,Zambia,2025-04-12
C0474,Mrs. Sheila Morris,New Jenniferbury,Nigeria,2024-06-20
C0475,Karla Thompson,North Thomasside,Malaysia,2025-09-09
C0476,Kirsten Medina,Port Cory,Cook Islands,2024-08-31
C0477,Manuel Lynch,Maryhaven,Solomon Islands,2025-08-03
C0478,Joseph Rodriguez,Danielmouth,Isle of Man,2026-02-11
C0479,Bryce Johnson,Hamiltonhaven,Cambodia,2025-12-07
C0480,Tammy Hood,Jenniferfurt,Qatar,2026-02-08
C0481,Kylie Jones,Walkerville,Finland,2024-03-31
C0482,Matthew Stein,Meredithstad,French Polynesia,2026-02-14
C0483,James Hall,Port Steven,Equatorial Guinea,2024-08-06
C0484,Andrew Mcfarland,South Garybury,El Salvador,2026-02-10
C0485,Mrs. Hannah Garcia,Susantown,Portugal,2025-03-30
C0486,Jennifer Garcia,East Danielmouth,Chad,2024-11-05
C0487,Nicole Strickland,East Elizabethport,Korea,2024-06-11
C0488,Zachary Fernandez,Lake Nathan,Cook Islands,2025-07-14
C0489,Ian Chase,Valeriebury,United States of America,2025-03-21
C0490,Joshua Perez,Diazbury,British Indian Ocean Territory (Chagos Archipelago),2025-07-03
C0491,Timothy Dalton,Jackfurt,Korea,2025-08-01
C0492,Catherine Hamilton,Mckeeberg,El Salvador,2024-10-29
C0493,Frank Hill,Port Jacobport,Lithuania,2025-03-18
C0494,Matthew Rodriguez,Jeffreyton,Iran,2025-02-28
C0495,Mrs. Catherine Gibson,Westview,Portugal,2025-09-29
C0496,Anita Williams,Salazarview,South Africa,2024-05-23
C0497,William Spencer,Port Summerberg,Fiji,2024-05-15
C0498,Patricia Chavez,Garciaton,Wallis and Futuna,2024-09-29
C0499,Nicole Gonzalez,Allenmouth,Djibouti,2026-02-13
C0500,Amber Cooper,Lake Sally,Saint Lucia,2025-12-11
C0501,Timothy Santos,Robertsonland,Honduras,2025-06-09
C0502,Maria Black,Michaelmouth,United States of America,2025-08-31
C0503,Adam Massey,Joshuaberg,Hong Kong,2025-12-22
C0504,Susan Bowman,Youngview,Mali,2024-10-13
C0505,Danny Ramirez,South Matthewhaven,Romania,2025-01-19
C0506,Troy Mcconnell,New Thomas,Taiwan,2025-04-04
C0507,Robert Garner,New Jacquelinehaven,Saint Kitts and Nevis,2024-08-19
C0508,Brooke Allen,Toddtown,Bulgaria,2024-11-14
C0509,Julie Summers,Audreytown,Uruguay,2025-12-11
C0510,Susan Gomez,North Alexandermouth,Azerbaijan,2025-02-07
C0511,Jennifer Martinez,Jasmineton,Saint Kitts and Nevis,2024-04-30
C0512,Stephanie Lambert,North Debrahaven,Brazil,2025-03-02
C0513,Aaron Brown,North Shelley,Tunisia,2025-06-14
C0514,Austin Wright,Lake Allisonstad,Guam,2024-05-09
C0515,Tonya Santiago,North Becky,Cuba,2025-06-26
C0516,Jessica Hall,West Hollyborough,Guinea,2025-01-28
C0517,Dr. Andrew Macdonald,West Richard,New Zealand,2025-07-24
C0518,Jeffrey Benson,Shermantown,Antarctica (the territory South of 60 deg S),2025-01-19
C0519,Katherine Johnson,Charlesfort,Cape Verde,2026-01-01
C0520,Mary Price,Jorgeborough,Bolivia,2024-07-20
C0521,Patricia Moreno,Anthonyfurt,Suriname,2025-11-01
C0522,Andrew Parrish,Brandonside,Chad,2024-04-10
C0523,Gregory Smith,West Christopher,Syrian Arab Republic,2025-06-15
C0524,Anna Simmons,Fieldstown,Azerbaijan,2025-09-28
C0525,Karl Delgado,New Carlosmouth,United States Minor Outlying Islands,2024-04-14
C0526,Thomas Hammond,East Aprilside,Turks and Caicos Islands,2025-03-19
C0527,Dale Lloyd,Roberthaven,Djibouti,2025-12-26
C0528,Paul Harris,Bradfordland,Holy See (Vatican City State),2024-07-24
C0529,Bailey Bowers,East Kendraville,Bosnia and Herzegovina,2025-03-19
C0530,Dean Harrison,West Roberttown,Vanuatu,2025-12-08
C0531,Kelly Roberts,Lake Todd,Egypt,2024-11-19
C0532,Brandi Anderson,Port Alexandrastad,Turkey,2025-04-09
C0533,Morgan Payne,Chantown,Comoros,2025-12-16
C0534,Jacqueline Cox,South Ronaldtown,Bulgaria,2024-10-06
C0535,Andrew White,East Francisfort,Denmark,2025-09-16
C0536,Heather Russo,Kathleentown,Tokelau,2025-02-20
C0537,Michael Anderson,Leahshire,Pakistan,2024-04-22
C0538,Nicole Dorsey,Davidside,Estonia,2024-05-11
C0539,Gregory Edwards,Jeffreyfurt,Latvia,2024-04-18
C0540,Eddie Ewing,Alexshire,Madagascar,2025-02-27
C0541,Jordan Lucas,Dawnbury,Panama,2025-11-03
C0542,Richard Hampton,Lake Kimberlyburgh,Timor-Leste,2025-05-04
C0543,Renee Gonzales,Lake Kimberly,France,2025-09-04
C0544,Betty Terry,Wesleyfort,Guam,2024-12-19
C0545,Michelle Spencer,East Angelaburgh,Korea,2025-04-09
C0546,Joseph Johnson,Nathanielchester,Algeria,2025-04-26
C0547,Jason Miller,New Amandaborough,Maldives,2024-09-10
C0548,Jeremiah Pierce,South Erinfurt,Angola,2025-09-25
C0549,Erin Miller,Porterville,Comoros,2025-06-21
C0550,Madison Jones,New Samuel,Suriname,2024-10-08
C0551,David Green,South Brandonhaven,Northern Mariana Islands,2025-02-06
C0552,Heather Curtis,Martinshire,Bouvet Island (Bouvetoya),2025-06-20
C0553,Elizabeth Bennett,New Laurenshire,Albania,2025-12-06
C0554,Deborah Davidson,North Melinda,Equatorial Guinea,2025-11-10
C0555,Meredith Herrera,South Justin,United States of America,2025-02-02
C0556,Michael Johnson,Mirandamouth,Sao Tome and Principe,2024-12-06
C0557,David Kelley,Jamesfort,Zimbabwe,2025-09-11
C0558,April Garcia,New Stephanietown,Palestinian Territory,2024-10-04
C0559,Kelly Espinoza,Lake Scottland,Niger,2024-06-02
C0560,Keith James,Lake Veronica,Mauritius,2024-05-04
C0561,Larry Knox,East Dustinside,Somalia,2025-04-08
C0562,Aaron Sheppard,Lake Troy,Bahamas,2024-08-12
C0563,Debra Torres,Johnsonland,Rwanda,2026-03-07
C0564,Carlos Foster,Sandersville,Aruba,2025-07-03
C0565,Joshua Moore,South Tony,Sri Lanka,2025-07-03
C0566,Elizabeth Wells,Brightland,Timor-Leste,2025-10-31
C0567,Deanna Patel DDS,Dawnfort,Malta,2025-01-21
C0568,Todd Sellers,Port Katrinaside,Andorra,2025-11-30
C0569,Eugene Montgomery,New Erin,Rwanda,2025-10-31
C0570,Terri Duffy,Dawnfurt,Malta,2025-10-05
C0571,Susan Robbins,South Christopher,Mongolia,2024-08-09
C0572,Luke Bowman,Shawnhaven,Timor-Leste,2024-04-14
C0573,Carrie Fleming,Morrisonbury,Nicaragua,2025-08-13
C0574,Dustin Johnson,Paulberg,Mali,2024-04-21
C0575,David Owens,Port Calebstad,Tanzania,2024-08-08
C0576,Donald Jackson,Anitatown,British Virgin Islands,2025-07-15
C0577,Stephanie Elliott,Odonnellfort,Micronesia,2024-07-20
C0578,Michelle Vang,New Amy,Nepal,2024-11-21
C0579,Joseph Lewis,East Kristinaberg,Australia,2025-09-25
C0580,Matthew Ibarra,Lake Davidton,Kiribati,2025-03-18
C0581,Amy Warren,Beckyview,Reunion,2024-12-19
C0582,Laurie Johnson,Port Timothyville,Nepal,2025-12-03
C0583,Chad Fletcher,Lake Danielleborough,Benin,2025-05-20
C0584,Rebecca Murphy,Michaelburgh,Trinidad and Tobago,2025-01-02
C0585,Mark Morgan,Zacharyhaven,Wallis and Futuna,2025-04-18
C0586,David Thomas,Taraberg,Argentina,2025-02-08
C0587,Robin Snyder,North David,Qatar,2024-11-13
C0588,Bryan Johnson,Nunezfort,American Samoa,2024-07-09
C0589,Daniel Charles,West Matthewchester,Portugal,2024-05-28
C0590,Debra Waters,East Jamesport,Greece,2025-08-14
C0591,David Black,Port Jameshaven,Iraq,2024-03-23
C0592,Paul Benjamin,Henryhaven,Namibia,2026-01-24
C0593,Jerry Carter,Port Stephen,Guam,2024-08-16
C0594,Megan Hernandez,West Tracystad,Haiti,2024-11-07
C0595,Christopher Klein,North Sandra,Ireland,2025-09-01
C0596,Mr. Christopher Reynolds,Kathyland,San Marino,2024-07-28
C0597,David Walker,Chenborough,Guernsey,2024-08-11
C0598,James Evans,Mercadomouth,Togo,2025-09-26
C0599,Gregory Quinn,West Brandonland,Saudi Arabia,2024-09-12
C0600,Jean Adams,Rodriguezborough,Argentina,2024-10-05
C0601,Cynthia Davidson,Austinshire,North Macedonia,2026-02-25
C0602,Lisa Poole,West Harold,Ireland,2026-02-09
C0603,Christina Nelson,South John,Ethiopia,2025-01-31
C0604,Theresa Nelson,Jacquelinetown,Bahrain,2024-09-04
C0605,Mary Garcia,South Shane,Dominican Republic,2025-09-21
C0606,Norma Johnston,Reyesfort,Kyrgyz Republic,2025-12-24
C0607,Melanie Rice,Whitakerfurt,Cyprus,2025-12-16
C0608,Samuel Anderson,Robertstad,Burkina Faso,2024-07-01
C0609,Sharon Mendez DDS,Rebeccamouth,Tuvalu,2024-04-28
C0610,Hector Smith,East Julia,Equatorial Guinea,2026-02-04
C0611,Stephen Johnson,North Donna,Solomon Islands,2025-07-05
C0612,Antonio Schneider,South Sheilaville,Isle of Man,2024-05-13
C0613,Heather Gutierrez,Port Lawrencestad,Ecuador,2024-03-26
C0614,Tina Park,Lake Alexview,Equatorial Guinea,2025-01-07
C0615,Shannon Williams,North Robert,Tokelau,2025-04-15
C0616,Edwin Osborn,Jayview,Canada,2025-03-09
C0617,Catherine White,North Holly,Antarctica (the territory South of 60 deg S),2025-08-03
C0618,Danielle White,Cardenasland,South Georgia and the South Sandwich Islands,2025-12-27
C0619,Logan Miranda,Hawkinsland,Timor-Leste,2024-09-25
C0620,Brandon Jenkins,Port Robertborough,Tanzania,2026-01-15
C0621,Abigail Lawrence,East Jeffrey,Gibraltar,2025-05-13
C0622,Mary Peck,New Davidhaven,Somalia,2024-08-03
C0623,Richard Stewart,West Christophertown,Venezuela,2024-04-12
C0624,Emily Bass,South Jeffreyberg,Italy,2025-12-09
C0625,Dawn Bowers,Sarahside,Isle of Man,2024-03-31
C0626,Kathleen Benson,Lake Michaelshire,Russian Federation,2025-10-04
C0627,Daniel Williams,New Stevenview,Nigeria,2025-10-07
C0628,Aaron Frost,Williamland,United States Minor Outlying Islands,2025-04-25
C0629,Shaun King,New Cynthiaton,Iceland,2024-11-05
C0630,Jessica Rosales,Joshuamouth,United States Virgin Islands,2024-03-19
C0631,Susan White,Andersonmouth,Congo,2025-08-31
C0632,Lindsay Miller,New Rubenburgh,Uganda,2025-03-01
C0633,Nancy Miller,New Steven,Montenegro,2024-08-19
C0634,Lauren Miller,Edwardton,Pitcairn Islands,2024-03-23
C0635,Rodney Lynn,Lake Kellyton,San Marino,2024-04-11
C0636,Joseph Santos,Connieside,Guinea-Bissau,2024-08-16
C0637,Debra Simpson,Andrewton,Montenegro,2024-04-04
C0638,Victoria Hernandez,South Kevinport,Korea,2025-09-06
C0639,Terry Downs,South Melanieshire,Bhutan,2025-06-19
C0640,Jason Mayo,Padillaville,Cameroon,2026-02-03
C0641,Victoria Perez,Townsendberg,Cambodia,2024-12-29
C0642,Colleen Arnold,New Eric,Angola,2024-04-01
C0643,Shawn Rivera,Elizabethside,Martinique,2024-10-05
C0644,Jaime Allen,South Peter,French Southern Territories,2024-03-14
C0645,Scott Warren,Jacksonburgh,Estonia,2024-04-20
C0646,Darren Welch,New Tiffanyberg,Germany,2025-01-30
C0647,Lisa Byrd,North Daniellefort,Sudan,2025-08-15
C0648,Mark Fowler,New Stephaniefort,Micronesia,2024-04-04
C0649,Lauren Conner,South Ryan,Grenada,2024-09-24
C0650,Robert Brown,West Jameshaven,Swaziland,2024-07-14
C0651,Tony Miller,Rowefurt,Liberia,2024-05-27
C0652,Latoya Chavez,Cabreramouth,Angola,2024-09-18
C0653,Wendy Stewart,Anthonybury,Eritrea,2024-05-14
C0654,Aaron Brady,West Kyle,Gabon,2026-02-20
C0655,Louis Coleman,Parkchester,Isle of Man,2025-04-19
C0656,Brian Mason,Port Nicholasside,Isle of Man,2024-10-14
C0657,Julie Carroll,New Christophermouth,Greece,2024-10-01
C0658,Chris Evans,West John,China,2025-02-12
C0659,Yvonne Weaver,New Sean,Faroe Islands,2025-01-30
C0660,Ann Walters,Erintown,Cuba,2024-11-27
C0661,Jesus Collier,Paulaburgh,Trinidad and Tobago,2025-01-13
C0662,Brandon Casey,West Nicholasview,Romania,2025-08-23
C0663,Mark Humphrey,South Chadland,Western Sahara,2024-11-17
C0664,Nicole Hill,Jenniferfurt,Macao,2025-03-31
C0665,Andre Powell,New Brendahaven,Kenya,2024-06-02
C0666,Kayla Warren,Chelseastad,Iceland,2025-03-17
C0667,Emily Brown,Williamsville,France,2025-05-12
C0668,Michael Gonzalez,Taylorland,Cambodia,2025-02-14
C0669,Colleen Perry,Foleyville,Niue,2024-09-09
C0670,Melissa Moore,Palmermouth,Falkland Islands (Malvinas),2024-05-28
C0671,Shawn Chen,Port Justin,Guatemala,2025-02-04
C0672,Joshua Skinner,Davismouth,Egypt,2024-09-12
C0673,Christopher Jensen,South David,Northern Mariana Islands,2025-07-17
C0674,Ronnie Rhodes,Lake Deborah,Australia,2025-08-14
C0675,Steven Fernandez,North Amyland,Saint Pierre and Miquelon,2026-02-21
C0676,Shane Harmon,South Dawnmouth,Marshall Islands,2024-11-01
C0677,Jose Campbell,Isabeltown,Paraguay,2024-12-15
C0678,Katherine Barry,West Zacharyfurt,Australia,2025-06-29
C0679,Jessica Cain,New Alechaven,Congo,2026-01-03
C0680,Megan Contreras,New Spencertown,Christmas Island,2026-03-08
C0681,Sean Payne,Edwardstown,Congo,2026-02-12
C0682,William Pitts,North Paulachester,Vanuatu,2024-11-13
C0683,Robert Turner,Campbellfurt,Saint Barthelemy,2025-09-06
C0684,Nancy Smith,East Jessica,Saint Lucia,2024-05-31
C0685,Thomas Johnson,Youngbury,Monaco,2024-07-16
C0686,Kara Paul,Port Joyce,Nigeria,2024-05-26
C0687,Joseph Wolfe,New Johnchester,Reunion,2025-12-04
C0688,Jerry Shaw,New Michael,Burundi,2025-04-02
C0689,Kevin Mccall,North Jamesfort,Slovakia (Slovak Republic),2025-12-06
C0690,Laura Jenkins,Jonesmouth,Tuvalu,2025-06-22
C0691,Jake Wilson,North Samanthaside,Albania,2024-03-17
C0692,Christopher Caldwell,Pattersonhaven,New Caledonia,2024-12-07
C0693,Justin Carr,North Amyland,Saint Lucia,2025-04-18
C0694,Christopher Nguyen,Brittanyside,Kiribati,2024-06-19
C0695,Alfred Schwartz,New Michael,Jersey,2024-08-11
C0696,Donna Shelton,Laurenview,Korea,2025-07-03
C0697,Danielle Adkins,Stephenmouth,Suriname,2024-06-29
C0698,James Irwin,South Lindsay,Peru,2024-09-19
C0699,Nicholas Ingram,South Nancyborough,Nigeria,2024-12-17
C0700,David Valenzuela,Andrewland,Norfolk Island,2025-04-21
C0701,Anthony Bernard,Ramirezchester,Uruguay,2025-10-21
C0702,James Evans,Simonhaven,Bermuda,2024-12-28
C0703,Aaron Burke,East Ashley,Czech Republic,2024-12-06
C0704,Miguel Petersen,Terrymouth,Mauritius,2026-01-29
C0705,Anthony Smith,New Sharonside,Ghana,2024-07-27
C0706,Stephen Hensley,Lake Sarah,El Salvador,2025-01-11
C0707,Dr. Cory Sanders Jr.,East Nathaniel,Spain,2025-01-17
C0708,Krista Marsh,Johnstad,Haiti,2025-05-04
C0709,William Brown,Alexanderfort,Pitcairn Islands,2024-07-30
C0710,Roy French,Thompsonborough,Canada,2024-09-04
C0711,Benjamin Thomas,Lake Richardton,Sri Lanka,2025-07-25
C0712,Steven Guerrero,New Cameronville,Iran,2025-10-21
C0713,Adriana Lee,North Melissa,Indonesia,2025-12-27
C0714,Johnny Anderson,Angelamouth,Haiti,2026-03-05
C0715,David Davis,Port Ricardo,Switzerland,2025-02-24
C0716,Gary Beard,Dylanport,Egypt,2025-09-20
C0717,Jordan Hernandez,New Tony,Iran,2024-10-02
C0718,Daniel Meyer,Mclaughlinburgh,Northern Mariana Islands,2025-04-23
C0719,James Johnson,South Ashley,Martinique,2024-10-08
C0720,Patrick Cannon,New Sandra,Guam,2025-10-21
C0721,Steven Turner,New Joseph,Falkland Islands (Malvinas),2024-09-24
C0722,Taylor Bell,Levyview,Bahrain,2024-06-22
C0723,Rita Bryant,Smithberg,Cote d'Ivoire,2025-04-07
C0724,Kimberly Hampton,Port Emma,French Polynesia,2026-03-02
C0725,Michelle Flores,Stanleymouth,Bermuda,2024-07-04
C0726,Bruce Arnold,West Juan,Namibia,2025-02-24
C0727,Mary Thompson,New Natalie,Kenya,2025-02-14
C0728,Christopher Schneider,New Miguel,Gabon,2026-01-21
C0729,Isaac Knight,South Jeffreyport,Seychelles,2026-01-02
C0730,James Reyes,South Cynthia,Christmas Island,2024-05-19
C0731,Matthew Cannon,Marychester,Azerbaijan,2025-05-28
C0732,Patricia Green,New Kevinchester,Spain,2025-03-21
C0733,Diane Alvarez,Shelbybury,Monaco,2024-08-17
C0734,Stephanie Long,Daltonhaven,Northern Mariana Islands,2025-12-04
C0735,Michael Scott,Reginaldton,Turkey,2024-09-07
C0736,Derrick Herrera,Mooreport,Kiribati,2024-12-26
C0737,Jonathan Miller,North Michael,San Marino,2024-11-20
C0738,Theresa Ryan,Reidberg,Syrian Arab Republic,2025-10-23
C0739,Rachel Smith,East Ashley,Korea,2025-12-15
C0740,Teresa Park,East John,Madagascar,2024-09-15
C0741,Kathleen Bray,West Lorishire,Latvia,2025-11-16
C0742,Brandon Hernandez,South Barryshire,Yemen,2024-04-06
C0743,David Browning,Josephfurt,Turkmenistan,2025-01-24
C0744,Robert Campbell,Davidfurt,Cook Islands,2025-07-15
C0745,Denise Davis,West Whitneyport,Jamaica,2025-11-09
C0746,Russell Kennedy,Michelleside,Greece,2026-01-15
C0747,Nancy Hardy,New Ruthbury,Libyan Arab Jamahiriya,2024-05-14
C0748,Todd Evans,North Jonathanmouth,Tunisia,2024-05-09
C0749,Austin Chambers,Port Brianachester,Iceland,2025-07-14
C0750,Valerie Mayer,West Ashley,Egypt,2025-08-28
C0751,James Ross,Christopherbury,Romania,2024-07-05
C0752,Christian Bass,Theodoretown,Canada,2025-08-28
C0753,Linda Daniel,Gonzalezfort,Guatemala,2026-01-07
C0754,David Park,South Patriciaville,Andorra,2024-05-24
C0755,Sandra Walker,North Williambury,Cote d'Ivoire,2025-02-12
C0756,Kevin Ellis,West Josephburgh,Panama,2025-06-23
C0757,Donna Roberts,South Adam,Barbados,2024-09-18
C0758,Katrina Fernandez,Sharonfort,Burundi,2025-03-14
C0759,Mitchell Larson,Marcshire,Togo,2026-02-12
C0760,Amanda Hobbs,West Sandratown,Finland,2025-12-06
C0761,Emily Perez,Serranoburgh,Kuwait,2025-11-05
C0762,Jordan Jones,Laurentown,Lesotho,2025-06-14
C0763,Jeff Elliott DDS,New Vincent,Kuwait,2024-09-17
C0764,Sarah Green,West Davidbury,Lesotho,2024-08-18
C0765,Daniel Park,Wagnerstad,Brunei Darussalam,2025-02-21
C0766,Melissa Burns,Zacharyshire,South Georgia and the South Sandwich Islands,2024-09-15
C0767,Duane Porter,Port Stephanieport,Syrian Arab Republic,2024-10-05
C0768,Jennifer Conrad,Port Anneburgh,Liberia,2024-12-14
C0769,James Walton,North Isaac,Croatia,2025-02-13
C0770,Matthew Hernandez,Hughesborough,Equatorial Guinea,2024-10-17
C0771,Karen Morgan,East Barbara,French Polynesia,2025-10-07
C0772,Brian Raymond,West Cameronborough,Argentina,2024-10-14
C0773,Michelle Gonzalez,Ashleytown,Canada,2024-09-01
C0774,Mrs. Brooke Hall,Port Johnberg,Cocos (Keeling) Islands,2024-08-08
C0775,Laura Ortega,Heatherhaven,Argentina,2025-06-07
C0776,Victor Drake,Port Justinshire,Saint Kitts and Nevis,2025-06-14
C0777,Sylvia Rich,Michaelside,Turkmenistan,2024-12-13
C0778,Tracy Rodriguez,Hartton,Heard Island and McDonald Islands,2024-10-31
C0779,Nathan Schultz,South Ashleychester,Czech Republic,2025-07-16
C0780,Arthur Smith,East Brianstad,Syrian Arab Republic,2025-12-18
C0781,Austin Simpson,Mitchellfort,Congo,2024-10-10
C0782,Amanda Manning,North Michaelport,Anguilla,2025-02-03
C0783,Troy Sparks Jr.,Lake William,Cambodia,2025-08-17
C0784,Brad Robinson,Smithhaven,Suriname,2025-05-06
C0785,Anthony Dyer,South Stephanie,France,2024-09-12
C0786,Michelle Mclean,Reneechester,Serbia,2025-08-09
C0787,Patrick Harris,New Lauriestad,Georgia,2024-12-15
C0788,Kristin Romero,East Katherine,Germany,2024-08-10
C0789,Bryan Smith,Meyerbury,Tunisia,2025-09-12
C0790,Jessica Davis,Morganton,Armenia,2025-09-06
C0791,John Gregory,Lewisland,Marshall Islands,2025-04-28
C0792,Matthew Woods,Johnnystad,Egypt,2024-04-12
C0793,Thomas Miller,Brandonchester,China,2025-06-27
C0794,Kevin Smith,Tuckerchester,Iceland,2024-08-22
C0795,Marie Sullivan,Russellstad,Panama,2025-11-27
C0796,Jordan Perkins,Rosebury,Korea,2024-12-10
C0797,Teresa Christensen,Kennethbury,Costa Rica,2025-06-04
C0798,Lisa Gutierrez,Jonesview,Bermuda,2025-09-28
C0799,Donna Wall,Jessicaland,Netherlands,2025-05-26
C0800,Andrew Osborne,Port Anthonyberg,Pitcairn Islands,2025-01-04
C0801,Martin Sexton,Rossbury,Faroe Islands,2024-06-20
C0802,Jordan Cox,Franciscochester,Italy,2024-07-22
C0803,Edwin Henry,Craigchester,Cameroon,2025-11-07
C0804,Amy Henry PhD,Millsland,Mauritius,2025-08-15
C0805,Bradley Norman,Newmanberg,Portugal,2024-06-23
C0806,Heather Carter,West Barbaraberg,Korea,2024-09-16
C0807,Robert Sandoval,Jessicatown,Tuvalu,2025-12-27
C0808,Christopher Dunn,North Jennifer,Argentina,2024-04-07
C0809,Sabrina Wu,Danielmouth,Bulgaria,2025-10-04
C0810,Kathryn Cruz,North Susanland,Liberia,2024-09-10
C0811,Kristy Gallagher,Moorefort,Peru,2026-02-11
C0812,Kristen Obrien,Brianabury,Saint Vincent and the Grenadines,2025-01-20
C0813,Jonathon Larson,Sandratown,Cocos (Keeling) Islands,2025-02-06
C0814,Jerry Taylor,East Donna,Greenland,2025-01-06
C0815,Christian Jones PhD,New Patriciaton,Chad,2024-10-27
C0816,Erin Cowan,Hannastad,Christmas Island,2025-03-01
C0817,Juan Mccormick,Port Jesse,Holy See (Vatican City State),2024-12-30
C0818,Rita Roberts,East Wendy,Switzerland,2025-04-14
C0819,Emily Hoffman,Sullivanmouth,Mali,2026-02-02
C0820,Jennifer Porter,North Nathanielburgh,Latvia,2024-06-28
C0821,Wyatt May,West Devin,Netherlands,2025-04-10
C0822,John Ramirez,Port Sarahview,Cocos (Keeling) Islands,2024-03-26
C0823,Sean Frederick,Stephanieton,Antarctica (the territory South of 60 deg S),2025-10-03
C0824,Robert Russell,Joneston,United Arab Emirates,2025-12-29
C0825,Jay Chan,Mackbury,French Guiana,2026-03-02
C0826,Kevin Rhodes,New Susan,Micronesia,2025-05-22
C0827,Dr. David Brown,Greenemouth,Burkina Faso,2025-07-18
C0828,Christina Martinez,Keithborough,Cameroon,2025-09-12
C0829,Sherry Shaw,Lake Jennifer,Malta,2024-04-09
C0830,Logan Figueroa,Browntown,Czech Republic,2025-08-17
C0831,Angela Johnson MD,Lake Brianhaven,Syrian Arab Republic,2025-04-10
C0832,Haley Small,South Tammytown,India,2024-05-24
C0833,Karen Rivera DDS,South Matthew,Myanmar,2025-09-03
C0834,Thomas Kirby,Teresafort,Paraguay,2024-07-05
C0835,Mary Garcia,Lake Tonya,Korea,2024-03-12
C0836,Mary Jones,Robinsonville,Belarus,2025-12-07
C0837,Alexander Robinson,Port Patrickhaven,Ethiopia,2024-10-18
C0838,Jacob Singh,Birdtown,French Guiana,2025-06-21
C0839,John Wolfe,Cookton,Cook Islands,2024-09-01
C0840,Jay Steele,Annaview,Austria,2025-07-31
C0841,James Higgins,Port Ronald,Cameroon,2024-12-03
C0842,Haley Sandoval,Port Marthaton,Austria,2024-12-04
C0843,Isabella Casey,Lake Tracitown,Guinea-Bissau,2025-10-11
C0844,Daniel Rose,Millerside,Guinea,2025-02-17
C0845,Brenda Sanders,Reidstad,Iraq,2026-02-25
C0846,Jack Jacobs,Tonyamouth,Azerbaijan,2024-08-24
C0847,Nicolas Nash,New Luiston,Swaziland,2025-03-07
C0848,Julia Brown,Port Robert,Indonesia,2024-08-31
C0849,Dustin Stafford,Martinton,Malta,2025-08-16
C0850,Sarah Smith,Beasleyhaven,Saint Vincent and the Grenadines,2025-07-31
C0851,Joseph Smith,Ryanstad,Reunion,2024-07-01
C0852,David Johnson,Amberland,Jersey,2024-09-21
C0853,Kiara Palmer,Knightmouth,Gibraltar,2025-10-28
C0854,Leonard Stevens,New Lynnbury,Turkmenistan,2024-05-26
C0855,Michael Myers,South Adrian,Portugal,2025-09-18
C0856,Peter Martin,Lake Laurafort,Bolivia,2024-09-15
C0857,Elizabeth Dorsey,Jennahaven,Guatemala,2024-06-11
C0858,Brandy Moore DDS,Evansville,Congo,2025-12-12
C0859,John Mason,Danielleland,Angola,2024-11-06
C0860,Shane Lopez,North Haileybury,Saint Lucia,2024-07-16
C0861,Jennifer Graham,South Kennethchester,Saint Vincent and the Grenadines,2025-06-06
C0862,Pamela Mccarthy,Port Patriciaton,Trinidad and Tobago,2024-09-13
C0863,Ashley Morgan,South Dustin,Niue,2025-01-18
C0864,Dennis Francis,West Justin,Ireland,2024-12-31
C0865,Angela Grimes,Lake Latasha,Bosnia and Herzegovina,2024-09-28
C0866,Michael Cordova,Carlsonmouth,Cote d'Ivoire,2024-05-28
C0867,Jamie Miller,Harrellborough,Guernsey,2025-08-05
C0868,Ryan Waller,West Patriciamouth,United States Minor Outlying Islands,2024-11-14
C0869,Steven Kelly,North Christianberg,American Samoa,2025-04-04
C0870,Rachel Coleman,West Stevenchester,Seychelles,2024-09-04
C0871,Amy Garcia,Dicksonport,Tuvalu,2026-01-08
C0872,Hunter Lara,Christopherberg,Haiti,2026-02-10
C0873,Kara French,North Laurenville,Bahrain,2025-02-25
C0874,Kurt Fowler,Lake Ann,Uganda,2025-01-19
C0875,Joshua Hardy,Lake Janechester,United Kingdom,2025-04-04
C0876,Gary Gallagher,Walkerville,Somalia,2025-12-25
C0877,Tyler Schwartz,East Ericton,Portugal,2025-04-11
C0878,Christine Anthony,Lindaborough,Guam,2024-11-14
C0879,Travis Johnson,New John,British Indian Ocean Territory (Chagos Archipelago),2025-09-13
C0880,Mary Williams,Port Jaredville,Niger,2025-06-25
C0881,Parker Hanson,Hillfort,Nepal,2025-03-08
C0882,David Johnson,Lake Jordanfort,Jamaica,2025-02-09
C0883,Jesus Woods,West Richard,British Virgin Islands,2025-01-08
C0884,Larry Lee,Teresaland,China,2024-11-10
C0885,Samuel Henderson,New Lukeport,Switzerland,2025-02-11
C0886,William Garner Jr.,Ponceton,Albania,2025-01-24
C0887,Terri Gray,Marshallside,New Zealand,2025-05-30
C0888,Donald Vincent,Wallschester,Ghana,2026-02-28
C0889,Amanda Perez,Coreyberg,Belarus,2024-08-24
C0890,Allison Decker,North Emilyhaven,Mongolia,2025-02-11
C0891,Shelby Jones,Port Christophershire,Barbados,2025-05-08
C0892,Jessica Tucker,South Johnathanfort,New Zealand,2024-08-09
C0893,Anthony Diaz,North Bernardmouth,Trinidad and Tobago,2025-08-11
C0894,Taylor Lewis,Bentonland,New Zealand,2024-05-23
C0895,Erica Davis,Evanshaven,Romania,2024-08-30
C0896,Noah Marshall,Collinsborough,Tonga,2025-11-22
C0897,Brandon Garrett,New Anthony,Marshall Islands,2025-06-29
C0898,Mrs. Debbie Glover,Bullockshire,Italy,2024-05-15
C0899,Anthony Coleman,Dyertown,Mali,2024-08-26
C0900,Gabrielle Alexander,Port Thomashaven,Grenada,2025-07-24
C0901,Cynthia Herman,South Margaret,Barbados,2024-07-19
C0902,Lisa Allen,Port Robertfurt,Uzbekistan,2024-04-28
C0903,Ashley Stokes,Morrisside,Myanmar,2024-04-25
C0904,Kristen Bender,Patrickborough,Austria,2025-02-01
C0905,Mr. William Green DDS,New Richard,Belarus,2025-12-04
C0906,Kimberly Roberts,North Cynthiaberg,Dominica,2024-11-07
C0907,Thomas Hunter,East Leahhaven,Sao Tome and Principe,2025-05-03
C0908,Karen Garcia,Donaldfort,Ethiopia,2024-09-24
C0909,Nicholas Brown,Moralesview,Bouvet Island (Bouvetoya),2025-12-22
C0910,Manuel Landry,South Robyn,Swaziland,2024-05-27
C0911,Eric Owens PhD,Cruzberg,Vanuatu,2025-10-08
C0912,Mark Jordan,Richardburgh,Finland,2024-07-14
C0913,Kevin Howard,Janetstad,Niger,2025-03-09
C0914,Charles Miller,North Jesse,Seychelles,2025-02-14
C0915,Mark Mitchell,Lewisland,Western Sahara,2024-03-20
C0916,Alyssa Bell,Kirkside,Brazil,2024-07-16
C0917,Lauren Hanson,Julieport,Christmas Island,2025-12-23
C0918,Kimberly Juarez,North Bruce,Austria,2024-04-25
C0919,John Patel,Jonathanshire,Netherlands Antilles,2024-10-06
C0920,James Bailey,North Destinymouth,Saint Pierre and Miquelon,2026-02-03
C0921,Christopher Foley,South Travisshire,Saint Barthelemy,2024-04-16
C0922,Sara Martin,Floresfort,Palau,2024-03-29
C0923,Donald Scott,Frederickhaven,Mongolia,2024-12-25
C0924,Samantha Powell,Floresborough,Bermuda,2025-07-25
C0925,Felicia Lopez,Sheenabury,Bahamas,2024-06-12
C0926,Debbie Thomas,Lake Alexander,Guatemala,2025-09-21
C0927,Brittany Sweeney,Daughertyville,Korea,2024-12-23
C0928,Deborah Reyes,North Rachel,Guam,2024-07-24
C0929,Teresa Solis,New Cassandraburgh,Mauritius,2025-12-01
C0930,Corey Collins,North Elizabeth,Suriname,2024-11-05
C0931,Jessica Evans,Thorntontown,Denmark,2025-12-04
C0932,Monica Lane MD,Lake Matthew,Reunion,2025-03-16
C0933,Benjamin Robinson,Townsendport,Togo,2024-07-10
C0934,Michelle Valdez,West Rachelstad,Saint Martin,2024-08-28
C0935,Dr. Scott Lucas,Cindyborough,Barbados,2024-08-27
C0936,Kim Sanchez,Floresborough,Sri Lanka,2024-06-22
C0937,Amber Jimenez,Mullenland,Guinea,2025-09-25
C0938,Colin Webb,Clarkchester,Denmark,2025-05-27
C0939,Mary Ortega,Nancyside,Barbados,2024-04-29
C0940,Jasmine Moore,Ericmouth,Philippines,2024-12-17
C0941,Erica Stein,Port Monique,Dominican Republic,2025-11-29
C0942,Benjamin Parker,Lindsayfurt,Tunisia,2024-05-27
C0943,Morgan Booth,North Jamesshire,Greece,2025-05-29
C0944,April Andrews,North Jack,Monaco,2025-05-14
C0945,Samuel Schultz,New Stevenfort,Korea,2025-05-20
C0946,Kathryn Lawrence,East Nicoleside,Lesotho,2024-11-17
C0947,Philip Foster,North Suzannefurt,Canada,2025-09-05
C0948,Mr. Norman Johnson,East Sandrachester,Swaziland,2025-02-03
C0949,Gary Smith,Myersmouth,Jersey,2024-07-18
C0950,Emily Jimenez,Connorchester,Sudan,2025-06-21
C0951,Bradley Morgan,Lake Shawn,Yemen,2025-12-03
C0952,Jesse Williams,Lake Normatown,North Macedonia,2024-03-12
C0953,Nicole Chavez,Port Justin,Cambodia,2025-09-25
C0954,Albert Sanchez,South Kaitlin,Switzerland,2024-11-10
C0955,Michael Moreno,Cherylchester,Lesotho,2025-01-02
C0956,Lisa Todd,Port Wendyland,Hong Kong,2024-12-01
C0957,Ariana Smith,Amyland,Cameroon,2024-10-15
C0958,Alexander Sanchez,Michaelfort,Cuba,2025-02-24
C0959,Aaron Hawkins,Alicialand,Malawi,2024-06-21
C0960,Jeffrey Brown,Howardburgh,Bangladesh,2026-01-19
C0961,Joy Mcpherson,Samanthaview,Sierra Leone,2024-06-15
C0962,Julia Avila,Port Brettmouth,Vanuatu,2025-04-01
C0963,Luke Mayo,Seanport,Eritrea,2026-02-16
C0964,Kevin Weaver,Cynthiabury,Timor-Leste,2024-11-11
C0965,Mark Brown,Karinafort,Turkmenistan,2025-11-10
C0966,Andrew Schmidt,North Brandonberg,Gibraltar,2025-12-29
C0967,Mr. Dustin Moreno,Fitzpatrickside,Senegal,2026-02-18
C0968,Dalton Thomas,East Wesley,Tanzania,2024-06-26
C0969,Breanna Mcintosh,Ramirezfurt,Turkmenistan,2025-03-09
C0970,Dr. Anthony Smith,West Christopherville,Maldives,2025-10-22
C0971,Daniel Murphy,Turnerberg,Syrian Arab Republic,2025-10-01
C0972,Leah Wagner,Diaztown,Solomon Islands,2025-04-10
C0973,Jason Rogers,Lake Gregorystad,Lithuania,2025-04-13
C0974,Robin Lee,Rodriguezmouth,British Virgin Islands,2024-05-22
C0975,Robert Pena,Ellenstad,France,2024-05-01
C0976,Connie Stevens,Raymondland,Honduras,2026-02-02
C0977,Helen Bennett,West Alexandraview,Gabon,2024-12-10
C0978,Barry Mejia,Johnsonport,Maldives,2024-12-30
C0979,Alexandria Hill,New Monicaside,Tonga,2025-05-14
C0980,Ross Bowen,Lake Jennifer,North Macedonia,2025-07-13
C0981,Jason Pearson,Jesseville,Cambodia,2025-10-17
C0982,Randall Carey,Aaronstad,Seychelles,2024-04-29
C0983,Joseph Ryan,Scottfort,Guadeloupe,2024-08-20
C0984,Daniel Logan,Port Alan,Canada,2025-02-01
C0985,Natalie Campbell,West Kyliechester,Equatorial Guinea,2024-08-06
C0986,Annette Martin,New Franciscoside,Kazakhstan,2024-07-27
C0987,Crystal Murray,Johnsonton,Israel,2024-10-12
C0988,Karen Adams,Tinaville,Thailand,2024-04-25
C0989,Keith Pacheco,Claireshire,France,2025-01-26
C0990,Christian Wilson,Justinfurt,Bulgaria,2024-08-20
C0991,Janet Weaver,Daychester,Guinea-Bissau,2024-08-04
C0992,Marc Patel,North Mollyville,Vietnam,2024-06-28
C0993,Elizabeth Jensen,Lake Colinland,Iraq,2026-01-09
C0994,Teresa Lester,Myersshire,Qatar,2025-08-27
C0995,Adrian Lee,Cassandrabury,Faroe Islands,2024-05-27
C0996,Jonathan Nolan,Briantown,Saint Lucia,2024-11-22
C0997,Jose Brennan,West Kimberly,Cambodia,2025-02-11
C0998,Charles Black,East Allen,Colombia,2025-11-17
C0999,Diana Gillespie MD,Lancebury,Chad,2025-10-21
C1000,Sara Martinez,Lake Kari,Mauritania,2025-08-29
C1001,Madison Nguyen,New Jonathan,Paraguay,2024-11-05
C1002,David Ballard,Lake Gabrielaview,Pakistan,2025-04-11
C1003,Morgan Blanchard,Daleborough,Morocco,2024-10-23
C1004,Rhonda Gibbs,Moorestad,Korea,2024-10-30
C1005,Jacob Beasley,West Donaldport,Swaziland,2025-09-25
C1006,Barbara Black,Lake Matthewfurt,Sweden,2025-12-04
C1007,Anthony Williams,West Garyland,Uruguay,2024-12-19
C1008,Kathy Smith,Jacksonfort,Mayotte,2024-05-28
C1009,Daniel Ware,New Megan,Pitcairn Islands,2025-12-28
C1010,Wayne Lin,Port Brandy,Uganda,2025-03-24
C1011,Stephanie Villanueva,East Jamesland,Rwanda,2024-09-15
C1012,Kiara Russell,Williamstown,Myanmar,2024-07-16
C1013,Terry Frazier,Kathleenfurt,Burkina Faso,2025-03-31
C1014,Lisa Newman,Alexandertown,Saint Lucia,2025-09-19
C1015,Amber Johnson,Brandonmouth,Guyana,2025-10-18
C1016,John Gonzales,Davisport,Australia,2024-07-03
C1017,Keith Hancock,East Richard,Iceland,2024-05-18
C1018,Roger Burgess,North Roberthaven,Paraguay,2024-10-08
C1019,Laura Allen,East Shelby,Netherlands Antilles,2024-05-13
C1020,Cheryl Lyons,Juliaville,Guyana,2025-09-12
C1021,Blake Johnson,Orrton,French Southern Territories,2025-07-30
C1022,Anne Welch,Jennifertown,Croatia,2026-01-15
C1023,Robert Bradford,East Aaronview,Bangladesh,2024-11-11
C1024,Alan Walters,East Jeremy,Bermuda,2025-08-22
C1025,Martin Baker,New Vanessaport,Greenland,2024-07-18
C1026,Blake Payne,West Gloriashire,Suriname,2024-04-08
C1027,Jordan Moore,Ginaton,United States of America,2024-06-28
C1028,Ann Jacobson,New Amanda,Brunei Darussalam,2025-10-12
C1029,Mary Maxwell,Berryport,Benin,2025-07-15
C1030,Ryan Schmitt,South Denise,Turkey,2025-05-30
C1031,Heather Mercer,Jadeberg,Greece,2025-01-09
C1032,Natasha Brown,Mooreview,Kuwait,2024-04-26
C1033,Ryan Parks,Clarkton,Svalbard & Jan Mayen Islands,2025-10-21
C1034,Sara Thompson,Smithberg,Slovenia,2025-04-11
C1035,Dana Parker,New Katherine,Pitcairn Islands,2024-08-02
C1036,Ashley Gonzalez,New Larrymouth,Estonia,2024-12-16
C1037,Paige Myers,West Melissa,Namibia,2025-07-08
C1038,Patrick Kim,South Stanley,Qatar,2025-05-09
C1039,Dawn Brown,Port Cynthiashire,France,2024-07-24
C1040,Maria Dawson,North Luiston,Saint Barthelemy,2024-05-04
C1041,Kevin Davis,Roberthaven,Nauru,2025-05-04
C1042,William Rodriguez,West Calvinfurt,Guam,2025-04-22
C1043,Patrick Garrett,Smithmouth,Micronesia,2025-09-04
C1044,Melinda Sanders,Joshuastad,Togo,2025-12-25
C1045,Brittany Arnold,Murphyview,Burkina Faso,2024-09-27
C1046,Paula Hoffman,North Carlosmouth,Malawi,2025-12-08
C1047,Kenneth Vazquez,East Kevin,Solomon Islands,2025-03-26
C1048,Reginald Horton,North Alejandroshire,Malaysia,2024-11-13
C1049,Rachel Morgan,South Erinview,United States Virgin Islands,2026-01-16
C1050,Heather Davis,East Sara,Christmas Island,2024-04-06
C1051,Lori Patel,Ramseyfurt,Saint Lucia,2025-09-25
C1052,Antonio Schmidt,Daviston,Serbia,2026-03-08
C1053,Ashley Flores,Lake Vanessa,Macao,2025-07-01
C1054,Melvin Gonzalez,Katrinafort,Ecuador,2025-05-01
C1055,Emily Parrish,West Andrew,Cape Verde,2024-11-07
C1056,Jaime Gonzalez,East Tashafort,Netherlands,2025-12-27
C1057,Joshua Lopez,Sarahmouth,Philippines,2026-01-08
C1058,Morgan Lowery,Carrollfurt,Lesotho,2024-10-06
C1059,Robert Newton,Karimouth,Barbados,2024-08-18
C1060,Teresa Wolf,Lake Andrew,Timor-Leste,2026-02-09
C1061,Bryan King,Nicoleville,Bolivia,2024-09-18
C1062,Robert Valenzuela,Elizabethland,Armenia,2024-04-15
C1063,Mark Dennis,West Carrie,Israel,2024-08-21
C1064,Wesley Myers,East Thomas,Liechtenstein,2025-01-18
C1065,Jodi Shannon,Port Laurieberg,Colombia,2025-08-14
C1066,Amber Reyes,Kimberlyfort,Paraguay,2024-05-21
C1067,Kimberly Lewis,Jeffreyland,Lithuania,2025-01-07
C1068,Adam Hawkins,Lake Rogerfort,Trinidad and Tobago,2024-03-16
C1069,Sarah Garcia,Jimenezview,Iceland,2026-03-07
C1070,Jennifer Love,East Michaelmouth,New Caledonia,2025-10-13
C1071,Hayden Erickson,East Samuelland,Rwanda,2026-01-15
C1072,Julie Zamora,Kellystad,Papua New Guinea,2025-02-15
C1073,Gregory Bradley,Jeremyview,Madagascar,2024-06-16
C1074,Bonnie Ray,Julialand,Guadeloupe,2026-01-03
C1075,David Wilson,East Kyle,Burundi,2024-12-07
C1076,Stephanie Nelson,East Joseph,Dominican Republic,2024-12-18
C1077,Luis Shannon,South Howardburgh,Iceland,2025-03-13
C1078,Tina Benton,East Jenniferborough,Madagascar,2024-07-04
C1079,Alejandro Noble,Dixonburgh,Myanmar,2025-09-12
C1080,Larry Richardson,Mckenzieport,Slovakia (Slovak Republic),2025-10-26
C1081,Heather Durham,South Alicia,Solomon Islands,2025-03-23
C1082,Kelly Russell,West Luketown,Serbia,2025-02-15
C1083,Joseph Mccoy PhD,Hornbury,Tonga,2024-04-08
C1084,Sarah Flores,Kingside,Nepal,2025-02-16
C1085,Catherine Baker MD,Sarahport,Egypt,2025-07-03
C1086,Benjamin Reyes,Port Valeriefurt,Zambia,2025-11-21
C1087,Scott Rivas,North Victorville,New Zealand,2025-07-07
C1088,Karen Ortiz,East Wendyview,Andorra,2025-12-20
C1089,Richard Thompson,West Carolbury,Mauritius,2024-07-03
C1090,Thomas Jones,South Kevin,Uzbekistan,2025-05-07
C1091,Lindsay Welch,Lake Debra,Mauritania,2025-02-13
C1092,David Adams,Jamesmouth,Comoros,2024-07-20
C1093,Brian Green,Mccoyhaven,Tuvalu,2024-09-28
C1094,Kim Freeman,Moralesville,United States Virgin Islands,2025-11-22
C1095,Kevin Wilson,Lake Valerieland,Somalia,2025-06-02
C1096,Julie Munoz,Christophershire,North Macedonia,2025-03-29
C1097,Theodore Huff,West Heatherfort,Saint Helena,2024-05-26
C1098,Matthew Schultz,Perkinsville,Reunion,2024-12-15
C1099,Jason Jones,Port Sarahmouth,Madagascar,2025-02-22
C1100,Dana Marquez,Harrishaven,Burundi,2025-12-29
C1101,Gregory Davis,Lake Zacharyhaven,Samoa,2025-05-05
C1102,Gabriela Dalton,Ericmouth,Yemen,2025-11-13
C1103,James Jordan,West Thomas,Malta,2024-12-24
C1104,Brian Hernandez,Wattsport,Thailand,2025-06-13
C1105,John Horne,Lake Michellebury,Albania,2024-06-20
C1106,Timothy Singh,Brownchester,Malta,2025-01-11
C1107,Julian Wilson,Amandafurt,Malta,2025-07-06
C1108,Joshua Copeland,South Harold,Korea,2024-09-15
C1109,Charles Buckley,West Ashley,Singapore,2025-12-30
C1110,Martin Gill,New Susan,Martinique,2024-12-29
C1111,Christian Rodriguez,Robertsonside,Tanzania,2025-09-09
C1112,Suzanne Davis,Beckyhaven,Christmas Island,2024-08-09
C1113,Amy Schultz,Lake Tommystad,Belgium,2024-12-18
C1114,Darius Lopez,Nortonstad,Luxembourg,2025-02-16
C1115,Jon Jensen,Lake Gailstad,Haiti,2024-08-18
C1116,Timothy Stone,East Danielland,Cape Verde,2025-08-22
C1117,Brandon Clarke,Port Brandon,Palau,2025-10-31
C1118,Richard Howe,West Dawn,Nigeria,2025-09-06
C1119,Melanie Nguyen PhD,Gileshaven,Trinidad and Tobago,2024-07-04
C1120,Tammy Lynn,New Michael,Slovakia (Slovak Republic),2025-10-20
C1121,John Davies,North Wanda,Panama,2025-08-29
C1122,David Paul,Masonmouth,Thailand,2026-01-16
C1123,Kristina Roberts,West Karen,Malaysia,2025-05-31
C1124,Tony Anderson,Brittanystad,Malaysia,2025-03-31
C1125,Sara Smith,South Jamestown,Syrian Arab Republic,2026-01-01
C1126,Glen Burke,South Paula,Maldives,2026-01-25
C1127,Adam Lee,Johnfurt,Cayman Islands,2025-08-02
C1128,Dillon Baker,Port Derekfort,Puerto Rico,2024-07-27
C1129,Michael Graham,Phillipsland,Kuwait,2025-09-09
C1130,Emily Wagner,East Jessica,Paraguay,2024-07-21
C1131,Robert Phelps,Jamesburgh,Bulgaria,2025-07-04
C1132,Elizabeth Bishop,Kurtville,North Macedonia,2025-05-28
C1133,Mr. Richard Smith,Lake Tiffanyborough,Bahamas,2025-11-20
C1134,Michael Allen,Hoodton,Haiti,2025-08-14
C1135,Jason Gibbs,Fergusontown,Chile,2025-07-21
C1136,Curtis Anderson,Jonesport,Bulgaria,2026-01-18
C1137,Michael Acosta DDS,Jonesport,Israel,2025-07-20
C1138,Mark Campos,New Courtney,Palestinian Territory,2024-05-30
C1139,Dustin Wallace,Bryanville,Puerto Rico,2025-02-08
C1140,Keith Holt,Strongtown,Niger,2025-05-04
C1141,Danielle Cervantes,Kennethside,Hong Kong,2025-01-24
C1142,Donna Huffman,Christinehaven,United States of America,2024-05-03
C1143,Ashley Smith,Berryton,Netherlands,2026-03-05
C1144,Dennis Martinez,West Timothyport,Uruguay,2024-07-02
C1145,Kaitlyn Moore,Davisshire,Belgium,2024-09-16
C1146,Jack Martin,West Angie,United Kingdom,2024-11-14
C1147,Joshua Blankenship,Trevorborough,Benin,2025-06-18
C1148,Aaron Williams,Corybury,Nauru,2024-07-12
C1149,Andrew Floyd,Port Lisa,Pitcairn Islands,2025-07-04
C1150,Donna Jenkins,Feliciafort,Tonga,2025-11-20
C1151,Mark Norman,New Jessicaville,Lesotho,2024-12-05
C1152,Kimberly Jones,New Adamhaven,Japan,2025-01-19
C1153,Carrie Moore,Lake Carolinemouth,South Africa,2025-09-19
C1154,Bryan Mason,Reeseburgh,Slovenia,2024-07-14
C1155,Jason Wright,Angelafort,Djibouti,2024-06-03
C1156,Jessica Cook,West Jasonville,Malawi,2024-08-27
C1157,Jonathan Thomas,Morrisonmouth,Congo,2024-12-14
C1158,Adam Clarke,Amyshire,Uruguay,2024-09-03
C1159,Rodney Daniels,Scotttown,Pakistan,2025-01-04
C1160,Kelly Young,East Thomasshire,Guyana,2025-10-25
C1161,Sarah Johnson,Carrilloland,Uruguay,2024-10-03
C1162,Zoe Mitchell,Lewismouth,France,2024-09-01
C1163,Christopher Henderson,Staceymouth,Korea,2026-01-12
C1164,John Greene,North Thomasville,Namibia,2024-12-02
C1165,Angela Ayala,Stewartborough,Hong Kong,2026-01-31
C1166,Joe Lambert,Lake Jeanette,Japan,2025-02-14
C1167,Rhonda Burns,West Elizabeth,Oman,2025-12-02
C1168,Larry Hernandez,Pricemouth,Cambodia,2024-11-09
C1169,Dana Harris,Lake Ronaldmouth,Reunion,2025-01-04
C1170,Yolanda Williams,West Ryan,Dominica,2025-11-23
C1171,Hayley Edwards,North Dominiqueberg,Syrian Arab Republic,2024-06-23
C1172,Frank Lopez,Vincentview,Congo,2024-09-03
C1173,Amber Espinoza,Brianville,Vanuatu,2025-07-15
C1174,Elizabeth Brown,North Brianchester,Finland,2025-02-15
C1175,Grace Weber,Cherylburgh,Kuwait,2024-06-22
C1176,Heather Stephens,Mcdonaldstad,Saint Lucia,2025-03-08
C1177,Anna Davis,Lisashire,Guam,2024-08-21
C1178,William Ingram,New Mario,Pitcairn Islands,2024-06-08
C1179,Alexander Brown,Jasonstad,Slovenia,2025-12-03
C1180,Jenna King,Christensenfurt,Australia,2026-02-26
C1181,James Brennan,Port Danielshire,French Southern Territories,2025-09-19
C1182,Kelly Snyder,Kennethhaven,Zimbabwe,2024-06-15
C1183,Casey Stevens,Lake Rachael,Cote d'Ivoire,2024-12-02
C1184,James Robertson,West Carlos,Japan,2024-11-17
C1185,Rachel Villarreal,North Anthonytown,Estonia,2024-12-06
C1186,Thomas Valencia,Henryhaven,Vanuatu,2024-10-20
C1187,Dana Rivera,Garcialand,New Caledonia,2025-07-09
C1188,Jamie Bailey,Port Mitchell,North Macedonia,2024-05-16
C1189,Johnny Washington,West Mary,Mexico,2025-10-10
C1190,Jeremy Adams,Andrewbury,Cocos (Keeling) Islands,2025-07-19
C1191,John Schultz,Port Mark,Brunei Darussalam,2024-04-25
C1192,Kelly Tucker,Thomasport,Vietnam,2025-04-12
C1193,Sheila Mcclure,Lake Aaronville,Cote d'Ivoire,2026-01-21
C1194,Caitlin Cabrera,Frederickfort,Gibraltar,2025-11-11
C1195,Robert Wade,South Christine,Puerto Rico,2025-02-07
C1196,Kimberly Garcia,South Shawn,Hungary,2024-10-10
C1197,Kathleen Martin,New Kayla,Philippines,2024-10-11
C1198,John Morton,South Stevenview,Cook Islands,2025-01-09
C1199,Christopher Rose,Davidberg,Monaco,2025-01-22
C1200,Alexandria Warren,Mollyview,Iraq,2024-07-19
C1201,Derek Reed,East Bettyshire,Canada,2026-02-19
C1202,Shannon Robinson,Hannahton,Guernsey,2025-10-30
C1203,Wendy Peterson,Bestshire,Madagascar,2025-10-26
C1204,Vicki James,Johnmouth,Brunei Darussalam,2025-11-15
C1205,Deanna Parks,Victoriaton,Senegal,2025-03-20
C1206,Richard Ruiz,Brittanystad,Mongolia,2025-12-10
C1207,Kelly Robinson,Lake Courtneyport,Pakistan,2024-09-18
C1208,Spencer Vazquez Jr.,Andersonland,Saint Helena,2025-09-26
C1209,Christopher Campbell,North Luis,Mauritania,2024-08-02
C1210,Katherine Lopez,Hardingshire,Vanuatu,2026-02-12
C1211,Susan Walker,East Gina,Belarus,2024-06-07
C1212,Jillian Mills,Smithburgh,Romania,2025-04-10
C1213,Aaron Daniels,Ortiztown,Eritrea,2024-06-23
C1214,Valerie Parker,Mccarthyland,Uzbekistan,2024-03-25
C1215,Donald Williams,North Catherinebury,Thailand,2024-10-08
C1216,Madison Schneider,Johnsonchester,Lebanon,2025-03-03
C1217,Anne Ross,West Ashley,Vanuatu,2024-06-09
C1218,Michael Humphrey,Lake Anthony,Uganda,2024-06-24
C1219,Laura Ayers,Ginaberg,Ireland,2024-07-01
C1220,David Hall,Saraborough,Tokelau,2024-05-09
C1221,Michael Gomez,Lake Maryberg,Guadeloupe,2024-10-12
C1222,Claudia Guerrero,Lisabury,Colombia,2025-11-18
C1223,Angela Mayo,West Shannon,Saint Barthelemy,2024-09-10
C1224,Denise Butler,North Jessicatown,Singapore,2024-05-29
C1225,Jessica Bowen,Port Sarahshire,Albania,2025-10-08
C1226,Rachel White,West Joshua,Lithuania,2026-02-25
C1227,Christopher King,East Matthew,Montenegro,2024-11-17
C1228,Julie White,New Angela,Cameroon,2025-10-13
C1229,Patrick Miller,North Roberto,Iceland,2025-10-17
C1230,Mrs. Cheyenne Frey,East Joeland,Falkland Islands (Malvinas),2024-04-07
C1231,Tyler Weaver,Christinefort,Holy See (Vatican City State),2024-06-18
C1232,Melissa Turner,East Jill,North Macedonia,2025-08-29
C1233,Alexis Logan,New Lori,French Polynesia,2025-08-27
C1234,Norma Jackson,East Markchester,Libyan Arab Jamahiriya,2024-03-10
C1235,Andre Hartman,Nguyenfurt,Heard Island and McDonald Islands,2024-06-21
C1236,Nicole Rhodes,Jenniferburgh,Senegal,2024-11-21
C1237,Mrs. Melissa Thompson,Coleport,Cook Islands,2024-08-05
C1238,Marie Bowman,Port Kimberlytown,Italy,2025-08-08
C1239,Michelle Phillips,Hernandezmouth,Cayman Islands,2025-09-22
C1240,Jessica Brown,Caitlinburgh,Paraguay,2024-12-03
C1241,Benjamin Ballard,South Rachelburgh,Ethiopia,2025-11-25
C1242,Jennifer Johnson,Johnsonside,Saudi Arabia,2025-03-14
C1243,Samuel Johnson,Maryshire,Kiribati,2025-01-10
C1244,Angela Webb,Ellisonbury,Bulgaria,2025-02-25
C1245,Amy Taylor,Port Adrian,Uzbekistan,2025-07-27
C1246,Steven Richardson,South Justinshire,Aruba,2024-08-21
C1247,Dr. Eric Riddle,Sarahburgh,Trinidad and Tobago,2025-01-09
C1248,Edward Miranda,Port Andrea,Norway,2024-08-06
C1249,Jose Rodriguez,West Janiceville,Uzbekistan,2024-09-11
C1250,Christopher Bennett,New Michael,Tanzania,2024-11-26
C1251,Michelle Martin,New Douglasborough,Grenada,2025-04-02
C1252,Jasmine Perez,Alvarezport,Montenegro,2025-03-01
C1253,James Green DVM,Forbesville,Bangladesh,2024-12-03
C1254,Rodney Sanchez,North Ryan,Kenya,2024-12-25
C1255,Kathleen Hamilton DDS,Davisfurt,Benin,2025-01-14
C1256,Joshua Brown,Craigfort,Luxembourg,2024-09-13
C1257,Amy Johnson,Anthonymouth,Madagascar,2024-10-27
C1258,Charlotte Smith,East Theresabury,Portugal,2024-12-31
C1259,Andrea Burke,New Mary,Marshall Islands,2025-09-05
C1260,Cody Hunt,Port Danielville,Lao People's Democratic Republic,2025-09-14
C1261,Veronica Decker,Perryview,Oman,2025-09-08
C1262,Philip Reese,Lake Jennifer,Cayman Islands,2025-02-01
C1263,Robert Ray,Timothyburgh,Comoros,2025-12-15
C1264,Audrey Barajas,New Josehaven,Iran,2024-11-25
C1265,Shawn Dawson,Kiarachester,Turkmenistan,2025-01-04
C1266,Dana Doyle,East Robert,Djibouti,2024-03-22
C1267,Michael Mills,North Lauren,Grenada,2025-03-21
C1268,Troy Briggs,Port Lindsey,British Indian Ocean Territory (Chagos Archipelago),2024-06-26
C1269,Jonathan Glover,North Mark,Kyrgyz Republic,2025-09-14
C1270,Christina Moore,Vernonshire,Equatorial Guinea,2025-10-09
C1271,Sherry Howard,Ricardoport,Taiwan,2024-12-01
C1272,Terry King,New Ruthshire,France,2025-05-19
C1273,Colleen Cummings,South Shannonberg,Yemen,2024-10-10
C1274,Kyle Anderson,Sellersville,Thailand,2026-03-07
C1275,Mary Weber,East Teresa,Andorra,2025-05-10
C1276,Brandon Bailey,East Jessicaview,Australia,2026-02-16
C1277,Amy Yu,North Anna,Peru,2025-04-27
C1278,Adam Hill,Lake Joseph,Congo,2025-04-01
C1279,Joyce Richardson,Emilyland,Nicaragua,2024-05-28
C1280,Heather Reed,North Teresafurt,Turkmenistan,2024-03-22
C1281,Brian Preston,Port Ryanberg,Kyrgyz Republic,2024-04-02
C1282,Michael Byrd,Davisport,Seychelles,2025-06-05
C1283,Diana Weiss,West David,Nepal,2024-08-22
C1284,Victoria Barnes,Williamsonhaven,Slovenia,2024-04-17
C1285,Jonathan Goodwin,East Haley,Kiribati,2025-07-03
C1286,Judith Mason,Palmertown,Libyan Arab Jamahiriya,2024-11-19
C1287,Bryan Maynard,Websterfort,United Kingdom,2025-07-30
C1288,Erica Andrews,Bowenshire,Greenland,2024-12-02
C1289,David Griffith,Christopherton,British Indian Ocean Territory (Chagos Archipelago),2025-10-11
C1290,Ann Jordan,East Renee,Macao,2025-05-12
C1291,David Nunez,Johnland,Hong Kong,2024-07-11
C1292,Colleen Stafford,West Michelemouth,Denmark,2025-07-15
C1293,Jessica Campbell,Melissastad,Myanmar,2026-01-23
C1294,Stephanie Le,Jonesberg,Macao,2025-04-11
C1295,Sarah Perry,New Teresa,Bangladesh,2026-02-03
C1296,Douglas Hunt,Seanshire,Oman,2024-08-24
C1297,Elaine Boyer,North Samantha,France,2026-02-26
C1298,Alec Brown,Erinshire,Russian Federation,2024-03-29
C1299,Valerie Mendoza,Jimenezview,American Samoa,2025-01-19
C1300,John Patel,West Anne,Hong Kong,2024-08-15
C1301,Dawn Mendez,South Lisaview,Bahrain,2025-03-26
C1302,Brian Carlson,Port Kevinstad,Gabon,2025-06-18
C1303,Gary Griffith,South Peterbury,Djibouti,2024-07-23
C1304,Shelly Webb,Lake Eric,Iceland,2025-03-30
C1305,Michael Johnston,Lake Edgar,Botswana,2024-07-22
C1306,Zachary Jordan,South Melissa,Bolivia,2024-10-19
C1307,Jacob Lawrence,Christineborough,Gibraltar,2024-11-28
C1308,Jaclyn Camacho,Joelside,Australia,2024-05-03
C1309,Jordan Campbell,Johnsonton,Saint Martin,2025-06-28
C1310,Lori Rodriguez,Gibsonport,Tokelau,2024-06-15
C1311,Randy Robinson DDS,South Sherry,France,2024-07-06
C1312,Cathy Smith,East Daniel,Botswana,2024-11-13
C1313,Bryan Mccarthy,Lisamouth,Togo,2024-08-10
C1314,Dawn Cabrera,North Trevor,Latvia,2024-06-12
C1315,Shawn Williams,Patrickstad,Russian Federation,2025-01-05
C1316,Michael Johnson,New Johnberg,Switzerland,2026-02-04
C1317,Robert Campbell,Lake Erikview,Czech Republic,2025-08-23
C1318,Melinda White,Vincentshire,South Georgia and the South Sandwich Islands,2025-08-27
C1319,Anita Fry,East Matthew,Canada,2025-07-07
C1320,Bianca Gonzales,East Brittanymouth,Chile,2025-12-31
C1321,Danielle Mccullough,New Josephstad,Trinidad and Tobago,2026-01-27
C1322,Hayden Daniels,North Jacquelinestad,Martinique,2025-01-15
C1323,Mrs. Danielle Benson DDS,North Michaelbury,Moldova,2025-06-14
C1324,Tyler Torres DDS,Kathrynland,Nicaragua,2025-11-23
C1325,Emily Lopez,Matthewstad,Hong Kong,2024-06-28
C1326,Richard Brown,Hendersonmouth,Bhutan,2025-05-24
C1327,Tony Parsons,New Melissaland,Sao Tome and Principe,2025-04-12
C1328,Jaime James,Danielfurt,Mongolia,2024-03-20
C1329,Joseph Keller,Grayview,Luxembourg,2025-01-02
C1330,Micheal Johnson,Port Matthewbury,Hong Kong,2026-01-19
C1331,Shelby Hoffman,Lake Karen,Finland,2025-03-17
C1332,Amber Martin,Christinebury,Jersey,2025-02-12
C1333,Richard Chang,West William,Serbia,2026-02-25
C1334,Eric Alvarez,New Karen,Bahrain,2024-06-28
C1335,Connie Gillespie,West Ginachester,Liechtenstein,2025-12-11
C1336,Nathan Martin,Fordshire,Yemen,2024-10-11
C1337,Robert Newton,Gregoryport,Peru,2024-10-22
C1338,Nicolas Waters,West Robertburgh,Philippines,2025-08-12
C1339,Tina Edwards,East Kimberlyfurt,Micronesia,2025-05-06
C1340,Maria Frazier,Port Cheyenne,Latvia,2025-10-08
C1341,Melissa Lawson,Randyland,Israel,2025-11-26
C1342,Dana Patel,Loriland,New Caledonia,2025-07-27
C1343,Sarah Lee,Webbport,Oman,2025-02-17
C1344,Dawn Morris,Leetown,Switzerland,2025-05-02
C1345,Dr. Emily Rodriguez,Palmertown,Cambodia,2024-10-30
C1346,Michael Harrington,West Susan,Luxembourg,2024-05-01
C1347,Benjamin Smith,New David,Turks and Caicos Islands,2024-10-29
C1348,Jeffrey Rodriguez,East Stuartview,Samoa,2025-01-22
C1349,Michelle Robinson,South Caitlinport,Western Sahara,2024-09-13
C1350,James Castro,Henryfort,Fiji,2024-10-18
C1351,Katherine Haynes,South Kaylaport,Cape Verde,2025-10-11
C1352,Jared Rodriguez,Port Austinberg,Micronesia,2024-05-20
C1353,Donald Smith,East Joshuaview,Cocos (Keeling) Islands,2024-09-17
C1354,Brent Rodriguez,Port Michelleview,Indonesia,2024-03-31
C1355,Michael Gibson DDS,South Aaronfurt,Puerto Rico,2024-06-17
C1356,James Stein,Parkershire,Poland,2024-11-02
C1357,Jennifer Smith,South Johnville,Jordan,2025-04-13
C1358,Michelle Hines,Davidport,Mauritania,2025-12-22
C1359,Destiny Anthony,New Jessica,Northern Mariana Islands,2024-05-30
C1360,Dawn Lee,North Charles,Mauritius,2024-03-18
C1361,Haley Castaneda,Richardstad,Thailand,2025-08-30
C1362,Steve Hall,Jacksonfort,Timor-Leste,2025-11-06
C1363,Melissa Kane,South Cheryl,Papua New Guinea,2025-10-04
C1364,Heidi Novak,North Peggyborough,New Caledonia,2025-08-20
C1365,Catherine Barrett,Lake Benjamin,Pakistan,2025-11-05
C1366,Jacqueline Wright,North Adam,Maldives,2025-09-14
C1367,Christine Figueroa,Russoland,Slovakia (Slovak Republic),2026-02-19
C1368,Joel Simmons,Stewartbury,Bangladesh,2025-07-01
C1369,Kiara Thompson,Kimberlyview,Seychelles,2024-05-31
C1370,Angela Watts,Meghanchester,Senegal,2024-11-01
C1371,Jackson Wilson,Crystalmouth,Guernsey,2024-05-21
C1372,Daniel King,Vanessaville,Brunei Darussalam,2025-10-27
C1373,Melanie Thompson,Robertotown,Peru,2025-12-07
C1374,Lauren Winters,Carrollmouth,Central African Republic,2024-11-21
C1375,Sheri Diaz,West Tamaraborough,Benin,2025-11-25
C1376,Becky Lee,North Lindamouth,Egypt,2024-11-09
C1377,John Campbell,Lake Emilyton,Sao Tome and Principe,2024-11-29
C1378,Diana Hunt,Jonesborough,Mexico,2026-02-08
C1379,Richard Weeks,Roberttown,Benin,2025-01-29
C1380,Joshua Spears,Steinmouth,Barbados,2025-09-23
C1381,Michael Williams,Kevintown,Netherlands Antilles,2024-09-23
C1382,Mark Ortiz,West Alexander,Portugal,2025-05-25
C1383,Jason Cisneros,North Lindastad,Jersey,2024-04-10
C1384,Mark Murray,Johnland,Croatia,2024-05-06
C1385,Nathan Miller,Hamiltonville,Guyana,2026-01-03
C1386,Donald Arnold,New Debra,Fiji,2025-03-14
C1387,Anthony Johnson,Johnsonmouth,Korea,2025-09-27
C1388,Emily Miller,West Kathleenborough,Solomon Islands,2025-08-24
C1389,Sean Dominguez,West Kimberlystad,Iceland,2025-03-12
C1390,John Duffy,Sarahview,Liberia,2024-10-05
C1391,David Austin,Port Frankview,Armenia,2025-02-21
C1392,Steven Thompson,Fernandomouth,British Indian Ocean Territory (Chagos Archipelago),2024-08-26
C1393,Sean Baker,Port Elizabeth,Ireland,2024-12-25
C1394,Robert Little,Andrewstad,Guatemala,2025-01-03
C1395,Todd Parsons,South Michaelland,Albania,2024-09-25
C1396,Dana Welch,Wilsonside,Barbados,2025-07-15
C1397,Peter Morris,Simmonsberg,Montserrat,2025-09-16
C1398,David Shea,Port Pamela,Mauritius,2024-08-09
C1399,Sharon Douglas,New Alisonmouth,Netherlands,2025-12-09
C1400,Alicia Tucker,North Victor,Italy,2025-09-27
C1401,Suzanne Brown,Lake Dennisview,United States Virgin Islands,2025-10-24
C1402,Alisha Smith DDS,South Melissashire,Ukraine,2025-10-02
C1403,Daryl Brown,Port Karen,Korea,2025-06-05
C1404,Thomas Wilcox,Foxland,Senegal,2025-11-23
C1405,Shawn Wright,East Crystalshire,Guatemala,2024-05-04
C1406,Erika Fox,Rogersville,Singapore,2025-08-09
C1407,Megan Young,New Jamieshire,Russian Federation,2024-06-30
C1408,Allison Harper,Port Natalieburgh,Qatar,2025-02-07
C1409,Jennifer Preston,Danielborough,Sierra Leone,2025-06-28
C1410,Anthony Rodriguez,Mcdanielview,Honduras,2025-03-01
C1411,Edward Bowen DDS,Gregoryfurt,Georgia,2025-06-08
C1412,Michelle Zimmerman,Craigside,Norway,2025-03-27
C1413,Mark Salazar,Burgessport,Guinea-Bissau,2024-05-03
C1414,Roy Ford,South Tina,Guadeloupe,2025-07-23
C1415,James Livingston,Santanafort,Cyprus,2024-05-30
C1416,Laura Gamble,New Miguel,Western Sahara,2025-09-02
C1417,Richard Cunningham,East Donna,Sudan,2025-11-03
C1418,Timothy Summers,Laurashire,Jordan,2025-01-22
C1419,Charles Nunez,East Erika,Papua New Guinea,2024-11-05
C1420,Alexander Lowe,Lake Sarahhaven,Oman,2024-11-08
C1421,Deborah Carson,Jasminebury,Central African Republic,2025-07-21
C1422,Michelle Hernandez,Garyburgh,Hong Kong,2025-09-02
C1423,Marcia Gilbert,North Thomas,United Arab Emirates,2025-08-25
C1424,Anna Summers,New Janet,Spain,2024-06-01
C1425,Shelley Brown,Paulborough,Slovenia,2025-03-14
C1426,Katrina Freeman,East Scott,Sudan,2024-12-29
C1427,Stephanie Matthews,Joneschester,Taiwan,2024-07-20
C1428,Joseph Young,Marquezside,Bolivia,2025-07-30
C1429,Johnny Cortez,East Diamondmouth,Iran,2025-09-03
C1430,Brandon Clark,North Jessicachester,Cayman Islands,2026-01-27
C1431,Hunter Richardson,Joshualand,Mozambique,2025-12-22
C1432,Mark Miranda,Solismouth,Svalbard & Jan Mayen Islands,2025-08-11
C1433,Scott Gould,Reeseton,Niue,2025-03-03
C1434,Jason Perez,Johnsonview,Kenya,2024-09-13
C1435,Beverly Bauer,North Carrie,Saint Helena,2025-03-04
C1436,Morgan Moore,Micheleburgh,Jordan,2025-02-18
C1437,Stephen Perry,Williamschester,Kyrgyz Republic,2025-01-03
C1438,Adam Rodriguez,Amychester,Indonesia,2024-05-17
C1439,Cynthia George,New Alexander,Anguilla,2025-12-01
C1440,Wendy Stevenson,Madisonshire,Botswana,2025-04-08
C1441,Nicole Rogers,New Matthew,San Marino,2025-02-10
C1442,Michelle Ruiz,Rachelland,Cocos (Keeling) Islands,2026-01-10
C1443,Kimberly Tucker,Lake Tonyatown,Cape Verde,2024-04-25
C1444,David Chavez,Tammyton,Saint Pierre and Miquelon,2024-09-14
C1445,Michelle Rice,Heatherfort,Croatia,2024-03-27
C1446,Amber Carr,Villarrealhaven,Malaysia,2024-07-05
C1447,Elizabeth Mayo,South Dawnchester,Latvia,2026-02-24
C1448,Mr. Michael Wolf,Elizabethland,British Virgin Islands,2026-02-16
C1449,Patrick Compton,Garzahaven,Cook Islands,2024-11-26
C1450,Erin Jackson,New Kristineland,China,2025-01-13
C1451,Jessica Cantu,Amyburgh,Saint Pierre and Miquelon,2025-03-27
C1452,Chad Hudson,New Kathleenburgh,Bermuda,2025-10-01
C1453,Amanda Lowe,Castilloborough,Thailand,2025-10-04
C1454,David Lewis,Pageshire,Marshall Islands,2026-01-24
C1455,Ronald Vaughan,Jerryberg,Saint Kitts and Nevis,2026-01-25
C1456,Cheyenne Wood,North Keithburgh,French Guiana,2024-05-01
C1457,Jason Kim,West Robin,Tonga,2024-12-17
C1458,Matthew Reese,Lopezmouth,Australia,2025-01-18
C1459,Jennifer Flores,Garciamouth,Malaysia,2025-01-01
C1460,Timothy Boyd,Bellchester,Anguilla,2024-04-25
C1461,David Rogers,South Thomasshire,Heard Island and McDonald Islands,2025-08-15
C1462,Jessica Lee,West Ernest,Libyan Arab Jamahiriya,2025-12-06
C1463,Andrea Roberts,Lake Nicholas,Nepal,2025-07-05
C1464,Kayla Burton,West Mark,Philippines,2025-03-09
C1465,Laura Anderson,East Mary,Korea,2025-12-05
C1466,Dwayne Lewis,North Stephenmouth,Fiji,2025-12-11
C1467,Todd Harvey,West Patrick,Cambodia,2025-10-14
C1468,Denise Bryant,Sueside,Swaziland,2026-02-13
C1469,Emily Holt,Lake Matthewmouth,Dominican Republic,2025-01-02
C1470,Dawn Jackson,North Eric,Tuvalu,2025-03-17
C1471,Sonia Allen,Dayton,Guadeloupe,2025-12-21
C1472,Teresa Shelton,Port Sherrychester,Zimbabwe,2025-06-18
C1473,Steven Shaffer,New Williamhaven,Greece,2025-09-06
C1474,Michael Scott,Brownburgh,Saint Martin,2024-03-09
C1475,Cathy Williams,Rhondaville,Heard Island and McDonald Islands,2025-07-24
C1476,Miss Tiffany Boyd MD,East Heatherstad,Cote d'Ivoire,2026-01-08
C1477,Linda Benson,Richardbury,Marshall Islands,2025-01-21
C1478,Alyssa Wilson,Tammyfort,Cameroon,2025-07-29
C1479,Misty Petersen,Nancybury,Tonga,2026-01-27
C1480,Nicole Olsen,West Lindaview,Turkmenistan,2024-06-05
C1481,Dr. Amy Crane DDS,New Stacey,Bulgaria,2024-09-28
C1482,Alejandro Daniel Jr.,South Cynthia,Eritrea,2025-06-02
C1483,Andrew Williams,Smithview,Martinique,2025-12-20
C1484,David Wilkins,Davidport,Lesotho,2024-09-28
C1485,Jonathan Morrison,Port Benjaminport,Indonesia,2025-08-01
C1486,Denise Brown,North Sierraport,Sierra Leone,2025-03-12
C1487,Ryan Galloway,East Robertview,Lao People's Democratic Republic,2026-02-21
C1488,Mark Carter,East Douglas,Japan,2024-10-21
C1489,Michael Howell,Osbornemouth,Turks and Caicos Islands,2024-07-22
C1490,Karen Henson,South John,Chile,2024-03-23
C1491,Andrew Simpson,Danielfurt,Finland,2026-02-07
C1492,Jamie Moore MD,New Nathaniel,Afghanistan,2025-03-20
C1493,Laurie Thomas,Jessicamouth,Netherlands Antilles,2024-08-13
C1494,Joshua Kidd,New Joshuashire,Guyana,2025-11-15
C1495,Joanne Hammond,South Joseside,Mexico,2025-01-02
C1496,Tiffany Martin,Lake Lawrenceport,Argentina,2025-07-07
C1497,Patricia Marsh,West Aaronstad,Somalia,2025-10-30
C1498,Ryan Barron,Angelabury,Cook Islands,2024-04-27
C1499,Madison Fischer,Justinstad,Heard Island and McDonald Islands,2025-09-08
C1500,Isabella Ward,New Sean,Ireland,2024-07-29
C1501,Marc Gutierrez,Klineshire,Antarctica (the territory South of 60 deg S),2024-10-07
C1502,Caleb Robinson,Olsonland,Chad,2026-02-23
C1503,Michael Murray,South Jennyville,Mali,2025-07-10
C1504,Donald Barrett,Adamview,Portugal,2024-10-02
C1505,James Cross,North John,Bulgaria,2024-08-29
C1506,Dr. Michael Allen,West Robin,Singapore,2025-04-30
C1507,Virginia Moore,Andersonberg,Anguilla,2025-12-21
C1508,Todd Velazquez,Sandersland,Switzerland,2024-12-10
C1509,Nicole Holder,South Laura,Georgia,2025-01-21
C1510,Andrew Ramirez,New Heatherview,Afghanistan,2025-05-24
C1511,Jennifer Matthews,Briggshaven,Gibraltar,2024-10-26
C1512,James Brown,Port Kevinmouth,Solomon Islands,2025-04-20
C1513,Jennifer Rush,East Lori,North Macedonia,2025-07-09
C1514,Warren Lara,Phillipfort,Korea,2024-08-23
C1515,Allison Bowers,Port Edwin,Bosnia and Herzegovina,2024-11-28
C1516,Bailey Gonzales,North Cheryl,Uzbekistan,2026-01-22
C1517,Charles Mcgee,East Aaron,Netherlands Antilles,2025-10-28
C1518,Rachel Haas,Dennisfurt,Micronesia,2025-05-03
C1519,Robert Marshall,North Christopher,Mauritania,2024-07-18
C1520,Joy Ayers,Port Kellystad,Bermuda,2024-10-14
C1521,Melissa Richards,Port Jamieview,Lao People's Democratic Republic,2025-07-04
C1522,Justin Beck,Schwartzfort,Monaco,2024-10-03
C1523,Jose Bowen Jr.,Perryborough,Nigeria,2024-05-19
C1524,Alexis Hill,North Cheryltown,Netherlands,2024-12-21
C1525,Michael Mills,East Marcofurt,Kenya,2025-01-18
C1526,Robert Rodriguez,New Aprilville,British Virgin Islands,2026-02-07
C1527,Sabrina Perry,Mannington,British Indian Ocean Territory (Chagos Archipelago),2024-03-18
C1528,Ryan Jordan,South Haleyborough,United States Virgin Islands,2025-04-01
C1529,Aimee Jackson,New Barrychester,Croatia,2025-04-13
C1530,Anna Frazier,Heatherland,Marshall Islands,2024-04-19
C1531,Jose White,Ryanburgh,Saint Pierre and Miquelon,2025-08-22
C1532,Lauren Buckley,Knoxview,Kenya,2024-08-18
C1533,Daniel Allen,Leeview,Belgium,2024-11-08
C1534,Kelsey Hughes,Samanthatown,Lithuania,2025-07-14
C1535,Melissa Wilcox,Jonesview,Haiti,2025-11-14
C1536,Jack Bryant,Erinview,Wallis and Futuna,2025-11-16
C1537,Laura Taylor,Shannonport,Guinea,2025-04-20
C1538,Joseph Hubbard,East Megan,Belgium,2025-01-21
C1539,Karen Rodriguez,Port Alice,Armenia,2025-02-04
C1540,John Anderson,Lesliechester,Congo,2024-10-26
C1541,Katherine Morgan,Larsenfurt,Netherlands,2025-05-14
C1542,Dr. Joy Jackson,Lake Stevenport,Anguilla,2024-12-18
C1543,Melanie Gonzalez,Thompsonmouth,Eritrea,2024-09-24
C1544,Aaron Torres,Georgefort,Burkina Faso,2025-08-26
C1545,Sharon Flores,North Tiffanychester,Falkland Islands (Malvinas),2025-01-24
C1546,Larry Wood,South Jodihaven,Ecuador,2025-04-03
C1547,Rachel Morris,Clineburgh,Greenland,2025-07-07
C1548,Hannah Ferguson,North Kendraview,United States of America,2024-04-07
C1549,William Newman,Dianaberg,Venezuela,2025-10-01
C1550,Pamela Gray,North Michael,Cocos (Keeling) Islands,2024-06-16
C1551,Oscar Rodriguez,Leslietown,Croatia,2024-03-30
C1552,Mary Graves,Maxwellmouth,Sao Tome and Principe,2025-03-18
C1553,Brady Lopez,Fullerview,Rwanda,2025-07-09
C1554,Kathryn Baker,Alvarezmouth,Isle of Man,2024-05-25
C1555,Michael Figueroa,Granthaven,Argentina,2025-03-01
C1556,Olivia Hunter,Juliehaven,Spain,2025-04-03
C1557,Timothy Ritter,South Joshuafurt,Anguilla,2024-11-07
C1558,Kelly Flores DDS,East Matthew,Algeria,2025-09-14
C1559,Nicole Simmons,West David,Burkina Faso,2024-10-28
C1560,Rebekah Robertson,South Valerie,Romania,2025-08-29
C1561,Ashley Tyler,North Sara,Uruguay,2025-06-03
C1562,Donna Conner,Lake Preston,Ethiopia,2025-08-01
C1563,Tina Ruiz,Port Joseside,Maldives,2025-06-13
C1564,Diana Garcia,Port Diane,Lesotho,2024-07-12
C1565,Steven Stewart,New Brian,Zambia,2025-11-25
C1566,Michelle Hicks,Ayalaside,Honduras,2025-02-04
C1567,Julia Page,Campbellshire,Ukraine,2025-08-30
C1568,Frederick Robbins,West Kiara,Libyan Arab Jamahiriya,2024-11-06
C1569,George Dillon,Diazshire,Oman,2025-05-03
C1570,Nancy Donovan,Pughburgh,Vanuatu,2024-05-15
C1571,Jennifer Barker,Jerryburgh,New Zealand,2025-01-17
C1572,Terri Lyons,West Jeffreyberg,Congo,2024-09-19
C1573,Ernest Castillo,New Amandaport,Zimbabwe,2025-04-16
C1574,Bethany Oconnor,Owenport,Pitcairn Islands,2025-03-31
C1575,Angela Ward,East Kelly,Spain,2025-01-06
C1576,Melinda Johnson,Kimberlyton,Saint Pierre and Miquelon,2024-06-15
C1577,Peter Castillo,West Stephenchester,Sweden,2025-04-11
C1578,Phillip Lara,Brendaside,Croatia,2024-07-22
C1579,Allison Bridges,Lake Mindy,Saint Barthelemy,2025-02-08
C1580,Rhonda Gonzales,Francisville,Svalbard & Jan Mayen Islands,2025-12-24
C1581,Penny Rowe,Deanfurt,Israel,2024-09-10
C1582,Michelle Reed,Robinsonbury,Rwanda,2025-03-30
C1583,Jessica Daniels,Brianfort,Sierra Leone,2024-10-18
C1584,Laura Wright,North Kristinaside,Cyprus,2025-04-07
C1585,Nathan Daniel,Torresfurt,Papua New Guinea,2026-02-19
C1586,Jacob Davis,West Amy,Poland,2024-07-30
C1587,Brittany Miller,Lake Nicole,Rwanda,2025-08-02
C1588,Savannah Ballard,Underwoodberg,Samoa,2025-09-28
C1589,Carlos Wallace,New Christianberg,Tunisia,2026-01-19
C1590,Carly Cole,East Jenniferborough,Gabon,2025-12-10
C1591,Tina Murphy,Timothymouth,Guam,2025-02-27
C1592,Richard Massey,Larryton,Cuba,2025-07-24
C1593,Isaac Odonnell,Moorebury,Slovakia (Slovak Republic),2024-05-24
C1594,Jessica Lambert,Anafurt,New Caledonia,2024-12-15
C1595,Jennifer Morales,New Michael,Timor-Leste,2026-03-01
C1596,Wayne Wallace,New Jenny,Palau,2025-02-07
C1597,Brianna Smith,Ginahaven,Nicaragua,2025-06-25
C1598,Roberto Sparks,Mclaughlinbury,Micronesia,2024-06-27
C1599,Tammy Ford,Port Taylorchester,North Macedonia,2024-03-19
C1600,Tammy Ferguson,Gloriaborough,United Arab Emirates,2025-12-27
C1601,Paul Miller,Cindystad,Bolivia,2024-11-05
C1602,Nathan Campbell,West Amanda,Northern Mariana Islands,2024-12-07
C1603,Cheyenne Jensen,North Dennis,Mayotte,2026-01-22
C1604,Mary Hayes PhD,Romanhaven,United States Minor Outlying Islands,2026-02-05
C1605,James Mcclure,Patrickburgh,Nepal,2025-12-18
C1606,Heather House,Rosemouth,Brunei Darussalam,2024-04-03
C1607,Christina Carr,North Maxwell,Fiji,2025-05-07
C1608,Cristina Schmidt,Laurafort,Mauritania,2025-01-19
C1609,James Baker,North Jimmy,Singapore,2024-10-11
C1610,Debra Wright,Kellyport,India,2025-05-12
C1611,Michael Johnson,South Jeremyland,Algeria,2024-05-24
C1612,Alicia Marshall,East Teresa,Pakistan,2026-02-28
C1613,Melissa Michael,South Jennifer,Algeria,2025-03-26
C1614,Adam Smith,Kimberlyton,Australia,2024-08-27
C1615,Dennis Maldonado,Kennethbury,Congo,2025-12-10
C1616,Bryan Lopez,Waltonmouth,Libyan Arab Jamahiriya,2026-01-03
C1617,Tyler Yu PhD,Alishaport,Austria,2024-10-24
C1618,Gabriel Hall,Matthewfurt,Hong Kong,2024-11-24
C1619,Daniel Oneal,Stewartchester,Malaysia,2025-01-14
C1620,Christine Roberts,North Patrick,Vietnam,2025-12-05
C1621,William Alexander,Reyesfurt,Korea,2025-12-02
C1622,Kathleen Morgan,Lake Heather,Palestinian Territory,2025-11-26
C1623,Virginia Ware,Davidberg,Tonga,2025-05-23
C1624,John Moses,Laurenton,Dominica,2025-06-09
C1625,Teresa Burns,Christinemouth,Iraq,2025-07-15
C1626,Jessica Hernandez,Carterville,Guernsey,2025-02-25
C1627,Daniel Horn,Wagnerborough,Holy See (Vatican City State),2024-06-04
C1628,Corey Weaver,Carrollchester,Antigua and Barbuda,2025-09-07
C1629,Cynthia Kennedy,Brewerburgh,Guyana,2024-03-21
C1630,Kelsey Hanson,Laneview,Mali,2024-11-17
C1631,Ross Alvarado,West Dylanburgh,Denmark,2024-08-10
C1632,Kayla Lester,Lake Joelport,Azerbaijan,2025-06-14
C1633,Kelly Avila,North Joshua,Botswana,2025-03-14
C1634,Mr. Ronnie Cook,Virginiaside,Saint Barthelemy,2025-06-10
C1635,Laura Jones,Port Patrick,Macao,2024-12-26
C1636,Sabrina Campbell,New Daltonmouth,Puerto Rico,2025-07-14
C1637,Joyce Stanley,Connershire,China,2025-11-05
C1638,Ashley Wallace,Hudsonside,Falkland Islands (Malvinas),2026-02-16
C1639,Linda Smith,New Teresamouth,Jersey,2025-01-23
C1640,Russell Copeland,Garrettland,Argentina,2024-12-07
C1641,Donald Huff,Port Tracifort,Barbados,2024-09-04
C1642,Kristen Bryant,East Wendy,Saint Lucia,2026-01-06
C1643,Christopher Morgan,Saundersberg,Saint Barthelemy,2025-01-16
C1644,Melanie Rivas,North Davidland,Western Sahara,2024-11-18
C1645,Kevin Hunt,Emilystad,Pitcairn Islands,2025-11-16
C1646,Juan Golden,New Amyburgh,Cyprus,2025-09-28
C1647,Benjamin Johnson,East Shelbyburgh,Cuba,2024-09-23
C1648,Jennifer Gordon,Port Daniel,Luxembourg,2024-07-30
C1649,Karen Maynard,Shelbyhaven,Kenya,2025-11-11
C1650,Maria Mccullough,Karenbury,Guatemala,2024-08-16
C1651,Christopher Williams,Elizabethland,Svalbard & Jan Mayen Islands,2024-04-21
C1652,Mark Campbell,West Debraborough,Haiti,2026-01-06
C1653,Jennifer Shannon,New Colleen,Bouvet Island (Bouvetoya),2025-07-04
C1654,John Page,South Melissa,Holy See (Vatican City State),2024-07-23
C1655,Chad Noble,Dominguezbury,Christmas Island,2024-12-17
C1656,Jonathan Taylor,Morrishaven,French Polynesia,2024-03-10
C1657,Whitney Wong,Lake Amandatown,Costa Rica,2026-01-16
C1658,Chad Harris,West Ronaldchester,Saint Lucia,2024-11-16
C1659,Thomas Calderon,East Kayla,Palau,2024-06-15
C1660,Robert Morales MD,Moorechester,Uzbekistan,2025-04-06
C1661,Jordan Kerr,Brendafurt,Barbados,2024-09-26
C1662,Michael Boyd,South Tracy,Trinidad and Tobago,2024-09-25
C1663,Robert Anderson,Laurafurt,Turkmenistan,2024-11-15
C1664,Samuel Allen,Hollowayfort,Svalbard & Jan Mayen Islands,2025-10-19
C1665,Luis Daniels,Wrightfurt,China,2025-06-14
C1666,Karen Perkins,Gonzalezburgh,Belize,2025-12-21
C1667,Charles Davis,Kingbury,Kyrgyz Republic,2025-03-09
C1668,Thomas Baker,Anneview,Greece,2025-09-29
C1669,Thomas Foster,Bowmanberg,Tonga,2025-02-16
C1670,Christina Willis,Vaughanfurt,Kazakhstan,2024-11-26
C1671,Henry Williams,South Tracyshire,Kenya,2025-01-28
C1672,Brian Gonzales,Hamptonton,Honduras,2024-12-23
C1673,Melissa Freeman,Baileyland,Marshall Islands,2024-08-24
C1674,Joshua James,New Madisonchester,Dominica,2024-06-09
C1675,Timothy Berry,Meganview,Heard Island and McDonald Islands,2024-10-16
C1676,Megan Contreras DVM,Jamesborough,United States Virgin Islands,2026-01-14
C1677,Brandon Turner,Lisatown,Zimbabwe,2025-11-18
C1678,Tammy Fernandez,Spencerfort,Cuba,2025-12-26
C1679,Michael Wyatt,Chadmouth,Lebanon,2025-01-30
C1680,Cody Hill,Robinsonshire,Cayman Islands,2025-08-17
C1681,Cynthia Carter,Stephenshire,Belgium,2025-09-23
C1682,Dillon Ramirez,Lake Richardchester,Bahrain,2025-02-05
C1683,Janet Hudson,Theresahaven,American Samoa,2025-10-17
C1684,Joshua Williams,South Joshua,Nauru,2025-09-08
C1685,Aaron Morse,Aliciaberg,Switzerland,2024-07-02
C1686,Alex Baldwin,West Ashleystad,Guernsey,2025-11-19
C1687,Michael Gray,Paulburgh,Mauritius,2024-05-23
C1688,Kelly Walters,West Markview,Syrian Arab Republic,2025-02-05
C1689,Kara Davis,Alexisberg,Hong Kong,2024-04-06
C1690,Ryan Lewis,Lake Angela,Germany,2024-04-04
C1691,Jordan Gonzalez,Danielsburgh,Wallis and Futuna,2024-05-18
C1692,Kelly Kirby,Leslieview,Bahamas,2025-03-20
C1693,Isaac Yu,New Beckymouth,Paraguay,2025-06-29
C1694,Savannah Johns,South Ashley,Dominican Republic,2025-11-18
C1695,Olivia Chase,Lake Bridgetmouth,Gibraltar,2025-08-10
C1696,Cindy Mcgee,Tinaburgh,Mali,2025-08-07
C1697,Terri Thomas,North Jeremy,Bolivia,2025-09-04
C1698,Christine Boyle,Knoxside,Luxembourg,2026-02-10
C1699,Anthony Warren,Jasonfurt,Brazil,2024-07-28
C1700,Jennifer Carter,East Shelley,Vietnam,2025-03-06
C1701,Nicole Johnson,Ronaldborough,Palau,2025-12-22
C1702,Elizabeth Gutierrez,West Steven,Norfolk Island,2025-09-17
C1703,Erika Warren,New Charles,Switzerland,2025-08-21
C1704,Paul Carr,New Dawn,Nicaragua,2025-06-18
C1705,Steven Woods,North Meganbury,New Zealand,2025-04-05
C1706,William Rogers,West Rodney,Azerbaijan,2025-04-14
C1707,Sheila Schultz,New Meagan,Luxembourg,2025-10-10
C1708,Maria Simpson,Kimberlychester,Suriname,2024-04-08
C1709,Robert Sullivan,Port Chad,Albania,2025-09-06
C1710,Thomas Rich,Greenmouth,French Southern Territories,2025-01-23
C1711,Andre Baker,Ayalaville,Congo,2024-09-01
C1712,Zachary Crosby,Shannonfort,Portugal,2026-02-21
C1713,Nicole Thompson,Lopeztown,Argentina,2024-12-28
C1714,Alexandra Lynch,Lake Maryport,Senegal,2025-09-10
C1715,Paula Lyons,Jacksonshire,United Arab Emirates,2025-04-26
C1716,David Taylor,Lindashire,Bahamas,2025-01-24
C1717,Christina Conway,Mendozashire,Poland,2024-12-22
C1718,Adam Lambert,Robinstad,Syrian Arab Republic,2024-09-17
C1719,Johnathan Mack,North Abigailstad,Luxembourg,2024-07-23
C1720,Janet Duncan,Jamesberg,Indonesia,2025-09-18
C1721,Sharon Miller,Sancheztown,Bosnia and Herzegovina,2024-11-30
C1722,Michelle Gallegos,Joseview,Antigua and Barbuda,2026-02-14
C1723,Wanda Kelley,Kimberlyshire,Burundi,2024-07-21
C1724,Theresa Jones,Oscarfurt,Cook Islands,2024-12-08
C1725,Mark Burgess,East Angelabury,French Polynesia,2025-02-02
C1726,Natasha Sanchez,West Michaelfurt,Cook Islands,2024-09-08
C1727,Michael Nicholson,North Hannahhaven,Iraq,2026-02-18
C1728,Rachel Macias,Robertburgh,Kuwait,2025-03-22
C1729,Jamie Perez,East Deborah,Norfolk Island,2024-11-10
C1730,Johnny Mccann,Port Brooke,Saint Kitts and Nevis,2024-05-31
C1731,Michael Caldwell,Port Tiffanyville,Western Sahara,2025-09-22
C1732,Roberto Camacho,Shannonberg,Palau,2024-07-30
C1733,Patricia Flores,East Davidchester,South Africa,2024-11-15
C1734,Timothy Keller,East Davidshire,Luxembourg,2024-06-03
C1735,Cheryl Garrison,Rodgersport,Saudi Arabia,2025-04-25
C1736,Samantha Calhoun,Jenniferchester,Japan,2025-08-13
C1737,Andrea Walton,Lawrenceborough,Ecuador,2025-03-11
C1738,James Taylor,Donnaville,Luxembourg,2026-01-12
C1739,Erin Melton,Hensleyland,United States Virgin Islands,2024-11-22
C1740,Walter Watson,South Tyler,Uruguay,2025-08-14
C1741,Christopher Rogers,Jonathanview,Serbia,2025-12-09
C1742,Amanda Duke,North Donald,Ireland,2024-10-08
C1743,Colleen Woodward,New Deborah,Costa Rica,2025-06-17
C1744,Cory Ramirez,Martineztown,Saint Lucia,2025-01-07
C1745,Robert Ewing,South Stevenburgh,Falkland Islands (Malvinas),2025-11-24
C1746,Shannon Anderson,Huntershire,Saint Kitts and Nevis,2025-03-28
C1747,Michelle Mitchell,South Deborah,Belgium,2025-09-10
C1748,Eric Hull,Eduardochester,French Guiana,2024-08-15
C1749,Ana Adams,East Troyfurt,Iraq,2024-09-26
C1750,Cassandra Young,Hernandezfort,Solomon Islands,2025-03-14
C1751,Joseph Briggs,Bennettchester,Bahamas,2025-08-12
C1752,Wanda Santiago,Brentport,Saint Vincent and the Grenadines,2025-01-25
C1753,Nicholas Williams,Karenmouth,Cambodia,2025-08-07
C1754,Gwendolyn Brown,Websterchester,Ethiopia,2024-04-10
C1755,Emily Lopez,Pamelamouth,Bolivia,2025-07-02
C1756,Jackson Cook,Port Aaronstad,New Caledonia,2024-08-31
C1757,Frances Griffin,New Jacobbury,Brunei Darussalam,2025-06-28
C1758,Jennifer Vincent,Thomasshire,American Samoa,2025-05-07
C1759,Carmen Melton,Mccanntown,Denmark,2026-03-02
C1760,Joe Johnson,West Sarafurt,Estonia,2025-06-23
C1761,Aimee Sanders,Johnland,Namibia,2026-02-15
C1762,Jose Tate,Reynoldsberg,Saint Kitts and Nevis,2024-07-03
C1763,Nicholas Nelson,Port Michael,Marshall Islands,2026-01-06
C1764,Robin Hancock,Johnsonshire,Tunisia,2025-09-02
C1765,Carla Scott,North Jennifer,Zambia,2024-12-18
C1766,Jacqueline Martin,West Jaredshire,Cuba,2025-09-16
C1767,Dr. Kristen Garrison,Greenstad,Ecuador,2024-04-13
C1768,Christian Miranda,Port Frank,Tajikistan,2026-02-04
C1769,Zachary Barnes,Bradton,Ireland,2024-09-07
C1770,Kenneth Walls,Lake Joelville,Heard Island and McDonald Islands,2026-01-15
C1771,Joanne Smith,South Matthewhaven,Togo,2025-10-05
C1772,Andrea Nelson,West Johnfort,Albania,2024-05-31
C1773,Javier Moore,South Joshua,Suriname,2024-06-01
C1774,Teresa Malone,Elizabethchester,Saint Pierre and Miquelon,2025-07-12
C1775,Spencer Collins,Dianaland,Sweden,2025-04-20
C1776,Sheryl Cline,Kingbury,Brunei Darussalam,2025-07-06
C1777,Alisha Werner,Teresatown,Bahrain,2025-08-09
C1778,Michael Figueroa,East Robert,Greece,2025-03-15
C1779,Gabriel Perkins,New Ericshire,Sao Tome and Principe,2025-03-24
C1780,Christine Schroeder,Leefort,South Georgia and the South Sandwich Islands,2026-01-16
C1781,Holly Gray PhD,Lesliebury,Cook Islands,2024-04-16
C1782,Mr. Jeremy Mack III,Port Amy,Afghanistan,2025-04-09
C1783,Megan Clark,West Melissaberg,Kyrgyz Republic,2024-06-20
C1784,Julie Lopez,Henryville,Namibia,2024-04-18
C1785,Jeffrey Armstrong,East Micheal,Lesotho,2024-11-08
C1786,Kristen Holt,North Chadshire,Turkey,2025-06-28
C1787,Justin Rice,West Kelly,Niue,2024-12-22
C1788,Jennifer Aguilar DDS,New Kimville,Qatar,2025-03-22
C1789,Matthew Blackwell,Webbport,Costa Rica,2024-07-26
C1790,Jennifer Padilla,Herreraborough,Angola,2024-09-28
C1791,Michael Strong,Lake Judy,Guyana,2025-09-21
C1792,William Park,Cathyberg,Vietnam,2024-04-15
C1793,Karen Atkinson,Simpsonmouth,Taiwan,2024-12-19
C1794,Christopher Turner,South Deannaburgh,Faroe Islands,2024-08-12
C1795,Donald Dean,West Bryan,Niue,2024-10-09
C1796,Douglas Martinez,West Tyler,Ethiopia,2025-03-31
C1797,Jane Burgess,Lake Jamesport,Reunion,2025-12-17
C1798,Joseph Rhodes,New Joy,Heard Island and McDonald Islands,2024-03-20
C1799,Robert Moore,North Donnaland,Ukraine,2024-03-22
C1800,Lucas Anderson,Grossborough,Andorra,2025-06-26
C1801,Brian Harris,Maxchester,Thailand,2025-05-15
C1802,Jennifer Macias,Kirkberg,Sierra Leone,2025-09-25
C1803,Matthew Mcintosh,North Dorothyborough,Iran,2024-10-02
C1804,Mark Williams,Lake Marthabury,Spain,2025-03-20
C1805,Gregory Contreras,Port Andrewborough,Ecuador,2025-04-14
C1806,Savannah Hanson,Joestad,Norway,2025-12-12
C1807,Danielle Anderson,North Javiertown,French Guiana,2024-09-08
C1808,Deborah Hamilton,Mathisside,Kuwait,2025-07-12
C1809,Linda Hess,Amberberg,South Georgia and the South Sandwich Islands,2024-10-23
C1810,Joshua Hunter,Samanthamouth,Tunisia,2025-02-27
C1811,Brandi Hill,Haroldland,Cayman Islands,2025-11-03
C1812,Karen Hammond,New Christopherside,Cyprus,2025-06-04
C1813,Deborah Burton,Deborahview,Croatia,2026-01-07
C1814,Andrew Wagner,Newtonmouth,Kazakhstan,2024-06-21
C1815,Carolyn Ray,Rodneybury,United Kingdom,2024-07-21
C1816,Levi Dunn,Maryport,South Georgia and the South Sandwich Islands,2024-06-01
C1817,Ryan Flores,Saraside,Zimbabwe,2025-10-18
C1818,Cynthia Bates,West Michael,Benin,2024-05-09
C1819,Ian Newman,Kimberlychester,Turkmenistan,2024-04-27
C1820,Kimberly Morris,Leonshire,Malaysia,2025-02-03
C1821,Wendy Rosales,Jasonshire,Macao,2025-09-28
C1822,Andrew Saunders,Lake Richardhaven,Solomon Islands,2025-09-17
C1823,David Valencia,Wareborough,Palestinian Territory,2024-09-20
C1824,Jennifer Martin,Michellefort,Panama,2024-07-21
C1825,Kevin Anderson,East Amanda,Madagascar,2025-08-26
C1826,Emily Kelley,Jenniferstad,France,2025-08-01
C1827,Brandon Miller,Port Mary,Central African Republic,2026-01-06
C1828,Carlos Lopez,Pamelaberg,Gabon,2024-04-20
C1829,Laura Schwartz,Kyleport,Denmark,2025-07-30
C1830,Darrell Walker,East Thomas,Marshall Islands,2025-12-21
C1831,Matthew May,Reedfurt,Honduras,2024-06-06
C1832,Cheryl Hayes,East Thomas,Guadeloupe,2026-01-23
C1833,Jacqueline Fitzgerald,Amandamouth,Bhutan,2025-03-14
C1834,Jason Smith,West Pamelahaven,Cape Verde,2024-11-09
C1835,Mark Thompson,Frankfort,Kiribati,2024-08-16
C1836,Troy James,Medinaland,Guinea-Bissau,2025-07-06
C1837,Peter Howell,Ramosland,French Polynesia,2025-02-03
C1838,Christopher Strong,Cooperfurt,Sudan,2025-11-10
C1839,Calvin Benitez,South Kellyberg,Turks and Caicos Islands,2025-04-24
C1840,Crystal Buckley DVM,Mooreton,Guinea-Bissau,2025-07-25
C1841,Donald Montoya,Nicoleland,United Arab Emirates,2025-10-08
C1842,Jon Jones,North Kimberly,Georgia,2025-05-24
C1843,Erika Parker,Palmerchester,Guinea,2024-08-17
C1844,Richard Wiggins,East Angelaberg,Malawi,2024-10-15
C1845,Rachael Williams,Harrisport,Tokelau,2026-02-23
C1846,Kimberly Mcdonald,West Daniel,Uruguay,2025-02-22
C1847,Sarah Williams,East Kevin,Guatemala,2025-11-23
C1848,Vincent Griffin,Bruceburgh,Vietnam,2025-02-24
C1849,Alexis James,Maldonadoburgh,Jamaica,2024-05-28
C1850,Jennifer Pierce,Flynnborough,Uganda,2025-03-24
C1851,Jason King,Robinbury,Panama,2025-12-30
C1852,Holly Lynn,Port Andrewtown,British Indian Ocean Territory (Chagos Archipelago),2025-01-18
C1853,Jill Perez,Lake Warrenberg,French Southern Territories,2025-09-16
C1854,Daniel Anthony,Fullerville,Trinidad and Tobago,2025-08-08
C1855,John Wilson,North Carolynton,Yemen,2024-09-03
C1856,Amy Morales,South Teresa,Ecuador,2025-07-22
C1857,James Andrade,Hernandezmouth,Netherlands,2025-06-17
C1858,James Carson,Meganfurt,Norfolk Island,2024-11-16
C1859,Jimmy Sharp,South Heather,Cambodia,2025-01-20
C1860,Betty Spence,Barbaratown,Netherlands Antilles,2025-11-13
C1861,Jamie Chen,North Christophermouth,Germany,2024-08-28
C1862,Bryan Kaiser,South Benjaminport,Swaziland,2025-11-04
C1863,Bryan Holmes,North Adriana,Finland,2024-05-04
C1864,Jesse Fernandez,Lake Thomasstad,Russian Federation,2025-12-22
C1865,Connie Barnes DDS,Elizabethside,Zimbabwe,2025-11-15
C1866,George Thompson,Danamouth,Iceland,2025-11-30
C1867,Mary Murillo,Lake Emily,Puerto Rico,2026-01-31
C1868,Stephen Heath,New Karenchester,Poland,2025-08-04
C1869,Michaela Black,Williamtown,Cote d'Ivoire,2026-01-11
C1870,Eileen Christian,Foxmouth,Cayman Islands,2024-06-03
C1871,Latoya Martin,New Nathanielview,Sudan,2025-11-22
C1872,Brenda Martin,Florestown,Tanzania,2025-08-21
C1873,Lindsey Woods,Port Brandon,Barbados,2026-02-16
C1874,Shannon Rivera,East James,Cuba,2024-05-25
C1875,Edward Tucker,Williamsmouth,Sri Lanka,2025-04-24
C1876,Zachary Ferguson,Mosleyborough,Kuwait,2025-09-07
C1877,Curtis Goodwin MD,South Brandon,Isle of Man,2024-12-19
C1878,Sheila Calderon,West Rogerbury,Lithuania,2025-10-07
C1879,Dorothy Riley,Dickersonberg,Lithuania,2025-11-23
C1880,Jeffrey Rojas,Chadville,New Caledonia,2025-02-24
C1881,Bradley Lambert,Lunaside,San Marino,2025-04-11
C1882,Kimberly Brown,North Josephtown,Libyan Arab Jamahiriya,2024-11-05
C1883,Nancy Turner,Caitlinstad,Russian Federation,2025-05-04
C1884,Mr. Charles Meyer MD,Floresmouth,Argentina,2024-12-07
C1885,Jessica Johnston,New Michaelshire,Palestinian Territory,2026-01-29
C1886,Matthew Cohen,East Kyle,Lesotho,2025-03-28
C1887,Casey Johnson,Mendozaton,Malawi,2024-12-04
C1888,Bryan Rodriguez,West Gary,Switzerland,2025-09-23
C1889,Anthony Ayala,South Shawn,Saudi Arabia,2025-05-27
C1890,Fred Alvarez,Jasonland,Philippines,2025-07-24
C1891,Alison Medina,Jamesstad,Martinique,2024-08-28
C1892,Juan Mueller,New Dillonfurt,United Arab Emirates,2026-01-16
C1893,Audrey Fox,Lowefort,Nepal,2025-11-14
C1894,Jonathan Nunez,Lake Theresa,Slovenia,2024-09-15
C1895,Krystal Liu,New Eric,Greece,2024-10-30
C1896,Kevin Garcia,West Kathleen,Brunei Darussalam,2025-06-12
C1897,Erin Martinez PhD,East Lauraland,Saint Pierre and Miquelon,2024-11-16
C1898,Theresa Green,Edwardbury,Palestinian Territory,2025-05-28
C1899,Jennifer Lamb,East Aaronberg,Kiribati,2025-03-29
C1900,Joshua Maldonado,Masontown,Turkey,2025-01-17
C1901,Jeremy Crawford,Port Loritown,Saint Vincent and the Grenadines,2024-08-27
C1902,Karina Collins,Port Sandrafort,Tuvalu,2025-10-03
C1903,Justin Garcia,Richardsonside,Ghana,2026-02-27
C1904,Kristen Wang,Port Charlesberg,Czech Republic,2025-07-26
C1905,William Sanchez,South Anthonyville,Swaziland,2024-07-24
C1906,Sheryl Pruitt DDS,Johnside,Korea,2025-06-21
C1907,Brittany Carter,Paultown,Estonia,2025-09-03
C1908,Charles Jones,Kennethville,British Virgin Islands,2024-06-27
C1909,Michael Zhang,East Timothyborough,New Caledonia,2024-10-03
C1910,Travis Rivera,Robertmouth,Finland,2024-07-18
C1911,James Lloyd,Michaelstad,Montenegro,2025-02-07
C1912,Frank Rivers,Elizabethtown,Poland,2025-03-09
C1913,Heather Reynolds,Veronicaland,Gabon,2024-10-20
C1914,Cory Freeman,New Victoria,Croatia,2024-08-31
C1915,Lauren Frazier,Port Connieland,Ukraine,2026-01-16
C1916,Ricky Andrews,West Justin,Martinique,2024-03-17
C1917,Douglas Martin,East Henry,Saint Pierre and Miquelon,2024-12-13
C1918,Carrie Mueller,Jordanfurt,Zambia,2024-05-29
C1919,Christina Lewis,Wintersview,Morocco,2025-04-26
C1920,Dylan Arnold,Kevinhaven,Timor-Leste,2026-01-26
C1921,Alex Foster,Port Williammouth,Uzbekistan,2024-12-23
C1922,James Scott,Port Aliciaton,Malawi,2025-12-23
C1923,Jennifer Mason,Lake Steve,Mongolia,2025-04-23
C1924,John Garrett,South Juanview,Lebanon,2025-03-06
C1925,Julie Johnson,West Jasonhaven,Palau,2025-07-19
C1926,Heather Jones,Selenabury,Libyan Arab Jamahiriya,2024-04-17
C1927,Joel Figueroa MD,North Savannah,El Salvador,2025-10-03
C1928,Sarah Brown,New Kristinemouth,Saint Kitts and Nevis,2025-08-28
C1929,Stephen Warren,West Stephen,Ghana,2024-10-07
C1930,Mark Hanna,Sparkston,Greece,2024-03-13
C1931,Lonnie Harding,West Roychester,Sierra Leone,2024-11-29
C1932,Megan Jones,Kylestad,Macao,2025-09-20
C1933,William Conley,West Audreychester,Kazakhstan,2024-04-24
C1934,Jessica Manning,New Shawn,Gambia,2026-01-30
C1935,Ruben Thomas,West George,Congo,2025-07-24
C1936,Rachel Hardy,South Eddiefurt,Chad,2025-01-06
C1937,Janice Evans,Jonesland,Belize,2024-11-15
C1938,Teresa Gordon,Pittmanberg,Tajikistan,2024-06-30
C1939,Stephen Martinez,East Rachaelview,South Africa,2024-11-29
C1940,Lynn Wood,South Aprilville,Mexico,2025-02-02
C1941,Jennifer Wagner,Zunigaton,Ecuador,2026-01-28
C1942,Olivia Thomas,West Autumnside,Uruguay,2024-06-15
C1943,Mark Mann,Loweryborough,Marshall Islands,2025-03-28
C1944,Denise Osborn,Port Lisaview,Wallis and Futuna,2025-02-13
C1945,Sonya Silva,Martinezbury,Austria,2024-08-06
C1946,Darren Robertson,Bryanhaven,Ecuador,2024-07-06
C1947,Erika Cisneros,Jamesfort,Burkina Faso,2024-09-20
C1948,Stephanie Watson,Nicolebury,Niger,2025-01-31
C1949,Vincent Baldwin,South Whitneyfort,Mauritania,2024-12-09
C1950,Michael Rogers,Davidview,Serbia,2025-06-06
C1951,Jessica Stout DVM,New Marymouth,Eritrea,2025-04-19
C1952,Kevin Harris,New Erin,Niue,2024-10-12
C1953,James Becker,Ortegaville,Guam,2026-02-02
C1954,Ricky Franklin,Carpenterberg,Colombia,2025-12-05
C1955,Tammy Moyer,New Terriborough,French Guiana,2025-03-30
C1956,Cindy Lane,Andersontown,Samoa,2024-06-05
C1957,Christine Keller,West Jesse,Iceland,2025-01-14
C1958,Anthony Evans,Adamsbury,Cote d'Ivoire,2024-07-16
C1959,Darrell Cunningham,North Michelleshire,Indonesia,2024-12-08
C1960,Duane Campbell,West Marioshire,Sao Tome and Principe,2024-04-12
C1961,Dana Austin,Michaelview,Cocos (Keeling) Islands,2024-05-29
C1962,Antonio Sullivan,Beckside,British Virgin Islands,2024-04-30
C1963,Natalie Mason,South Jonathan,Madagascar,2025-11-22
C1964,Sara Johnson,West Jasonmouth,Dominican Republic,2025-08-29
C1965,Cassandra Goodman,Burtonmouth,Lebanon,2024-10-15
C1966,Amber Peters,South Kennethview,United States of America,2025-09-25
C1967,Benjamin Wolf,West Alexis,Egypt,2025-08-19
C1968,Eric Riley,Jeromestad,Denmark,2024-08-16
C1969,Charles Rodriguez,Michellefort,Montserrat,2025-05-14
C1970,Nancy Davenport,Schmidtbury,United States of America,2025-06-26
C1971,Pamela Trevino,Bonillachester,Armenia,2025-08-08
C1972,Zachary Hays,New Scottside,Costa Rica,2024-10-01
C1973,Jacob Alexander,Rileyside,Burundi,2025-02-22
C1974,Priscilla Miller,West Cynthiaport,Aruba,2025-03-10
C1975,Jesse Allen,Margarettown,Venezuela,2025-02-20
C1976,Jeremy Manning,Lake Randystad,Liechtenstein,2025-12-05
C1977,Nathan Howell,New Jenniferport,Tokelau,2026-02-08
C1978,Laura Scott,Maryfurt,Somalia,2024-12-27
C1979,Ashley Horton,East Benjaminstad,Bolivia,2025-06-04
C1980,Shane Barnes,East Alexandermouth,Saint Pierre and Miquelon,2025-08-25
C1981,Cody Hines,Wrightchester,Pakistan,2025-05-02
C1982,Lori Krause,Trujilloborough,Argentina,2025-01-07
C1983,Brian Smith,Timothyview,Australia,2025-06-23
C1984,Susan Atkinson,New Karishire,Antigua and Barbuda,2025-08-01
C1985,Karen Baker,North Peter,Angola,2025-07-25
C1986,Steven Hamilton,New Charles,Tunisia,2024-04-29
C1987,Randy Woodard MD,Haroldport,New Zealand,2025-03-03
C1988,Joshua Grant,South Thomasside,Antarctica (the territory South of 60 deg S),2025-01-26
C1989,Michelle Ryan,North Sheila,Korea,2025-07-25
C1990,Kelly Browning,Annaview,Chile,2024-07-18
C1991,Molly Davis,Port Georgemouth,Guatemala,2025-02-11
C1992,Travis Jackson,Humphreyborough,United States Virgin Islands,2026-02-23
C1993,Joseph Gutierrez,Molinastad,Liechtenstein,2025-03-30
C1994,Lisa Kaufman,Dustinport,Fiji,2024-06-27
C1995,Brenda Fuentes,West Aaron,French Guiana,2025-03-01
C1996,Emily Foley,North Jonathan,Antarctica (the territory South of 60 deg S),2025-09-05
C1997,Christopher Phillips,Trevorton,Uruguay,2024-09-22
C1998,Rhonda Cross,Paulhaven,Albania,2024-05-21
C1999,Megan Sullivan,Romerofort,Hungary,2024-06-05
C2000,Karen Hernandez,North William,Senegal,2025-12-01
