order_id,customer_id,product_id,order_date,quantity
O00001,C0275,P048,2025-07-01,2
O00002,C0638,P078,2025-04-18,1
O00003,C1625,P082,2025-12-12,5
O00004,C0041,P007,2025-08-13,4
O00005,C1188,P061,2025-11-28,2
O00006,C0483,P092,2025-04-21,4
O00007,C0192,P032,2025-10-29,4
O00008,C0647,P085,2025-11-07,3
O00009,C1279,P020,2025-11-21,5
O00010,C1839,P050,2025-03-15,1
O00011,C1188,P069,2025-06-14,5
O00012,C0151,P083,2025-08-04,1
O00013,C1035,P023,2025-10-06,3
O00014,C0030,P018,2025-07-31,1
O00015,C1871,P081,2025-06-13,2
O00016,C0480,P088,2025-06-18,4
O00017,C0730,P079,2025-05-23,2
O00018,C1989,P035,2025-05-18,2
O00019,C1948,P098,2025-08-04,3
O00020,C0602,P100,2025-08-16,4
O00021,C0451,P072,2025-05-06,1
O00022,C0570,P092,2025-07-11,5
O00023,C0498,P083,2026-02-17,5
O00024,C0738,P024,2026-03-02,3
O00025,C0296,P026,2026-01-20,4
O00026,C0157,P076,2025-05-22,4
O00027,C1998,P087,2025-05-11,1
O00028,C1408,P030,2025-10-11,1
O00029,C0656,P095,2025-07-30,3
O00030,C0213,P038,2025-06-03,1
O00031,C1161,P064,2025-09-30,2
O00032,C0872,P029,2025-11-16,3
O00033,C0251,P015,2026-01-22,1
O00034,C1847,P004,2025-11-15,3
O00035,C1513,P081,2026-01-21,3
O00036,C0689,P068,2025-12-14,1
O00037,C1699,P028,2025-05-20,3
O00038,C0544,P052,2026-02-21,5
O00039,C0032,P087,2025-03-26,5
O00040,C1931,P039,2026-01-01,2
O00041,C0411,P013,2025-09-03,5
O00042,C0313,P064,2026-01-06,1
O00043,C1202,P093,2026-01-07,4
O00044,C0880,P002,2025-08-17,1
O00045,C1541,P001,2025-03-22,4
O00046,C0160,P066,2025-11-26,1
O00047,C0091,P064,2025-03-09,1
O00048,C1658,P063,2025-06-20,5
O00049,C0355,P079,2026-01-21,4
O00050,C0550,P073,2025-10-14,4
O00051,C0094,P018,2025-06-25,2
O00052,C1883,P056,2025-03-18,2
O00053,C0535,P046,2025-06-28,1
O00054,C0418,P047,2025-05-15,1
O00055,C0579,P012,2025-09-29,4
O00056,C0947,P054,2025-04-22,2
O00057,C0395,P075,2025-04-10,3
O00058,C0798,P061,2025-12-19,4
O00059,C0576,P030,2026-03-03,4
O00060,C0991,P085,2026-03-05,3
O00061,C0429,P021,2025-12-16,5
O00062,C1292,P077,2025-12-23,5
O00063,C0294,P006,2025-12-31,1
O00064,C1339,P014,2025-04-22,4
O00065,C0577,P015,2025-07-14,4
O00066,C0358,P033,2025-06-21,1
O00067,C0462,P021,2025-09-05,5
O00068,C0239,P092,2025-11-12,3
O00069,C1807,P096,2025-07-01,3
O00070,C1588,P012,2025-04-26,1
O00071,C1452,P051,2025-11-11,1
O00072,C0623,P025,2025-03-11,4
O00073,C0524,P061,2025-05-22,5
O00074,C1231,P082,2025-12-31,3
O00075,C1939,P069,2025-05-11,1
O00076,C0340,P069,2025-07-27,2
O00077,C0209,P092,2025-12-26,1
O00078,C1922,P062,2025-10-14,2
O00079,C1139,P010,2026-01-20,3
O00080,C0739,P041,2025-10-24,2
O00081,C0409,P045,2025-10-23,5
O00082,C0108,P033,2025-05-18,5
O00083,C1630,P025,2026-02-10,4
O00084,C1866,P085,2025-06-03,3
O00085,C1311,P017,2026-01-25,2
O00086,C1691,P076,2025-11-19,2
O00087,C0896,P090,2025-05-06,4
O00088,C1885,P042,2026-01-16,4
O00089,C1343,P003,2025-10-10,1
O00090,C1034,P016,2025-08-19,3
O00091,C1547,P022,2025-08-08,3
O00092,C0364,P016,2025-10-07,4
O00093,C1872,P016,2026-01-13,3
O00094,C1587,P074,2025-09-25,5
O00095,C0252,P031,2025-08-07,3
O00096,C0335,P035,2025-04-13,5
O00097,C1962,P009,2025-05-12,2
O00098,C1688,P018,2026-02-10,5
O00099,C0339,P024,2025-05-26,2
O00100,C0268,P072,2025-05-14,2
O00101,C1998,P097,2026-01-31,4
O00102,C0146,P074,2025-04-02,3
O00103,C1837,P077,2026-01-05,2
O00104,C0862,P006,2025-12-26,5
O00105,C1840,P042,2025-11-19,4
O00106,C1753,P014,2025-11-28,4
O00107,C1021,P022,2026-03-05,5
O00108,C1329,P091,2025-12-12,3
O00109,C0722,P023,2025-08-07,5
O00110,C0658,P097,2025-07-31,3
O00111,C1386,P092,2026-03-06,5
O00112,C0139,P062,2025-09-21,4
O00113,C0559,P068,2025-08-07,4
O00114,C1875,P046,2026-02-05,2
O00115,C0435,P097,2025-09-04,1
O00116,C0638,P013,2025-09-15,2
O00117,C0538,P056,2025-07-04,4
O00118,C0562,P059,2025-05-19,4
O00119,C1146,P031,2026-01-31,4
O00120,C1627,P067,2025-03-21,4
O00121,C0983,P019,2026-02-02,1
O00122,C0681,P081,2026-03-09,3
O00123,C0273,P009,2025-03-12,3
O00124,C0447,P046,2025-05-19,3
O00125,C0363,P066,2025-08-30,4
O00126,C0873,P044,2025-11-10,1
O00127,C1885,P094,2026-03-04,5
O00128,C0973,P015,2025-09-01,4
O00129,C0300,P079,2025-10-09,2
O00130,C0729,P095,2025-12-02,5
O00131,C0970,P004,2025-05-16,4
O00132,C1053,P005,2025-09-15,3
O00133,C1492,P077,2025-04-30,5
O00134,C1547,P090,2026-02-01,1
O00135,C1425,P016,2025-05-31,5
O00136,C0491,P095,2025-06-01,4
O00137,C1967,P021,2025-04-19,4
O00138,C0755,P007,2025-11-09,4
O00139,C0131,P024,2026-02-24,2
O00140,C1338,P027,2026-01-22,1
O00141,C0930,P094,2026-02-04,1
O00142,C0477,P002,2025-12-16,1
O00143,C1955,P029,2025-09-24,1
O00144,C0926,P059,2025-04-14,1
O00145,C1080,P018,2025-03-20,2
O00146,C0688,P039,2026-03-01,1
O00147,C0943,P087,2025-03-13,4
O00148,C0434,P089,2026-01-06,2
O00149,C0147,P082,2025-06-05,4
O00150,C1393,P024,2025-11-25,1
O00151,C1170,P063,2025-10-11,1
O00152,C1592,P004,2025-04-16,4
O00153,C0005,P005,2025-11-27,4
O00154,C0339,P024,2025-07-09,3
O00155,C0619,P093,2025-11-18,2
O00156,C0159,P020,2025-07-26,4
O00157,C0595,P043,2026-02-10,5
O00158,C0686,P087,2025-05-01,3
O00159,C1070,P033,2025-04-28,1
O00160,C0103,P047,2025-04-27,4
O00161,C1547,P047,2026-01-12,4
O00162,C1773,P047,2025-11-16,1
O00163,C0308,P034,2025-12-30,2
O00164,C1781,P039,2025-12-16,1
O00165,C1567,P069,2025-11-03,3
O00166,C1787,P072,2025-08-29,2
O00167,C0641,P006,2025-09-21,2
O00168,C0674,P091,2025-06-23,5
O00169,C0265,P009,2025-10-15,2
O00170,C0006,P020,2025-10-05,1
O00171,C0169,P029,2025-08-19,3
O00172,C0837,P010,2025-09-30,1
O00173,C0077,P027,2025-08-09,2
O00174,C1207,P071,2025-04-06,3
O00175,C0994,P064,2026-01-23,2
O00176,C1060,P013,2026-01-14,3
O00177,C0191,P077,2026-02-13,2
O00178,C1395,P018,2025-11-04,1
O00179,C1885,P048,2025-03-09,1
O00180,C1885,P063,2025-04-13,4
O00181,C0919,P058,2025-04-20,5
O00182,C1596,P099,2026-02-02,4
O00183,C0132,P050,2026-01-02,3
O00184,C0694,P002,2025-07-23,5
O00185,C1168,P052,2025-09-18,2
O00186,C1884,P025,2026-01-23,1
O00187,C1336,P020,2025-08-27,4
O00188,C1592,P063,2026-02-15,1
O00189,C1103,P090,2025-11-23,5
O00190,C1192,P033,2025-10-23,4
O00191,C1609,P028,2025-10-06,5
O00192,C1132,P012,2025-06-15,4
O00193,C1582,P072,2025-12-27,4
O00194,C0807,P026,2025-11-16,3
O00195,C1374,P068,2026-01-04,4
O00196,C1256,P065,2025-05-22,5
O00197,C1632,P046,2025-06-09,2
O00198,C1148,P057,2025-07-15,3
O00199,C0765,P097,2026-01-24,5
O00200,C0087,P082,2025-05-30,1
O00201,C0624,P080,2026-02-07,2
O00202,C1473,P087,2025-05-24,2
O00203,C1676,P010,2025-12-18,3
O00204,C1517,P081,2026-01-03,3
O00205,C0956,P063,2025-12-15,4
O00206,C1799,P041,2025-06-20,2
O00207,C1076,P010,2025-03-28,5
O00208,C1044,P037,2025-10-17,3
O00209,C0203,P095,2025-12-06,3
O00210,C1407,P061,2025-05-25,1
O00211,C1021,P080,2025-06-21,2
O00212,C1518,P030,2025-10-05,4
O00213,C1433,P017,2025-06-11,3
O00214,C0804,P094,2025-05-27,4
O00215,C1940,P037,2025-11-04,1
O00216,C0653,P040,2025-06-07,1
O00217,C0551,P053,2026-01-01,5
O00218,C1620,P071,2026-01-01,1
O00219,C0069,P022,2025-05-21,2
O00220,C0773,P003,2025-12-12,4
O00221,C0854,P096,2025-10-09,5
O00222,C1014,P078,2026-03-07,3
O00223,C0700,P092,2025-07-21,3
O00224,C1269,P058,2025-08-23,1
O00225,C0795,P005,2026-01-08,2
O00226,C1075,P080,2025-09-28,2
O00227,C1373,P097,2025-06-27,2
O00228,C1977,P042,2025-08-23,1
O00229,C1496,P036,2025-03-16,5
O00230,C1684,P038,2025-10-15,2
O00231,C0495,P044,2026-01-16,4
O00232,C0298,P006,2025-11-08,1
O00233,C1407,P082,2025-03-23,3
O00234,C1009,P052,2025-05-11,1
O00235,C0816,P008,2025-07-01,3
O00236,C0894,P057,2025-07-04,2
O00237,C0039,P050,2025-03-31,4
O00238,C0037,P010,2025-06-04,5
O00239,C0237,P068,2025-09-21,1
O00240,C0620,P019,2025-09-20,1
O00241,C0350,P052,2025-05-28,5
O00242,C1055,P080,2025-04-10,4
O00243,C0278,P097,2025-05-04,5
O00244,C0670,P060,2026-02-14,3
O00245,C1397,P056,2025-06-03,4
O00246,C0370,P062,2025-07-10,2
O00247,C0274,P084,2025-04-20,3
O00248,C1744,P060,2025-11-19,4
O00249,C0439,P096,2026-01-26,2
O00250,C0046,P079,2026-01-06,1
O00251,C0522,P038,2025-08-11,2
O00252,C1708,P055,2025-03-26,1
O00253,C1864,P006,2025-10-30,3
O00254,C1418,P076,2025-06-16,1
O00255,C1241,P008,2025-11-13,5
O00256,C0439,P020,2025-08-17,3
O00257,C0920,P073,2025-07-24,2
O00258,C1082,P093,2025-05-21,5
O00259,C1361,P015,2025-09-21,2
O00260,C1213,P049,2026-01-02,1
O00261,C1241,P085,2025-11-01,4
O00262,C0534,P022,2025-09-12,4
O00263,C0076,P078,2025-05-17,5
O00264,C0602,P089,2025-06-07,1
O00265,C1552,P025,2025-06-22,1
O00266,C0363,P078,2025-08-03,1
O00267,C1160,P061,2025-08-03,2
O00268,C1116,P069,2026-01-10,5
O00269,C0228,P024,2025-08-27,4
O00270,C0927,P076,2026-02-23,2
O00271,C1362,P076,2025-08-05,4
O00272,C1061,P050,2026-03-08,1
O00273,C1088,P004,2025-07-01,3
O00274,C0643,P036,2026-03-03,4
O00275,C0844,P074,2025-10-07,3
O00276,C1880,P085,2026-02-04,5
O00277,C0327,P054,2026-01-03,4
O00278,C1733,P093,2025-11-10,2
O00279,C1940,P051,2025-11-26,1
O00280,C1662,P096,2025-07-20,2
O00281,C0827,P081,2025-06-23,5
O00282,C1212,P064,2025-07-14,2
O00283,C0804,P098,2025-04-08,1
O00284,C0628,P080,2025-03-19,4
O00285,C0568,P053,2026-01-01,3
O00286,C1273,P079,2025-05-03,2
O00287,C0733,P079,2025-07-09,5
O00288,C0561,P068,2025-06-07,1
O00289,C1814,P026,2025-04-02,1
O00290,C1868,P100,2025-07-18,2
O00291,C1201,P022,2025-04-01,2
O00292,C0596,P046,2025-11-05,1
O00293,C1263,P085,2025-11-25,1
O00294,C0483,P016,2025-07-15,4
O00295,C0381,P039,2026-01-05,4
O00296,C1309,P021,2025-11-08,1
O00297,C1137,P081,2025-08-16,4
O00298,C1399,P100,2025-09-12,4
O00299,C0709,P076,2025-12-26,4
O00300,C1452,P084,2025-05-28,3
O00301,C0264,P097,2025-08-28,1
O00302,C1409,P012,2025-03-31,5
O00303,C0367,P070,2026-01-01,5
O00304,C1677,P001,2026-01-03,5
O00305,C1826,P024,2025-10-04,2
O00306,C0247,P070,2025-04-11,4
O00307,C0786,P043,2025-09-05,2
O00308,C1558,P072,2025-11-08,1
O00309,C0961,P061,2026-02-06,5
O00310,C1276,P061,2025-09-01,4
O00311,C0510,P040,2025-10-04,1
O00312,C0092,P008,2025-10-03,3
O00313,C1431,P025,2025-05-12,3
O00314,C0219,P067,2025-06-26,5
O00315,C0231,P021,2025-04-01,5
O00316,C1724,P069,2025-06-17,5
O00317,C1357,P053,2025-03-31,3
O00318,C1807,P027,2026-01-27,5
O00319,C1920,P001,2026-02-14,2
O00320,C1509,P050,2025-04-28,2
O00321,C1323,P049,2025-08-27,1
O00322,C1527,P049,2025-07-23,1
O00323,C1915,P065,2025-09-08,4
O00324,C1295,P029,2026-02-20,4
O00325,C0559,P029,2026-01-08,3
O00326,C0946,P048,2025-12-14,5
O00327,C1961,P011,2025-12-24,2
O00328,C0745,P020,2025-12-03,2
O00329,C1252,P055,2026-02-07,2
O00330,C0783,P038,2025-11-22,3
O00331,C1069,P027,2025-08-26,4
O00332,C0299,P002,2025-08-04,5
O00333,C1393,P057,2025-10-30,5
O00334,C0437,P008,2025-10-08,2
O00335,C0174,P043,2025-10-12,3
O00336,C0713,P017,2025-06-19,4
O00337,C0396,P019,2025-08-26,1
O00338,C0156,P087,2025-04-30,4
O00339,C0949,P073,2025-04-30,2
O00340,C0206,P008,2025-05-09,4
O00341,C0795,P015,2025-11-08,4
O00342,C0029,P030,2025-07-26,2
O00343,C1487,P093,2025-07-23,5
O00344,C1145,P098,2025-08-07,5
O00345,C1180,P049,2026-02-24,1
O00346,C0709,P013,2025-05-26,3
O00347,C1014,P037,2025-07-05,2
O00348,C0157,P051,2026-01-01,3
O00349,C0612,P002,2025-11-01,2
O00350,C1434,P082,2026-01-10,3
O00351,C0311,P031,2025-12-29,2
O00352,C0394,P005,2025-06-29,3
O00353,C1410,P048,2025-05-04,5
O00354,C0143,P011,2026-03-08,4
O00355,C1207,P062,2025-12-25,2
O00356,C1742,P014,2026-01-15,3
O00357,C0511,P083,2025-12-07,5
O00358,C1033,P022,2025-07-13,3
O00359,C1474,P009,2025-10-29,2
O00360,C1859,P086,2026-01-12,2
O00361,C1711,P065,2025-04-08,2
O00362,C1870,P050,2025-06-11,5
O00363,C0688,P035,2025-04-03,2
O00364,C1373,P054,2025-06-21,3
O00365,C0393,P006,2025-04-15,4
O00366,C1970,P095,2025-04-06,3
O00367,C0940,P055,2025-07-30,3
O00368,C1669,P062,2026-02-10,5
O00369,C1778,P036,2026-02-16,2
O00370,C1804,P030,2025-12-08,1
O00371,C1850,P019,2025-08-09,3
O00372,C0909,P019,2026-02-01,4
O00373,C1235,P091,2025-10-27,1
O00374,C1324,P057,2026-02-25,5
O00375,C1562,P001,2026-03-08,2
O00376,C1835,P084,2025-04-08,1
O00377,C1544,P071,2025-12-06,2
O00378,C1296,P007,2025-09-11,4
O00379,C1942,P004,2025-06-25,4
O00380,C0463,P055,2025-08-26,1
O00381,C1331,P060,2025-07-02,4
O00382,C0604,P047,2025-04-12,3
O00383,C1468,P054,2025-05-28,1
O00384,C0377,P096,2025-07-01,3
O00385,C0825,P055,2025-09-21,2
O00386,C0712,P051,2025-03-12,3
O00387,C1366,P015,2025-10-04,1
O00388,C1090,P016,2025-03-09,4
O00389,C0077,P043,2025-08-11,4
O00390,C0245,P025,2026-01-14,5
O00391,C0337,P018,2026-03-06,2
O00392,C0385,P007,2025-04-15,3
O00393,C1220,P036,2025-07-09,1
O00394,C0413,P061,2025-10-17,1
O00395,C1954,P001,2026-01-11,4
O00396,C0250,P019,2025-07-01,2
O00397,C0384,P040,2025-10-07,3
O00398,C1371,P097,2025-09-21,4
O00399,C1896,P019,2025-08-03,2
O00400,C1660,P040,2025-09-16,2
O00401,C1463,P092,2026-02-28,3
O00402,C0233,P027,2026-02-19,2
O00403,C0461,P077,2026-02-07,5
O00404,C0906,P039,2025-07-04,4
O00405,C0328,P091,2025-04-13,5
O00406,C0536,P099,2025-07-02,5
O00407,C0596,P049,2026-01-18,1
O00408,C0596,P078,2025-03-21,4
O00409,C1085,P028,2025-07-30,2
O00410,C0723,P051,2025-09-26,5
O00411,C1433,P061,2026-01-16,5
O00412,C0038,P018,2025-10-20,2
O00413,C1039,P073,2025-10-09,2
O00414,C1416,P021,2025-06-11,3
O00415,C1848,P059,2025-04-03,2
O00416,C0925,P053,2025-08-12,2
O00417,C1843,P043,2025-11-04,2
O00418,C0438,P018,2025-04-29,1
O00419,C1035,P078,2026-01-22,5
O00420,C0389,P040,2025-05-29,3
O00421,C1874,P092,2026-01-05,1
O00422,C1280,P061,2025-06-15,4
O00423,C1115,P020,2025-09-25,4
O00424,C0847,P063,2025-11-10,4
O00425,C1287,P096,2025-06-08,2
O00426,C0444,P044,2025-05-23,2
O00427,C0731,P055,2025-11-08,5
O00428,C0807,P010,2025-09-03,3
O00429,C1801,P020,2026-03-01,4
O00430,C0158,P009,2025-07-30,2
O00431,C0984,P096,2026-01-20,3
O00432,C1290,P004,2025-08-16,5
O00433,C0515,P009,2026-02-14,4
O00434,C0579,P061,2025-05-07,5
O00435,C0554,P039,2025-06-02,3
O00436,C0768,P012,2025-10-01,2
O00437,C0841,P086,2025-03-16,2
O00438,C0114,P051,2026-03-01,5
O00439,C1346,P025,2025-03-26,1
O00440,C1545,P028,2025-12-02,2
O00441,C0517,P040,2025-07-14,1
O00442,C1285,P083,2025-11-11,2
O00443,C0439,P030,2025-03-11,3
O00444,C1572,P042,2025-04-28,5
O00445,C0800,P057,2026-03-08,2
O00446,C1333,P046,2025-04-26,3
O00447,C1291,P050,2025-04-03,3
O00448,C0125,P066,2025-09-29,4
O00449,C0257,P078,2025-12-22,5
O00450,C1976,P023,2026-01-19,4
O00451,C0698,P062,2026-01-12,3
O00452,C0541,P050,2025-04-06,1
O00453,C1551,P060,2025-12-10,4
O00454,C1930,P010,2025-06-27,4
O00455,C1264,P008,2025-07-29,2
O00456,C1622,P093,2026-01-27,2
O00457,C0460,P089,2025-07-22,5
O00458,C1958,P066,2025-12-19,4
O00459,C0063,P048,2025-09-03,3
O00460,C1559,P041,2025-09-12,2
O00461,C1341,P013,2025-07-16,3
O00462,C0823,P029,2025-10-25,1
O00463,C1636,P036,2026-01-05,4
O00464,C1343,P075,2025-12-28,5
O00465,C1348,P099,2026-01-18,1
O00466,C1756,P068,2025-04-22,4
O00467,C0742,P043,2025-08-31,4
O00468,C0276,P027,2025-04-19,2
O00469,C1287,P045,2025-04-12,4
O00470,C0877,P030,2025-04-29,4
O00471,C0608,P079,2025-12-01,5
O00472,C1189,P072,2026-02-25,4
O00473,C0655,P044,2025-12-28,5
O00474,C0706,P049,2025-12-06,4
O00475,C1764,P072,2025-11-11,4
O00476,C0713,P050,2026-02-10,4
O00477,C0487,P062,2025-03-25,5
O00478,C0994,P001,2025-03-17,1
O00479,C0797,P098,2025-11-21,4
O00480,C1902,P089,2025-05-06,2
O00481,C1966,P015,2025-06-20,1
O00482,C1626,P024,2025-09-09,3
O00483,C0410,P073,2025-10-24,2
O00484,C0856,P078,2025-04-05,1
O00485,C0097,P045,2026-02-22,2
O00486,C0557,P014,2025-08-05,5
O00487,C1462,P079,2025-04-21,2
O00488,C0392,P073,2025-07-24,4
O00489,C1864,P018,2025-05-26,3
O00490,C1699,P065,2025-12-24,2
O00491,C1932,P004,2025-06-29,1
O00492,C1428,P079,2026-01-15,4
O00493,C1190,P062,2025-04-30,5
O00494,C0704,P023,2025-11-13,1
O00495,C1764,P032,2025-10-17,4
O00496,C0002,P050,2025-11-03,4
O00497,C1424,P027,2025-11-05,1
O00498,C0134,P045,2025-12-13,5
O00499,C0673,P081,2025-10-12,1
O00500,C1621,P003,2025-03-18,2
O00501,C0155,P040,2025-10-07,1
O00502,C0998,P085,2025-10-17,3
O00503,C0165,P044,2025-09-06,4
O00504,C0261,P059,2025-05-20,5
O00505,C0566,P016,2026-01-04,5
O00506,C1274,P076,2025-09-19,2
O00507,C0479,P044,2026-01-07,1
O00508,C1254,P019,2026-01-14,4
O00509,C1921,P003,2025-09-17,3
O00510,C1257,P034,2026-01-31,4
O00511,C1301,P069,2025-10-28,5
O00512,C1212,P088,2025-07-11,5
O00513,C0636,P064,2025-10-08,5
O00514,C1261,P003,2025-07-07,2
O00515,C1627,P045,2025-11-10,4
O00516,C1675,P055,2025-07-14,3
O00517,C0632,P085,2025-04-19,3
O00518,C1345,P044,2025-09-08,3
O00519,C0392,P047,2026-02-05,3
O00520,C0670,P042,2025-12-06,2
O00521,C0158,P060,2026-02-26,2
O00522,C1921,P074,2025-03-19,5
O00523,C0072,P088,2025-09-29,1
O00524,C1569,P018,2025-12-28,1
O00525,C0989,P073,2025-07-18,4
O00526,C0453,P087,2025-11-25,5
O00527,C0803,P018,2026-01-28,2
O00528,C1406,P084,2025-11-22,5
O00529,C1546,P024,2025-09-23,5
O00530,C1849,P070,2025-11-28,4
O00531,C1838,P043,2026-01-26,2
O00532,C0230,P032,2025-09-25,2
O00533,C0648,P057,2025-08-11,2
O00534,C0556,P027,2025-10-09,1
O00535,C0027,P051,2025-05-02,1
O00536,C0079,P086,2026-01-09,3
O00537,C1566,P013,2025-03-19,2
O00538,C1717,P100,2025-07-24,2
O00539,C0340,P077,2025-12-22,5
O00540,C0489,P090,2025-06-30,1
O00541,C1804,P020,2025-10-08,3
O00542,C0605,P046,2025-08-20,4
O00543,C0981,P036,2025-03-17,3
O00544,C1074,P092,2025-12-23,3
O00545,C1715,P020,2025-07-08,1
O00546,C1158,P016,2025-09-04,1
O00547,C0446,P053,2026-01-16,5
O00548,C1989,P051,2025-11-24,4
O00549,C0310,P078,2025-06-03,2
O00550,C1462,P041,2025-08-01,4
O00551,C0158,P031,2025-11-28,2
O00552,C1812,P087,2025-05-02,3
O00553,C1802,P052,2025-06-23,4
O00554,C1684,P055,2025-12-04,5
O00555,C0663,P052,2025-07-12,3
O00556,C1818,P086,2025-10-11,2
O00557,C1959,P095,2025-08-07,1
O00558,C1620,P073,2025-12-14,3
O00559,C1409,P036,2025-04-30,2
O00560,C0260,P070,2025-06-01,5
O00561,C1382,P012,2025-12-13,4
O00562,C1820,P090,2025-05-28,5
O00563,C1809,P069,2026-01-10,4
O00564,C1690,P071,2025-06-22,2
O00565,C0127,P044,2025-05-23,3
O00566,C0843,P075,2025-12-02,3
O00567,C1799,P026,2025-09-02,1
O00568,C1082,P086,2025-06-26,1
O00569,C1112,P069,2025-10-03,2
O00570,C0188,P083,2025-12-15,4
O00571,C1188,P037,2025-05-29,2
O00572,C0132,P100,2025-09-12,5
O00573,C0997,P018,2025-08-17,4
O00574,C1278,P027,2026-03-08,5
O00575,C1835,P036,2026-01-21,1
O00576,C0572,P048,2025-12-26,1
O00577,C1665,P003,2025-09-29,1
O00578,C1925,P091,2025-08-24,4
O00579,C0638,P061,2025-10-25,1
O00580,C0400,P098,2026-03-01,5
O00581,C1796,P069,2025-12-09,5
O00582,C0116,P075,2025-12-24,5
O00583,C1816,P064,2026-02-21,2
O00584,C0792,P071,2025-06-03,2
O00585,C1341,P024,2025-05-28,5
O00586,C1465,P025,2025-03-23,2
O00587,C0225,P031,2025-11-15,3
O00588,C0353,P090,2025-12-30,3
O00589,C0731,P006,2025-07-01,3
O00590,C0327,P085,2025-09-25,2
O00591,C1120,P023,2025-08-31,2
O00592,C0309,P051,2026-01-11,4
O00593,C1407,P039,2025-12-10,5
O00594,C0017,P082,2025-03-15,5
O00595,C0246,P001,2025-07-30,5
O00596,C0549,P016,2025-12-01,5
O00597,C1725,P049,2025-04-12,4
O00598,C1852,P027,2025-07-26,1
O00599,C0416,P034,2026-01-17,4
O00600,C0264,P070,2026-03-05,2
O00601,C1494,P036,2025-04-27,3
O00602,C1869,P066,2025-04-02,4
O00603,C1036,P060,2025-07-07,5
O00604,C0148,P100,2025-04-18,4
O00605,C1687,P027,2025-12-24,5
O00606,C1095,P013,2025-07-08,1
O00607,C0502,P075,2026-03-02,3
O00608,C1823,P068,2025-06-26,2
O00609,C0667,P062,2025-11-25,4
O00610,C1201,P019,2025-03-20,3
O00611,C1926,P045,2025-10-19,1
O00612,C0679,P032,2025-10-02,4
O00613,C1323,P035,2026-02-18,3
O00614,C1549,P051,2025-03-14,2
O00615,C0218,P017,2026-01-02,5
O00616,C1752,P044,2025-08-26,5
O00617,C1919,P091,2026-03-05,3
O00618,C0627,P003,2025-04-17,1
O00619,C1739,P021,2025-09-17,2
O00620,C0747,P040,2026-03-08,2
O00621,C1602,P025,2025-05-27,2
O00622,C1742,P099,2025-11-22,4
O00623,C1489,P093,2025-11-04,1
O00624,C0283,P044,2025-08-18,4
O00625,C1667,P004,2025-06-06,5
O00626,C1831,P068,2026-01-24,5
O00627,C0124,P064,2026-01-22,2
O00628,C1167,P018,2026-01-28,4
O00629,C1565,P022,2025-09-29,1
O00630,C1654,P066,2026-01-11,2
O00631,C1794,P058,2025-12-30,1
O00632,C1384,P042,2025-07-17,4
O00633,C1826,P092,2025-12-12,3
O00634,C0232,P092,2025-09-14,2
O00635,C0484,P036,2026-01-13,2
O00636,C0828,P019,2025-05-23,5
O00637,C0842,P016,2025-12-05,2
O00638,C1327,P028,2025-12-30,3
O00639,C1037,P020,2025-06-05,4
O00640,C1084,P062,2025-11-02,5
O00641,C0459,P091,2025-12-27,1
O00642,C0108,P077,2025-09-05,5
O00643,C1181,P089,2025-11-11,4
O00644,C0845,P092,2025-06-23,5
O00645,C1437,P081,2025-08-20,4
O00646,C0360,P034,2025-06-07,2
O00647,C0172,P090,2025-03-20,3
O00648,C0540,P008,2025-04-28,1
O00649,C0130,P098,2026-01-04,4
O00650,C0073,P049,2025-07-05,4
O00651,C1886,P093,2025-08-28,4
O00652,C1841,P008,2026-01-23,3
O00653,C0695,P035,2025-04-07,5
O00654,C0555,P005,2025-05-04,2
O00655,C1050,P030,2025-05-01,1
O00656,C0128,P024,2025-11-03,1
O00657,C1732,P043,2025-12-23,3
O00658,C0572,P023,2026-02-10,2
O00659,C0271,P055,2025-07-31,3
O00660,C0486,P072,2025-10-08,1
O00661,C1720,P050,2025-10-21,2
O00662,C1236,P025,2025-08-20,4
O00663,C0847,P013,2025-10-28,2
O00664,C0299,P089,2025-06-28,4
O00665,C1703,P067,2026-02-05,3
O00666,C1344,P010,2025-09-10,4
O00667,C1854,P025,2026-01-21,3
O00668,C1856,P020,2025-08-13,2
O00669,C0674,P027,2025-09-21,2
O00670,C0335,P098,2025-12-21,2
O00671,C1738,P085,2025-04-27,2
O00672,C1273,P010,2025-03-26,4
O00673,C1902,P025,2025-04-11,1
O00674,C0058,P025,2025-12-14,5
O00675,C1051,P067,2025-08-01,1
O00676,C1689,P056,2025-12-18,4
O00677,C1301,P100,2026-02-13,5
O00678,C0171,P022,2025-08-12,3
O00679,C1964,P052,2025-04-30,2
O00680,C0441,P016,2025-09-10,1
O00681,C0478,P056,2025-09-18,3
O00682,C1031,P043,2025-05-27,2
O00683,C0634,P012,2025-05-03,1
O00684,C0443,P010,2025-07-15,2
O00685,C1433,P049,2025-12-06,4
O00686,C1051,P008,2026-01-20,5
O00687,C1004,P021,2026-03-02,4
O00688,C0272,P082,2025-06-26,3
O00689,C0910,P039,2025-12-29,4
O00690,C0595,P089,2025-12-27,1
O00691,C1780,P049,2025-10-09,2
O00692,C0912,P005,2025-06-21,2
O00693,C1369,P036,2025-03-18,1
O00694,C1776,P016,2025-11-09,1
O00695,C0461,P024,2025-07-18,3
O00696,C0543,P013,2025-03-09,3
O00697,C0997,P077,2026-03-01,2
O00698,C1518,P001,2025-03-21,2
O00699,C1847,P062,2025-10-20,2
O00700,C1777,P016,2025-07-16,2
O00701,C1408,P029,2026-02-09,1
O00702,C0387,P080,2025-05-16,1
O00703,C1199,P032,2025-05-09,2
O00704,C0469,P062,2025-09-26,3
O00705,C0414,P099,2025-03-26,2
O00706,C1953,P032,2025-11-20,3
O00707,C0210,P021,2026-02-04,2
O00708,C0549,P048,2025-12-12,4
O00709,C0708,P028,2025-03-16,4
O00710,C1397,P030,2025-09-24,4
O00711,C0477,P026,2025-07-08,5
O00712,C1785,P043,2025-05-17,2
O00713,C1449,P054,2025-05-25,5
O00714,C0756,P091,2025-11-25,3
O00715,C0630,P039,2025-09-07,1
O00716,C0910,P055,2026-02-05,5
O00717,C0945,P025,2025-12-15,2
O00718,C1966,P008,2025-04-14,3
O00719,C1346,P011,2026-01-31,3
O00720,C1494,P071,2025-06-26,5
O00721,C0141,P094,2025-08-28,4
O00722,C0347,P091,2025-06-26,5
O00723,C1409,P014,2025-12-21,1
O00724,C1546,P065,2025-12-30,1
O00725,C0296,P081,2026-01-28,5
O00726,C1999,P087,2026-01-20,1
O00727,C0967,P061,2025-09-01,5
O00728,C0232,P055,2025-07-12,1
O00729,C1429,P093,2026-02-14,3
O00730,C1181,P066,2025-09-09,2
O00731,C0115,P023,2025-09-29,5
O00732,C0107,P083,2025-03-15,1
O00733,C0963,P087,2025-05-18,3
O00734,C0271,P095,2025-08-25,3
O00735,C0825,P095,2025-05-30,3
O00736,C0500,P099,2025-11-29,4
O00737,C0073,P001,2025-12-23,4
O00738,C0992,P003,2025-03-14,5
O00739,C0694,P027,2025-05-03,1
O00740,C0735,P094,2025-09-15,2
O00741,C1749,P043,2025-05-24,3
O00742,C0234,P037,2025-09-16,1
O00743,C1683,P033,2025-06-22,4
O00744,C1702,P059,2025-05-24,4
O00745,C1588,P094,2025-05-02,3
O00746,C0077,P022,2025-08-06,2
O00747,C1183,P017,2025-08-27,1
O00748,C1350,P037,2025-06-04,2
O00749,C0030,P032,2025-05-20,3
O00750,C0029,P027,2025-12-21,4
O00751,C1330,P076,2025-05-23,2
O00752,C1797,P005,2025-09-17,4
O00753,C1423,P060,2026-03-02,3
O00754,C1597,P096,2026-01-25,1
O00755,C0239,P076,2025-08-01,1
O00756,C1096,P010,2026-01-07,3
O00757,C0111,P090,2025-11-07,3
O00758,C0085,P019,2026-01-15,4
O00759,C0764,P095,2025-11-19,5
O00760,C1887,P056,2025-10-11,3
O00761,C0499,P060,2025-07-03,2
O00762,C1303,P003,2025-05-21,1
O00763,C1809,P045,2026-03-02,1
O00764,C1220,P057,2025-04-11,4
O00765,C1253,P068,2026-02-02,1
O00766,C1725,P045,2025-07-14,3
O00767,C1613,P005,2025-06-28,5
O00768,C1600,P025,2025-07-29,5
O00769,C0734,P017,2025-06-05,1
O00770,C1752,P096,2025-09-22,5
O00771,C1987,P037,2025-05-21,2
O00772,C1035,P094,2026-01-11,3
O00773,C1886,P050,2025-07-20,5
O00774,C0077,P011,2025-10-08,4
O00775,C0724,P067,2025-08-09,1
O00776,C1706,P012,2026-02-08,5
O00777,C1196,P074,2026-02-04,4
O00778,C1862,P001,2026-01-13,3
O00779,C0610,P014,2025-11-22,3
O00780,C1832,P040,2025-05-10,5
O00781,C0564,P033,2025-08-01,2
O00782,C1122,P010,2026-02-26,4
O00783,C1631,P009,2025-11-18,3
O00784,C1352,P014,2026-02-13,5
O00785,C1160,P065,2025-09-14,1
O00786,C0774,P014,2025-04-09,3
O00787,C1180,P005,2025-03-30,3
O00788,C1251,P064,2025-12-18,5
O00789,C0198,P043,2026-01-17,5
O00790,C0834,P003,2025-04-23,2
O00791,C0629,P001,2026-03-09,5
O00792,C1706,P015,2025-08-20,3
O00793,C0031,P031,2026-02-25,5
O00794,C1993,P051,2025-06-26,5
O00795,C0451,P022,2025-11-09,3
O00796,C1002,P093,2025-09-04,4
O00797,C1490,P037,2025-07-14,1
O00798,C0892,P064,2025-12-15,5
O00799,C1952,P042,2025-03-26,1
O00800,C1574,P063,2025-10-15,5
O00801,C1952,P085,2025-07-31,3
O00802,C0801,P044,2025-08-18,5
O00803,C1785,P039,2026-01-19,5
O00804,C0903,P008,2026-02-12,1
O00805,C0617,P006,2025-03-28,1
O00806,C1401,P033,2025-10-15,3
O00807,C0069,P079,2026-02-16,4
O00808,C0167,P019,2025-07-19,3
O00809,C0103,P049,2025-10-29,1
O00810,C0322,P056,2025-04-01,4
O00811,C1234,P059,2025-10-28,3
O00812,C0719,P085,2025-04-04,3
O00813,C1664,P084,2025-05-28,1
O00814,C0822,P050,2025-03-09,1
O00815,C1444,P013,2025-10-27,3
O00816,C0371,P030,2025-09-09,4
O00817,C1355,P071,2026-01-10,5
O00818,C0378,P026,2025-12-01,2
O00819,C1014,P056,2026-01-05,3
O00820,C0029,P038,2025-08-08,2
O00821,C1041,P097,2025-09-03,4
O00822,C0665,P045,2025-10-05,2
O00823,C1165,P050,2025-04-26,4
O00824,C0181,P061,2025-09-09,2
O00825,C1368,P009,2026-02-12,3
O00826,C0563,P086,2025-08-23,2
O00827,C1756,P060,2025-05-02,3
O00828,C0402,P008,2025-11-11,1
O00829,C1887,P005,2026-02-14,4
O00830,C0769,P010,2025-03-17,4
O00831,C0592,P065,2025-07-01,1
O00832,C1720,P025,2025-05-09,5
O00833,C0803,P052,2025-06-27,3
O00834,C1261,P062,2026-01-29,2
O00835,C1085,P040,2025-11-01,5
O00836,C1703,P100,2025-08-23,2
O00837,C0730,P014,2025-11-06,1
O00838,C1767,P094,2025-06-01,3
O00839,C1017,P073,2025-08-22,1
O00840,C0304,P056,2026-02-27,1
O00841,C1367,P013,2025-06-23,3
O00842,C0167,P004,2025-10-20,5
O00843,C1188,P081,2025-06-07,5
O00844,C0163,P009,2025-05-09,5
O00845,C0090,P037,2025-08-29,4
O00846,C1373,P012,2025-04-08,2
O00847,C0166,P076,2026-01-13,5
O00848,C1278,P070,2025-12-10,3
O00849,C0720,P028,2025-06-20,5
O00850,C1341,P019,2025-03-24,3
O00851,C1354,P081,2025-09-03,5
O00852,C1735,P062,2026-02-03,4
O00853,C1109,P064,2025-12-31,3
O00854,C0044,P071,2026-02-04,4
O00855,C0603,P014,2026-02-26,5
O00856,C1998,P069,2025-10-30,3
O00857,C1751,P019,2026-01-07,3
O00858,C0946,P040,2025-10-15,5
O00859,C1606,P098,2025-06-24,4
O00860,C1935,P007,2025-03-10,5
O00861,C1252,P098,2025-05-02,1
O00862,C0342,P095,2025-11-01,5
O00863,C1375,P042,2025-08-06,3
O00864,C1834,P049,2025-11-04,2
O00865,C1227,P076,2025-09-18,2
O00866,C0225,P026,2025-09-09,3
O00867,C0215,P047,2025-04-26,3
O00868,C1416,P081,2025-09-12,3
O00869,C1690,P071,2025-12-27,4
O00870,C1213,P040,2025-08-13,4
O00871,C1602,P035,2025-05-28,3
O00872,C1953,P060,2025-11-18,5
O00873,C1880,P068,2025-04-24,2
O00874,C0848,P083,2025-06-26,2
O00875,C0867,P045,2025-09-24,3
O00876,C1762,P066,2025-03-16,4
O00877,C0098,P007,2025-08-02,3
O00878,C0532,P091,2025-04-03,4
O00879,C0432,P072,2025-11-07,4
O00880,C0696,P059,2025-04-05,3
O00881,C0436,P033,2026-01-15,4
O00882,C0258,P044,2025-07-19,4
O00883,C1316,P096,2025-09-28,2
O00884,C0890,P093,2025-10-24,1
O00885,C1939,P094,2026-01-01,3
O00886,C0818,P082,2026-02-10,2
O00887,C1938,P017,2025-08-19,1
O00888,C1264,P003,2025-10-05,2
O00889,C0765,P046,2025-08-20,2
O00890,C1124,P034,2025-10-05,1
O00891,C0705,P063,2026-02-28,4
O00892,C1876,P064,2025-11-01,4
O00893,C0098,P019,2025-03-23,4
O00894,C0710,P057,2025-07-03,5
O00895,C0045,P026,2025-10-07,1
O00896,C1514,P095,2025-08-27,2
O00897,C1202,P002,2025-09-20,3
O00898,C0870,P002,2026-02-08,1
O00899,C0413,P080,2025-05-12,3
O00900,C1919,P094,2025-12-14,5
O00901,C1287,P068,2025-10-18,4
O00902,C1792,P005,2025-12-08,2
O00903,C1406,P041,2026-01-04,5
O00904,C0520,P052,2025-09-16,1
O00905,C1533,P051,2025-03-31,1
O00906,C1240,P023,2026-01-10,3
O00907,C0826,P043,2025-12-09,5
O00908,C0451,P087,2025-04-05,5
O00909,C0667,P091,2025-04-05,3
O00910,C1712,P041,2025-05-10,3
O00911,C0700,P095,2025-05-11,5
O00912,C1509,P037,2025-11-04,5
O00913,C1583,P076,2025-10-12,3
O00914,C0815,P055,2026-02-07,3
O00915,C1761,P092,2025-03-13,4
O00916,C0079,P072,2026-03-03,1
O00917,C1356,P013,2025-03-12,2
O00918,C0878,P033,2025-06-11,4
O00919,C1042,P006,2025-06-20,3
O00920,C1829,P024,2025-11-05,5
O00921,C0781,P096,2026-02-06,5
O00922,C1460,P038,2025-10-25,2
O00923,C1780,P018,2025-12-06,1
O00924,C1687,P018,2025-05-01,3
O00925,C0649,P067,2025-09-28,4
O00926,C1301,P098,2025-07-14,1
O00927,C0990,P077,2025-08-16,2
O00928,C1160,P094,2025-03-23,5
O00929,C1063,P079,2025-07-28,5
O00930,C1987,P025,2025-12-15,5
O00931,C1719,P081,2025-11-18,1
O00932,C0013,P066,2025-06-11,2
O00933,C0173,P083,2025-11-01,2
O00934,C0123,P044,2025-09-10,3
O00935,C0982,P081,2026-01-26,2
O00936,C0388,P001,2025-10-05,2
O00937,C1283,P094,2025-07-24,4
O00938,C1419,P098,2025-09-05,4
O00939,C1478,P014,2025-09-25,4
O00940,C0163,P100,2025-12-08,3
O00941,C0515,P044,2026-01-30,4
O00942,C1763,P051,2025-04-24,3
O00943,C0234,P057,2025-12-21,4
O00944,C1205,P062,2025-05-26,4
O00945,C1357,P025,2025-06-03,1
O00946,C0874,P001,2025-10-14,1
O00947,C1491,P075,2025-12-30,4
O00948,C0871,P017,2025-06-15,5
O00949,C0390,P015,2025-05-30,4
O00950,C0036,P011,2025-10-31,3
O00951,C1755,P019,2026-02-27,4
O00952,C0975,P021,2025-08-18,3
O00953,C0618,P066,2025-03-27,1
O00954,C0882,P089,2026-02-04,2
O00955,C1278,P047,2025-06-29,5
O00956,C0727,P005,2025-10-22,3
O00957,C1305,P083,2025-11-09,5
O00958,C0454,P081,2026-01-31,4
O00959,C1875,P081,2025-10-21,4
O00960,C1002,P059,2025-03-29,1
O00961,C0177,P067,2026-03-03,5
O00962,C1676,P001,2026-01-21,4
O00963,C0955,P090,2025-05-22,2
O00964,C0164,P082,2025-12-13,1
O00965,C0853,P076,2026-01-02,1
O00966,C0187,P070,2026-03-09,1
O00967,C1613,P059,2026-01-11,5
O00968,C1815,P006,2025-08-04,2
O00969,C0864,P015,2025-08-06,1
O00970,C0252,P089,2025-10-30,3
O00971,C0946,P045,2025-12-07,5
O00972,C1280,P029,2025-09-08,5
O00973,C1362,P004,2025-10-18,2
O00974,C1577,P082,2026-01-07,3
O00975,C0361,P090,2025-04-25,5
O00976,C1404,P022,2025-08-06,2
O00977,C0821,P075,2025-11-21,1
O00978,C0879,P015,2025-09-05,3
O00979,C1131,P039,2025-05-24,1
O00980,C1534,P062,2025-09-02,5
O00981,C0789,P087,2025-04-14,4
O00982,C0142,P054,2025-12-11,5
O00983,C0614,P099,2026-01-13,4
O00984,C0885,P087,2025-10-25,5
O00985,C0175,P092,2025-08-05,5
O00986,C1707,P090,2025-06-19,2
O00987,C0762,P033,2025-12-28,3
O00988,C0086,P093,2025-07-23,4
O00989,C1289,P069,2025-05-17,3
O00990,C1503,P002,2025-07-26,3
O00991,C1262,P038,2025-07-09,1
O00992,C0523,P087,2026-01-11,4
O00993,C1021,P097,2026-02-27,3
O00994,C1581,P016,2025-12-05,4
O00995,C1771,P086,2025-05-06,5
O00996,C0650,P045,2026-01-08,4
O00997,C1713,P090,2025-11-30,2
O00998,C0659,P031,2025-10-08,4
O00999,C0398,P064,2025-09-07,2
O01000,C0190,P028,2025-03-25,5
O01001,C0654,P041,2025-11-05,3
O01002,C0926,P063,2025-08-25,2
O01003,C1896,P087,2025-11-21,1
O01004,C0364,P088,2025-10-25,5
O01005,C0650,P001,2025-09-08,2
O01006,C0589,P030,2026-01-05,4
O01007,C1331,P063,2025-05-24,5
O01008,C1547,P094,2025-07-10,1
O01009,C1538,P034,2025-04-25,3
O01010,C0286,P057,2025-12-14,4
O01011,C1682,P038,2025-09-30,4
O01012,C0501,P060,2025-09-15,5
O01013,C1633,P021,2025-07-14,5
O01014,C0966,P017,2025-06-14,1
O01015,C1391,P025,2025-12-25,3
O01016,C0974,P048,2025-04-04,1
O01017,C1718,P066,2025-09-25,5
O01018,C1963,P025,2026-02-25,5
O01019,C1838,P058,2025-05-31,5
O01020,C0097,P015,2025-06-11,2
O01021,C0525,P070,2026-01-09,4
O01022,C0991,P038,2026-02-20,1
O01023,C0489,P072,2025-06-03,4
O01024,C0486,P083,2025-07-22,4
O01025,C0830,P092,2025-08-10,1
O01026,C1880,P032,2025-11-24,1
O01027,C1694,P015,2025-12-15,5
O01028,C1992,P079,2025-10-18,5
O01029,C1207,P012,2026-03-05,4
O01030,C0736,P016,2025-12-08,4
O01031,C0092,P041,2025-10-10,4
O01032,C1840,P019,2025-04-10,4
O01033,C1637,P048,2026-02-14,5
O01034,C0646,P043,2025-09-09,2
O01035,C1627,P008,2025-06-27,3
O01036,C1688,P063,2025-09-13,4
O01037,C0144,P019,2026-02-17,3
O01038,C1187,P076,2025-06-16,5
O01039,C1646,P074,2025-07-25,4
O01040,C0471,P086,2025-12-15,1
O01041,C0319,P076,2025-05-09,5
O01042,C1093,P084,2025-03-25,1
O01043,C0836,P071,2025-09-21,4
O01044,C0697,P074,2025-12-08,1
O01045,C0738,P051,2025-10-19,1
O01046,C0687,P048,2025-08-15,2
O01047,C1732,P055,2025-06-04,3
O01048,C0592,P001,2025-10-03,3
O01049,C1638,P062,2026-03-06,3
O01050,C0298,P033,2025-04-28,2
O01051,C0783,P082,2025-04-04,2
O01052,C0856,P061,2025-12-04,4
O01053,C1369,P078,2025-08-30,2
O01054,C0602,P077,2025-11-16,5
O01055,C1234,P071,2025-04-25,3
O01056,C0615,P080,2025-11-04,1
O01057,C1272,P042,2025-12-28,4
O01058,C0569,P007,2025-07-23,3
O01059,C1372,P038,2026-02-19,5
O01060,C0316,P052,2025-06-22,2
O01061,C0770,P063,2025-06-28,3
O01062,C0602,P020,2025-07-11,4
O01063,C0307,P010,2025-10-19,3
O01064,C1568,P034,2025-04-18,5
O01065,C0421,P027,2025-06-28,4
O01066,C0425,P098,2025-11-15,4
O01067,C1024,P072,2025-07-30,1
O01068,C0726,P077,2025-10-22,4
O01069,C1194,P049,2026-03-09,1
O01070,C0914,P063,2026-01-14,2
O01071,C0623,P005,2025-08-15,1
O01072,C0499,P028,2026-02-25,1
O01073,C1862,P020,2025-12-14,4
O01074,C1340,P037,2025-06-29,1
O01075,C1321,P068,2025-03-24,5
O01076,C0497,P091,2026-02-23,2
O01077,C0297,P038,2025-12-12,4
O01078,C0347,P082,2025-03-25,3
O01079,C0924,P018,2025-08-24,1
O01080,C1488,P057,2026-02-12,4
O01081,C0251,P038,2025-09-01,4
O01082,C0840,P026,2025-11-18,2
O01083,C1533,P026,2025-03-30,5
O01084,C1274,P030,2025-08-28,5
O01085,C0104,P050,2025-04-14,4
O01086,C0394,P063,2025-10-18,2
O01087,C0916,P090,2025-07-22,1
O01088,C1906,P021,2026-02-12,4
O01089,C0137,P064,2025-11-23,3
O01090,C1567,P040,2025-12-16,2
O01091,C0262,P012,2025-09-24,2
O01092,C1332,P093,2025-10-25,3
O01093,C0819,P030,2026-02-14,2
O01094,C0070,P093,2025-12-12,5
O01095,C0830,P003,2025-07-13,4
O01096,C1359,P007,2025-11-13,5
O01097,C0425,P098,2025-10-04,3
O01098,C0446,P086,2025-11-24,3
O01099,C1700,P082,2025-06-20,3
O01100,C1774,P007,2025-08-29,4
O01101,C0300,P047,2026-01-20,4
O01102,C1190,P011,2025-07-04,5
O01103,C0847,P088,2025-10-26,1
O01104,C1579,P051,2025-10-27,2
O01105,C0065,P085,2025-11-07,1
O01106,C0618,P061,2025-09-06,3
O01107,C0700,P089,2025-07-13,4
O01108,C0248,P044,2026-02-24,3
O01109,C1411,P052,2025-11-17,3
O01110,C1618,P096,2026-02-11,3
O01111,C0624,P038,2025-07-24,5
O01112,C1178,P035,2025-12-28,1
O01113,C0998,P083,2025-05-21,4
O01114,C1398,P017,2026-02-26,3
O01115,C0254,P020,2025-09-11,3
O01116,C0779,P086,2025-04-02,1
O01117,C0050,P031,2026-02-13,1
O01118,C0743,P024,2025-11-09,5
O01119,C0782,P060,2025-05-04,4
O01120,C1212,P052,2025-04-15,5
O01121,C1496,P080,2025-04-19,1
O01122,C1137,P068,2025-05-19,3
O01123,C1891,P095,2025-08-03,5
O01124,C1865,P024,2025-05-22,5
O01125,C0306,P029,2026-01-12,2
O01126,C0868,P027,2025-08-15,4
O01127,C1725,P099,2025-04-03,5
O01128,C1201,P035,2025-12-23,4
O01129,C1088,P056,2025-03-31,1
O01130,C1454,P073,2026-01-31,2
O01131,C0992,P048,2025-07-15,4
O01132,C0654,P081,2025-07-26,1
O01133,C1965,P046,2026-03-07,2
O01134,C1648,P011,2025-11-12,3
O01135,C1632,P062,2025-11-07,1
O01136,C1726,P005,2025-12-26,3
O01137,C0217,P033,2026-02-26,4
O01138,C0095,P048,2025-12-20,5
O01139,C1186,P075,2025-10-20,4
O01140,C1173,P030,2025-06-17,1
O01141,C1272,P018,2025-11-23,2
O01142,C1186,P052,2025-11-19,3
O01143,C0792,P073,2026-02-02,5
O01144,C1924,P098,2026-01-30,3
O01145,C0981,P084,2025-12-28,5
O01146,C0712,P066,2025-08-12,1
O01147,C0440,P060,2025-09-17,5
O01148,C0600,P065,2025-12-12,2
O01149,C1046,P073,2025-03-31,3
O01150,C0581,P031,2025-06-24,5
O01151,C1416,P069,2025-04-12,4
O01152,C1627,P017,2025-06-11,2
O01153,C1990,P045,2026-03-04,2
O01154,C1295,P082,2025-06-01,1
O01155,C1434,P085,2025-05-14,1
O01156,C1486,P030,2025-04-18,1
O01157,C1722,P019,2025-11-12,3
O01158,C0285,P072,2025-05-31,2
O01159,C0945,P078,2025-04-22,2
O01160,C1429,P041,2025-06-29,5
O01161,C1631,P013,2026-01-30,4
O01162,C0866,P041,2025-08-24,3
O01163,C1507,P069,2026-01-31,3
O01164,C0119,P069,2026-02-09,1
O01165,C1056,P058,2026-03-08,5
O01166,C1062,P015,2025-03-28,3
O01167,C0517,P001,2025-10-28,1
O01168,C1649,P070,2026-03-07,5
O01169,C0754,P094,2025-11-06,2
O01170,C0164,P023,2025-08-26,3
O01171,C0490,P031,2025-05-25,4
O01172,C1297,P080,2025-07-17,1
O01173,C0285,P006,2025-05-04,1
O01174,C1754,P030,2025-06-30,3
O01175,C1865,P031,2025-07-12,4
O01176,C0824,P072,2025-07-10,1
O01177,C0056,P084,2025-08-09,4
O01178,C0370,P008,2026-01-13,4
O01179,C0563,P042,2025-06-14,1
O01180,C1874,P019,2026-01-04,4
O01181,C1573,P058,2025-04-10,2
O01182,C1446,P031,2025-10-17,1
O01183,C1899,P098,2025-06-20,5
O01184,C0389,P059,2025-09-05,5
O01185,C1250,P022,2025-11-03,1
O01186,C0480,P009,2025-06-18,2
O01187,C0065,P024,2025-04-27,1
O01188,C0588,P033,2025-07-16,4
O01189,C0148,P019,2025-07-12,4
O01190,C0050,P002,2026-02-23,4
O01191,C1564,P010,2025-11-06,2
O01192,C0671,P068,2025-12-10,4
O01193,C1751,P071,2025-10-31,3
O01194,C1990,P044,2026-02-06,5
O01195,C1384,P082,2025-10-06,5
O01196,C1549,P043,2025-09-28,2
O01197,C1220,P077,2025-07-16,1
O01198,C0935,P009,2025-10-23,3
O01199,C1423,P086,2025-05-02,1
O01200,C0191,P076,2025-04-29,4
O01201,C0569,P075,2025-10-05,2
O01202,C0573,P063,2025-05-06,2
O01203,C1502,P078,2025-04-22,3
O01204,C1373,P092,2025-03-19,4
O01205,C0093,P019,2026-01-21,3
O01206,C0825,P033,2025-10-03,4
O01207,C1274,P007,2025-06-01,2
O01208,C0645,P004,2025-07-24,5
O01209,C0007,P031,2025-05-07,2
O01210,C1278,P010,2026-01-02,4
O01211,C1231,P097,2025-12-07,2
O01212,C0659,P015,2026-01-21,1
O01213,C1384,P096,2025-05-20,2
O01214,C0194,P081,2025-07-02,2
O01215,C0877,P011,2025-12-08,1
O01216,C0661,P085,2025-07-09,5
O01217,C0140,P100,2025-11-14,1
O01218,C1671,P067,2025-08-23,2
O01219,C0557,P093,2026-02-17,2
O01220,C1442,P054,2026-01-19,2
O01221,C0757,P008,2025-11-11,5
O01222,C1789,P034,2025-05-29,3
O01223,C1751,P035,2025-09-20,1
O01224,C1298,P081,2025-09-27,2
O01225,C1331,P049,2025-08-09,5
O01226,C1032,P031,2025-08-29,3
O01227,C0318,P020,2025-04-03,1
O01228,C0561,P016,2025-10-12,5
O01229,C0624,P025,2025-04-27,4
O01230,C0334,P090,2026-01-26,1
O01231,C0350,P034,2025-06-25,2
O01232,C1689,P014,2026-02-07,1
O01233,C0537,P017,2025-09-01,5
O01234,C1093,P094,2025-12-14,2
O01235,C0599,P022,2025-10-04,3
O01236,C1134,P001,2026-01-01,5
O01237,C1812,P072,2025-06-28,4
O01238,C0264,P025,2025-11-19,1
O01239,C0274,P037,2026-02-28,4
O01240,C0777,P086,2025-03-29,2
O01241,C1426,P080,2025-09-29,3
O01242,C1558,P007,2025-12-20,3
O01243,C0394,P047,2025-10-09,3
O01244,C0548,P037,2025-04-23,5
O01245,C1138,P089,2025-07-14,2
O01246,C0895,P072,2025-10-04,5
O01247,C1515,P018,2025-04-11,5
O01248,C1031,P071,2026-01-12,1
O01249,C1081,P037,2025-08-15,1
O01250,C1243,P080,2025-03-12,4
O01251,C1623,P100,2026-02-10,3
O01252,C0410,P026,2025-05-16,3
O01253,C1726,P051,2025-08-24,5
O01254,C1541,P028,2025-12-22,1
O01255,C0933,P004,2025-05-13,5
O01256,C1523,P005,2025-03-26,5
O01257,C1225,P005,2025-11-03,3
O01258,C0209,P052,2025-09-01,5
O01259,C0189,P022,2025-11-14,3
O01260,C0225,P092,2025-12-13,1
O01261,C1684,P071,2025-10-14,1
O01262,C0328,P002,2026-01-15,3
O01263,C1840,P040,2026-03-01,2
O01264,C0269,P052,2025-12-04,1
O01265,C1930,P004,2025-07-25,4
O01266,C0872,P096,2026-01-08,5
O01267,C1409,P015,2025-04-21,5
O01268,C0941,P045,2025-05-10,1
O01269,C1757,P084,2025-09-30,4
O01270,C1778,P011,2025-07-17,3
O01271,C0817,P057,2025-04-16,2
O01272,C1609,P046,2025-04-07,2
O01273,C1554,P049,2025-10-27,2
O01274,C1941,P027,2025-06-20,3
O01275,C0561,P055,2025-12-17,5
O01276,C1276,P063,2026-01-02,2
O01277,C0547,P056,2025-07-18,1
O01278,C0242,P009,2025-05-02,3
O01279,C0603,P095,2025-12-22,5
O01280,C0486,P010,2026-01-26,4
O01281,C1743,P021,2026-03-07,2
O01282,C0419,P084,2025-03-17,4
O01283,C0828,P075,2025-04-18,4
O01284,C1973,P066,2025-07-10,2
O01285,C0661,P064,2025-08-06,2
O01286,C0779,P098,2025-07-13,4
O01287,C0076,P054,2026-01-12,1
O01288,C1886,P060,2025-12-08,5
O01289,C0780,P083,2025-10-05,3
O01290,C0643,P016,2025-08-30,1
O01291,C1793,P048,2025-07-16,3
O01292,C0020,P061,2026-01-19,2
O01293,C1424,P018,2025-04-30,5
O01294,C1099,P084,2025-12-29,4
O01295,C1656,P039,2025-11-25,1
O01296,C0573,P076,2025-10-08,1
O01297,C1029,P086,2025-04-17,1
O01298,C1662,P054,2026-01-14,5
O01299,C0896,P045,2026-01-24,5
O01300,C1688,P100,2025-04-16,2
O01301,C1742,P050,2025-06-26,4
O01302,C0920,P048,2025-11-04,5
O01303,C1012,P058,2025-06-28,4
O01304,C0403,P082,2025-11-09,2
O01305,C1802,P078,2025-11-14,3
O01306,C1220,P091,2025-08-13,4
O01307,C1697,P012,2025-09-18,2
O01308,C1127,P039,2025-08-30,2
O01309,C1133,P008,2026-03-08,2
O01310,C0345,P019,2026-03-03,3
O01311,C1545,P093,2025-08-19,4
O01312,C1361,P056,2025-07-29,3
O01313,C1700,P091,2026-02-10,5
O01314,C1143,P074,2025-11-10,4
O01315,C1863,P005,2026-03-01,5
O01316,C1990,P099,2025-03-14,1
O01317,C1961,P091,2025-07-17,5
O01318,C0488,P015,2025-05-13,1
O01319,C0122,P092,2026-02-25,4
O01320,C0116,P066,2025-09-07,5
O01321,C0839,P028,2025-12-13,2
O01322,C1629,P068,2025-07-13,5
O01323,C0201,P073,2026-02-22,5
O01324,C0708,P039,2025-08-17,5
O01325,C0922,P054,2025-05-26,3
O01326,C0130,P093,2025-08-28,4
O01327,C1542,P092,2025-04-06,1
O01328,C0772,P076,2025-11-05,4
O01329,C0564,P041,2025-06-14,3
O01330,C1990,P021,2025-06-22,4
O01331,C0432,P055,2025-12-16,1
O01332,C1000,P029,2025-06-06,3
O01333,C1829,P060,2026-01-27,3
O01334,C0075,P047,2026-01-26,3
O01335,C0608,P017,2025-11-14,1
O01336,C0339,P035,2026-02-24,5
O01337,C1299,P024,2026-02-28,5
O01338,C1231,P082,2025-07-04,1
O01339,C1635,P030,2026-02-24,2
O01340,C1185,P100,2025-11-27,1
O01341,C0341,P015,2026-03-07,2
O01342,C2000,P097,2025-07-31,5
O01343,C1510,P034,2026-02-15,5
O01344,C1379,P056,2025-09-21,1
O01345,C0897,P075,2025-10-23,4
O01346,C1462,P058,2025-09-10,3
O01347,C0770,P092,2025-05-22,4
O01348,C1854,P003,2026-01-31,3
O01349,C1345,P054,2025-09-01,4
O01350,C0272,P069,2025-04-23,1
O01351,C0047,P050,2026-01-13,4
O01352,C0498,P050,2025-07-05,3
O01353,C1245,P027,2026-01-29,3
O01354,C1027,P021,2025-12-08,5
O01355,C0681,P039,2025-08-09,4
O01356,C1750,P065,2025-05-23,1
O01357,C1925,P045,2025-12-30,5
O01358,C0375,P096,2025-11-20,5
O01359,C1992,P083,2025-12-31,2
O01360,C1903,P062,2025-10-18,2
O01361,C1607,P002,2025-06-29,2
O01362,C1263,P002,2025-11-13,3
O01363,C0250,P089,2025-03-15,1
O01364,C1203,P071,2025-04-03,5
O01365,C0503,P008,2025-03-25,1
O01366,C1093,P066,2025-12-06,5
O01367,C1137,P026,2025-07-18,1
O01368,C0508,P008,2025-10-25,2
O01369,C1095,P069,2025-09-05,4
O01370,C0432,P039,2025-06-30,4
O01371,C0748,P082,2025-12-13,5
O01372,C0364,P012,2025-05-28,1
O01373,C0227,P065,2025-09-16,2
O01374,C1161,P050,2025-07-19,2
O01375,C1958,P018,2025-12-22,5
O01376,C0036,P047,2025-09-29,5
O01377,C1936,P044,2025-05-12,4
O01378,C1809,P052,2025-04-05,2
O01379,C1209,P066,2025-08-21,2
O01380,C0321,P028,2026-01-05,5
O01381,C0375,P045,2025-08-06,1
O01382,C1557,P031,2026-01-05,3
O01383,C1527,P040,2025-12-13,3
O01384,C0225,P029,2025-06-06,1
O01385,C0493,P072,2025-07-18,5
O01386,C0566,P022,2025-08-15,3
O01387,C1511,P039,2025-05-04,3
O01388,C0603,P031,2025-09-19,4
O01389,C0185,P054,2025-05-04,1
O01390,C0801,P058,2025-08-14,5
O01391,C0667,P088,2025-06-19,4
O01392,C1448,P095,2025-06-16,3
O01393,C1451,P091,2025-12-12,1
O01394,C0871,P004,2025-06-11,3
O01395,C1563,P038,2025-06-16,1
O01396,C0900,P045,2025-07-18,4
O01397,C0188,P091,2025-09-04,1
O01398,C1542,P008,2025-04-04,5
O01399,C1097,P014,2025-05-12,5
O01400,C1803,P086,2025-06-20,1
O01401,C0597,P051,2025-10-07,1
O01402,C1174,P028,2025-05-06,3
O01403,C0929,P092,2025-04-12,4
O01404,C0599,P091,2025-03-15,4
O01405,C0896,P050,2025-11-07,1
O01406,C1538,P061,2025-08-13,1
O01407,C0256,P072,2025-12-06,3
O01408,C0462,P002,2025-08-07,3
O01409,C0294,P056,2026-02-12,1
O01410,C1288,P076,2025-12-29,5
O01411,C0223,P003,2026-02-17,5
O01412,C1291,P061,2025-06-10,5
O01413,C0002,P033,2025-11-11,3
O01414,C0505,P018,2026-01-27,5
O01415,C1600,P093,2026-02-16,1
O01416,C0675,P034,2025-04-26,4
O01417,C0219,P032,2025-09-28,3
O01418,C0920,P058,2025-12-27,5
O01419,C1966,P010,2025-12-27,3
O01420,C1535,P091,2025-04-02,4
O01421,C0043,P030,2025-07-04,1
O01422,C1785,P056,2025-04-25,2
O01423,C0123,P048,2025-07-05,5
O01424,C0765,P061,2026-01-31,2
O01425,C0022,P081,2025-08-14,2
O01426,C0513,P030,2025-12-12,4
O01427,C1420,P002,2025-09-06,5
O01428,C0895,P048,2026-02-05,5
O01429,C1301,P040,2025-08-24,5
O01430,C0034,P085,2025-09-12,5
O01431,C0802,P073,2025-06-02,1
O01432,C0840,P099,2025-12-18,1
O01433,C1102,P033,2025-08-15,2
O01434,C1828,P094,2025-10-17,1
O01435,C0671,P063,2025-09-11,4
O01436,C0989,P039,2025-10-16,3
O01437,C0289,P005,2025-12-20,2
O01438,C1880,P079,2026-02-06,4
O01439,C0303,P019,2025-03-26,4
O01440,C1970,P046,2026-01-06,2
O01441,C0928,P023,2025-10-28,2
O01442,C0466,P035,2025-06-29,5
O01443,C0752,P063,2025-11-21,3
O01444,C1824,P033,2025-05-11,5
O01445,C0040,P100,2025-12-29,3
O01446,C0105,P052,2025-05-27,2
O01447,C1480,P033,2025-09-27,3
O01448,C0738,P011,2025-09-12,4
O01449,C0030,P009,2025-06-18,1
O01450,C0509,P074,2026-01-18,2
O01451,C0766,P060,2025-06-06,3
O01452,C0339,P081,2025-04-23,1
O01453,C0313,P030,2025-08-02,2
O01454,C1449,P094,2025-09-08,3
O01455,C0638,P043,2025-05-31,3
O01456,C0757,P079,2026-01-05,3
O01457,C1723,P052,2026-01-24,4
O01458,C0419,P057,2025-11-14,4
O01459,C1347,P072,2025-05-12,2
O01460,C0288,P010,2025-05-07,2
O01461,C1559,P030,2026-01-25,3
O01462,C1603,P030,2025-07-17,4
O01463,C1016,P075,2025-04-03,5
O01464,C0383,P071,2025-05-30,3
O01465,C1015,P033,2026-02-01,1
O01466,C1810,P093,2025-06-02,5
O01467,C0769,P048,2025-08-02,3
O01468,C1585,P082,2025-08-24,3
O01469,C1838,P036,2025-08-19,3
O01470,C1407,P077,2026-03-04,3
O01471,C1695,P014,2026-01-13,4
O01472,C1713,P011,2025-12-28,5
O01473,C0317,P012,2025-07-22,2
O01474,C0454,P018,2025-10-11,1
O01475,C1552,P080,2025-04-25,5
O01476,C1504,P008,2025-09-04,4
O01477,C0187,P076,2025-07-10,2
O01478,C1599,P097,2025-10-09,3
O01479,C1736,P016,2025-04-09,1
O01480,C0476,P026,2025-08-09,5
O01481,C0093,P023,2025-07-03,2
O01482,C0316,P076,2025-04-02,3
O01483,C1758,P009,2025-04-08,5
O01484,C0514,P052,2025-09-04,1
O01485,C0223,P094,2025-04-11,3
O01486,C1276,P026,2025-09-23,1
O01487,C0619,P034,2025-10-18,5
O01488,C1930,P058,2025-04-04,2
O01489,C1905,P022,2025-08-18,1
O01490,C1373,P022,2025-04-10,3
O01491,C0853,P098,2026-02-03,2
O01492,C0324,P092,2026-02-24,4
O01493,C0280,P049,2025-11-12,4
O01494,C1349,P097,2025-12-14,4
O01495,C0168,P001,2025-04-01,4
O01496,C0460,P003,2025-05-13,2
O01497,C1269,P094,2025-04-06,4
O01498,C0146,P013,2025-10-12,3
O01499,C0122,P068,2025-09-29,5
O01500,C0845,P054,2025-12-20,4
O01501,C0674,P031,2025-12-15,5
O01502,C1991,P010,2025-03-23,1
O01503,C1504,P030,2025-05-16,3
O01504,C0603,P092,2025-10-22,2
O01505,C1558,P094,2025-04-24,1
O01506,C0112,P006,2025-03-29,1
O01507,C0520,P008,2026-02-15,5
O01508,C0912,P094,2025-06-28,2
O01509,C0316,P084,2026-02-26,3
O01510,C1121,P063,2025-10-13,1
O01511,C0371,P025,2025-04-23,1
O01512,C1116,P015,2026-01-31,2
O01513,C0933,P054,2026-02-11,4
O01514,C0114,P071,2026-01-07,2
O01515,C1532,P081,2025-03-21,3
O01516,C0788,P038,2026-03-06,3
O01517,C0930,P030,2025-09-08,3
O01518,C0360,P084,2025-03-09,5
O01519,C0750,P007,2026-02-20,1
O01520,C0698,P062,2025-12-15,3
O01521,C0009,P003,2026-01-28,1
O01522,C1200,P038,2025-05-17,3
O01523,C0340,P088,2025-09-26,5
O01524,C0771,P005,2025-06-20,2
O01525,C0354,P013,2025-04-24,3
O01526,C1759,P045,2025-04-04,5
O01527,C1213,P100,2025-10-24,2
O01528,C0955,P036,2025-07-12,4
O01529,C1892,P061,2026-01-12,4
O01530,C0335,P072,2025-03-31,2
O01531,C0581,P054,2025-09-27,2
O01532,C0947,P061,2025-03-19,5
O01533,C0527,P060,2025-08-01,2
O01534,C0600,P026,2025-09-04,5
O01535,C0886,P052,2025-03-26,4
O01536,C0545,P022,2025-12-07,4
O01537,C1268,P094,2025-03-29,2
O01538,C0373,P098,2026-01-30,3
O01539,C0346,P082,2025-07-11,5
O01540,C1239,P083,2025-07-20,2
O01541,C0599,P049,2025-07-19,2
O01542,C1674,P047,2025-09-22,3
O01543,C0196,P022,2025-03-21,4
O01544,C1556,P080,2025-03-12,3
O01545,C1729,P011,2025-11-28,2
O01546,C1062,P076,2025-09-02,1
O01547,C0485,P014,2025-08-31,5
O01548,C1688,P084,2025-12-16,5
O01549,C0783,P069,2025-11-16,2
O01550,C0003,P013,2025-11-23,2
O01551,C0305,P052,2026-01-17,1
O01552,C0724,P064,2025-12-20,1
O01553,C1149,P099,2025-05-04,1
O01554,C0097,P047,2026-02-28,3
O01555,C0443,P004,2025-12-31,2
O01556,C0223,P040,2025-04-10,4
O01557,C0875,P001,2026-03-09,5
O01558,C0904,P045,2025-05-20,5
O01559,C1379,P035,2025-03-27,5
O01560,C0084,P010,2025-11-24,1
O01561,C0728,P011,2025-09-16,1
O01562,C0631,P027,2025-05-24,2
O01563,C1864,P025,2025-05-04,2
O01564,C0220,P008,2025-12-19,3
O01565,C1709,P053,2025-09-23,3
O01566,C0109,P088,2026-03-08,1
O01567,C0054,P005,2025-03-26,2
O01568,C0802,P082,2025-12-14,2
O01569,C0905,P059,2026-02-28,5
O01570,C0900,P030,2025-09-17,2
O01571,C0270,P004,2025-10-25,5
O01572,C0838,P067,2026-02-03,5
O01573,C1112,P054,2025-05-30,5
O01574,C0419,P074,2025-05-10,1
O01575,C0749,P022,2025-04-30,2
O01576,C0511,P051,2025-06-08,1
O01577,C1865,P076,2025-12-21,3
O01578,C0626,P016,2025-12-27,3
O01579,C0704,P023,2026-01-30,4
O01580,C1468,P056,2025-05-11,2
O01581,C1985,P085,2025-06-20,5
O01582,C1619,P052,2025-03-24,4
O01583,C0253,P086,2025-08-28,4
O01584,C0120,P093,2026-02-07,2
O01585,C0710,P024,2026-02-20,4
O01586,C0512,P038,2025-09-27,5
O01587,C0463,P038,2025-06-07,1
O01588,C1703,P008,2026-01-25,4
O01589,C0983,P085,2025-03-14,1
O01590,C0901,P024,2025-05-21,4
O01591,C0111,P043,2025-11-26,5
O01592,C1525,P041,2026-02-20,4
O01593,C1461,P028,2025-11-12,4
O01594,C1247,P004,2025-07-01,4
O01595,C1578,P096,2025-06-12,2
O01596,C0770,P048,2026-01-22,3
O01597,C0992,P098,2025-09-12,1
O01598,C0386,P054,2025-12-22,4
O01599,C1438,P050,2026-02-23,3
O01600,C1068,P099,2026-02-28,5
O01601,C1056,P099,2025-04-02,3
O01602,C1324,P025,2025-06-30,2
O01603,C0344,P078,2025-03-14,4
O01604,C1717,P053,2025-06-28,5
O01605,C1788,P059,2025-03-23,4
O01606,C1421,P076,2025-07-17,5
O01607,C1714,P017,2025-11-28,1
O01608,C0266,P022,2025-11-03,4
O01609,C1267,P015,2026-02-15,3
O01610,C1214,P005,2025-07-22,5
O01611,C1782,P097,2025-03-27,5
O01612,C0610,P070,2025-08-20,1
O01613,C0579,P005,2025-08-02,1
O01614,C0067,P058,2025-09-16,3
O01615,C0606,P082,2025-12-01,1
O01616,C0751,P092,2025-10-08,3
O01617,C1388,P081,2025-05-15,1
O01618,C0593,P078,2025-12-27,4
O01619,C1402,P020,2025-08-26,5
O01620,C0472,P008,2025-11-17,4
O01621,C0373,P068,2026-02-06,5
O01622,C1494,P009,2025-07-13,1
O01623,C1912,P048,2025-08-06,3
O01624,C0532,P015,2025-06-21,3
O01625,C1089,P021,2025-12-22,2
O01626,C1297,P074,2025-11-05,1
O01627,C1042,P059,2025-04-04,2
O01628,C0891,P086,2025-09-29,3
O01629,C0978,P057,2025-09-25,4
O01630,C0494,P081,2026-02-26,2
O01631,C1272,P091,2025-09-22,2
O01632,C0673,P065,2025-04-15,5
O01633,C1856,P091,2025-06-26,5
O01634,C0984,P081,2025-07-29,5
O01635,C0219,P038,2025-05-17,3
O01636,C1693,P099,2025-10-16,4
O01637,C1157,P046,2025-05-26,5
O01638,C0212,P083,2025-12-29,1
O01639,C1885,P085,2025-11-05,5
O01640,C1611,P017,2025-08-28,5
O01641,C1105,P030,2025-03-10,3
O01642,C1968,P090,2026-02-15,5
O01643,C0542,P046,2025-12-05,3
O01644,C1162,P020,2026-01-01,3
O01645,C1697,P009,2025-12-22,2
O01646,C0693,P005,2025-11-30,1
O01647,C1340,P096,2025-06-12,3
O01648,C0156,P068,2025-07-18,2
O01649,C0791,P040,2025-04-02,1
O01650,C0589,P034,2026-01-09,2
O01651,C1587,P030,2025-06-06,4
O01652,C1065,P030,2026-02-13,2
O01653,C0289,P010,2026-01-22,4
O01654,C0060,P026,2025-07-12,1
O01655,C1979,P041,2025-08-10,2
O01656,C1819,P068,2025-06-30,1
O01657,C0104,P089,2025-04-23,3
O01658,C0713,P063,2026-03-05,1
O01659,C1373,P020,2025-03-15,5
O01660,C1692,P011,2025-10-27,4
O01661,C1186,P099,2025-12-19,4
O01662,C1960,P049,2025-09-16,4
O01663,C1006,P083,2025-05-29,2
O01664,C0899,P005,2025-11-26,1
O01665,C0880,P036,2025-11-30,3
O01666,C1019,P095,2025-04-07,2
O01667,C1263,P077,2025-04-07,1
O01668,C0026,P078,2025-05-21,4
O01669,C1949,P020,2025-08-09,1
O01670,C0413,P093,2025-03-20,1
O01671,C1708,P019,2025-08-14,4
O01672,C1111,P013,2026-02-26,4
O01673,C1406,P088,2025-05-30,2
O01674,C1636,P074,2026-01-29,4
O01675,C1884,P068,2025-11-12,5
O01676,C1619,P085,2025-03-25,2
O01677,C0524,P071,2025-12-12,5
O01678,C1095,P004,2025-08-21,3
O01679,C1290,P069,2025-08-03,1
O01680,C0849,P017,2025-10-19,1
O01681,C0831,P095,2025-11-07,2
O01682,C1428,P037,2025-08-23,1
O01683,C0306,P087,2025-07-18,2
O01684,C1136,P063,2025-12-02,2
O01685,C1326,P087,2025-07-25,1
O01686,C0553,P070,2025-10-03,5
O01687,C1136,P064,2025-03-26,1
O01688,C1290,P054,2025-08-10,3
O01689,C1697,P057,2025-08-20,1
O01690,C1658,P047,2025-09-05,1
O01691,C0498,P055,2025-03-09,4
O01692,C1278,P042,2025-10-08,1
O01693,C0284,P037,2025-10-02,5
O01694,C1772,P062,2026-01-31,3
O01695,C1298,P019,2025-09-14,2
O01696,C1266,P044,2025-05-06,4
O01697,C0798,P033,2025-05-29,4
O01698,C0824,P046,2026-01-03,2
O01699,C1800,P100,2025-09-29,1
O01700,C1474,P028,2025-12-07,4
O01701,C0124,P062,2025-10-15,4
O01702,C1045,P080,2025-07-20,3
O01703,C1655,P061,2026-01-23,2
O01704,C1596,P075,2025-11-25,1
O01705,C0277,P058,2025-11-17,2
O01706,C1534,P052,2025-05-07,4
O01707,C1198,P007,2025-11-01,3
O01708,C0389,P058,2025-12-29,2
O01709,C1853,P075,2025-08-05,4
O01710,C1360,P013,2025-10-05,4
O01711,C0558,P080,2025-05-26,3
O01712,C1910,P002,2025-11-24,2
O01713,C1635,P003,2025-08-13,1
O01714,C0399,P025,2025-10-17,2
O01715,C1369,P094,2025-03-23,2
O01716,C1788,P053,2025-10-14,4
O01717,C1917,P008,2026-02-25,1
O01718,C0601,P100,2025-09-27,1
O01719,C0662,P066,2026-02-17,5
O01720,C0861,P006,2025-06-29,2
O01721,C1413,P013,2025-08-09,3
O01722,C0624,P069,2025-05-16,2
O01723,C0951,P059,2025-05-06,5
O01724,C1040,P018,2025-07-28,5
O01725,C1544,P083,2025-10-29,4
O01726,C0075,P084,2026-01-03,5
O01727,C0626,P003,2025-06-08,2
O01728,C1001,P097,2026-01-03,3
O01729,C0243,P041,2025-04-19,4
O01730,C0658,P049,2025-06-30,4
O01731,C0011,P013,2025-04-18,5
O01732,C0474,P085,2025-06-20,5
O01733,C1775,P052,2025-09-18,1
O01734,C0349,P084,2025-05-26,4
O01735,C1624,P038,2025-04-05,5
O01736,C0750,P089,2025-05-06,5
O01737,C1170,P017,2025-07-04,1
O01738,C1017,P078,2025-05-28,2
O01739,C0352,P022,2025-07-23,1
O01740,C0176,P028,2025-06-25,3
O01741,C0145,P094,2026-02-06,3
O01742,C0312,P084,2026-01-06,2
O01743,C0919,P066,2025-08-29,1
O01744,C0989,P089,2025-07-23,3
O01745,C1907,P090,2025-09-18,3
O01746,C0611,P001,2025-10-03,4
O01747,C1052,P089,2025-10-25,4
O01748,C1384,P080,2026-01-27,2
O01749,C1475,P026,2025-09-12,3
O01750,C0888,P061,2026-02-13,2
O01751,C1247,P074,2026-01-04,4
O01752,C1990,P064,2025-10-22,5
O01753,C1962,P014,2025-08-09,4
O01754,C1947,P055,2025-12-02,4
O01755,C0817,P045,2025-12-02,1
O01756,C0864,P012,2025-09-04,1
O01757,C1443,P010,2025-12-15,5
O01758,C0480,P047,2025-10-06,2
O01759,C0009,P099,2026-02-19,2
O01760,C0968,P067,2025-07-11,5
O01761,C0913,P049,2025-06-02,2
O01762,C0271,P001,2025-08-16,5
O01763,C0580,P038,2025-07-22,5
O01764,C1255,P044,2025-05-03,1
O01765,C1282,P013,2026-02-15,5
O01766,C1678,P047,2025-04-14,3
O01767,C1117,P090,2025-09-13,1
O01768,C0728,P030,2025-06-23,4
O01769,C1378,P046,2025-07-25,4
O01770,C0851,P041,2025-08-03,1
O01771,C0216,P078,2025-08-21,4
O01772,C0930,P013,2025-04-01,3
O01773,C1133,P029,2025-03-25,1
O01774,C1969,P005,2026-01-29,4
O01775,C1123,P046,2025-04-30,4
O01776,C1684,P088,2025-10-30,4
O01777,C1470,P009,2025-09-23,5
O01778,C1834,P046,2025-09-22,5
O01779,C1510,P051,2026-02-24,5
O01780,C1669,P090,2025-11-12,5
O01781,C1676,P029,2025-05-26,5
O01782,C0082,P067,2025-08-29,4
O01783,C1285,P090,2025-07-13,5
O01784,C0693,P069,2025-10-05,2
O01785,C0039,P028,2025-04-07,2
O01786,C0636,P098,2025-04-10,3
O01787,C1598,P020,2026-02-11,3
O01788,C0132,P090,2025-10-31,4
O01789,C0902,P063,2026-03-01,3
O01790,C1392,P064,2025-07-02,3
O01791,C0631,P042,2026-01-27,3
O01792,C1174,P092,2025-08-09,2
O01793,C0575,P027,2025-05-06,4
O01794,C1046,P007,2025-12-19,1
O01795,C1575,P032,2025-08-04,1
O01796,C0652,P037,2025-06-27,4
O01797,C0637,P009,2025-05-04,4
O01798,C0386,P029,2025-10-04,5
O01799,C0210,P011,2025-03-14,1
O01800,C0876,P079,2025-09-12,1
O01801,C1901,P023,2025-05-21,2
O01802,C1502,P051,2025-03-24,4
O01803,C1378,P039,2025-12-19,5
O01804,C1955,P093,2025-11-10,1
O01805,C0200,P070,2025-12-30,1
O01806,C1332,P088,2025-04-10,2
O01807,C0519,P052,2025-03-22,2
O01808,C1057,P011,2026-01-12,3
O01809,C1044,P006,2025-06-27,1
O01810,C0265,P090,2025-11-02,3
O01811,C1252,P013,2025-06-18,3
O01812,C1901,P051,2025-04-25,4
O01813,C1429,P039,2025-05-03,2
O01814,C1927,P001,2025-08-14,2
O01815,C0753,P066,2025-05-30,5
O01816,C1250,P021,2025-04-21,1
O01817,C0581,P042,2025-10-04,1
O01818,C1397,P071,2025-07-10,1
O01819,C1933,P073,2025-03-29,2
O01820,C0072,P032,2026-01-26,4
O01821,C0801,P069,2025-04-28,2
O01822,C0418,P070,2026-01-01,5
O01823,C1640,P033,2025-06-18,3
O01824,C0011,P005,2025-10-30,1
O01825,C1490,P050,2025-09-09,4
O01826,C0249,P016,2025-08-20,5
O01827,C0960,P019,2026-01-21,5
O01828,C0887,P055,2025-11-18,4
O01829,C0426,P036,2025-10-12,4
O01830,C1228,P059,2025-06-01,1
O01831,C1610,P033,2025-05-12,5
O01832,C0983,P036,2025-09-22,1
O01833,C0221,P033,2025-04-27,4
O01834,C0589,P082,2025-08-22,1
O01835,C1682,P013,2025-03-22,2
O01836,C0112,P004,2026-03-09,1
O01837,C1036,P081,2026-02-15,2
O01838,C1264,P028,2026-02-05,3
O01839,C1780,P060,2026-01-22,4
O01840,C0542,P070,2025-06-17,4
O01841,C1916,P082,2025-11-30,1
O01842,C1936,P050,2026-03-07,1
O01843,C1552,P053,2025-11-25,2
O01844,C0227,P014,2026-01-29,2
O01845,C1761,P003,2025-06-01,2
O01846,C1134,P026,2026-02-14,5
O01847,C1023,P059,2025-07-21,3
O01848,C1160,P026,2026-01-15,3
O01849,C1501,P002,2025-06-21,5
O01850,C1744,P081,2025-04-08,3
O01851,C0817,P066,2026-01-02,2
O01852,C1536,P038,2025-08-24,1
O01853,C0645,P007,2025-04-12,5
O01854,C0956,P015,2025-07-17,3
O01855,C1062,P081,2025-06-22,1
O01856,C0039,P006,2025-05-11,2
O01857,C1693,P079,2026-01-29,3
O01858,C1596,P068,2025-09-19,4
O01859,C0395,P005,2025-05-13,2
O01860,C0842,P069,2025-04-10,3
O01861,C0247,P063,2025-11-14,1
O01862,C1888,P050,2025-09-22,4
O01863,C0722,P086,2025-10-28,3
O01864,C0888,P094,2025-08-20,5
O01865,C0959,P076,2025-10-27,2
O01866,C0614,P068,2025-10-04,1
O01867,C0476,P028,2025-05-16,4
O01868,C0953,P099,2025-11-18,5
O01869,C1642,P018,2025-10-09,5
O01870,C1350,P076,2026-02-06,3
O01871,C0265,P005,2025-07-07,4
O01872,C0526,P019,2025-08-23,3
O01873,C1990,P014,2025-04-06,3
O01874,C0191,P080,2025-06-20,1
O01875,C0464,P010,2025-10-09,1
O01876,C0671,P012,2026-02-16,3
O01877,C0261,P093,2025-11-08,3
O01878,C1492,P066,2025-07-10,1
O01879,C0935,P082,2026-02-07,2
O01880,C1024,P045,2026-01-13,4
O01881,C0997,P100,2026-02-26,3
O01882,C0104,P086,2025-03-14,1
O01883,C1489,P070,2026-01-16,1
O01884,C1564,P072,2025-07-09,3
O01885,C1564,P010,2025-03-12,5
O01886,C0488,P008,2025-12-18,5
O01887,C1169,P032,2025-06-22,1
O01888,C1435,P035,2025-04-12,3
O01889,C0703,P053,2026-01-24,5
O01890,C1878,P077,2025-05-13,3
O01891,C0766,P063,2025-09-27,3
O01892,C1497,P081,2025-07-01,2
O01893,C1909,P072,2026-02-06,4
O01894,C1857,P092,2025-06-17,2
O01895,C1700,P086,2025-04-03,5
O01896,C1419,P072,2025-09-12,1
O01897,C1627,P063,2025-03-26,4
O01898,C1067,P049,2025-10-20,2
O01899,C1486,P095,2025-06-21,5
O01900,C0576,P049,2025-10-16,5
O01901,C1053,P099,2026-01-25,1
O01902,C1852,P058,2025-10-03,4
O01903,C1996,P089,2025-05-20,2
O01904,C1656,P023,2025-03-28,1
O01905,C1210,P006,2026-02-22,3
O01906,C0063,P040,2025-06-11,3
O01907,C1364,P021,2025-08-23,3
O01908,C0329,P088,2025-05-20,1
O01909,C0900,P027,2025-11-10,2
O01910,C0002,P078,2026-02-25,5
O01911,C1714,P001,2025-05-15,3
O01912,C1819,P075,2026-02-01,5
O01913,C0457,P031,2026-02-20,1
O01914,C1889,P025,2025-05-24,3
O01915,C0347,P017,2025-12-02,4
O01916,C1174,P059,2026-01-21,3
O01917,C1956,P053,2026-02-25,2
O01918,C1693,P096,2025-09-10,1
O01919,C0053,P054,2025-08-16,4
O01920,C1971,P013,2025-09-19,5
O01921,C1467,P012,2026-02-19,1
O01922,C0929,P016,2025-09-25,1
O01923,C0174,P082,2026-02-02,4
O01924,C1733,P100,2025-07-25,4
O01925,C0504,P033,2025-11-05,5
O01926,C1815,P066,2025-06-02,5
O01927,C1391,P034,2025-12-22,3
O01928,C0753,P043,2025-09-29,4
O01929,C0683,P027,2026-02-02,4
O01930,C0832,P052,2025-08-21,3
O01931,C1048,P016,2026-02-21,5
O01932,C1301,P051,2025-06-28,3
O01933,C1019,P064,2025-04-17,2
O01934,C0984,P059,2025-08-02,1
O01935,C1398,P029,2026-03-01,5
O01936,C1739,P053,2026-02-07,5
O01937,C0927,P089,2025-08-04,1
O01938,C1674,P100,2025-05-17,3
O01939,C0693,P089,2025-09-21,3
O01940,C0688,P051,2025-10-22,1
O01941,C1745,P068,2025-05-30,4
O01942,C1409,P036,2025-09-08,1
O01943,C1830,P061,2025-11-29,5
O01944,C0868,P068,2025-09-18,1
O01945,C0114,P078,2025-04-03,1
O01946,C1882,P010,2025-04-10,2
O01947,C0426,P080,2025-11-09,3
O01948,C1388,P085,2025-09-11,5
O01949,C1449,P019,2026-03-08,1
O01950,C0309,P053,2025-04-18,5
O01951,C0936,P040,2025-06-14,2
O01952,C0437,P063,2025-06-14,2
O01953,C0789,P083,2025-12-09,1
O01954,C1925,P002,2025-06-23,4
O01955,C1743,P012,2025-11-02,4
O01956,C1865,P013,2025-07-30,2
O01957,C1665,P002,2025-03-28,1
O01958,C1474,P087,2025-08-04,2
O01959,C1705,P027,2025-04-22,2
O01960,C1927,P039,2025-11-14,4
O01961,C1057,P004,2025-11-19,5
O01962,C1174,P048,2025-07-15,4
O01963,C0163,P070,2025-06-20,5
O01964,C1723,P029,2025-09-03,5
O01965,C1892,P075,2025-06-15,2
O01966,C1331,P077,2025-06-12,1
O01967,C1433,P019,2025-07-12,4
O01968,C0455,P015,2026-02-20,2
O01969,C0030,P082,2025-10-28,2
O01970,C1279,P084,2025-06-28,4
O01971,C1755,P039,2026-03-04,4
O01972,C0276,P084,2025-08-03,5
O01973,C0984,P034,2025-07-13,3
O01974,C0576,P083,2025-03-17,2
O01975,C1687,P049,2025-07-19,1
O01976,C0746,P011,2025-07-05,3
O01977,C0594,P022,2025-06-07,3
O01978,C1622,P055,2025-10-18,5
O01979,C1638,P025,2026-02-23,2
O01980,C0643,P027,2025-09-01,4
O01981,C0435,P014,2026-02-21,4
O01982,C0688,P087,2025-05-20,5
O01983,C1609,P098,2025-08-15,3
O01984,C0766,P075,2025-12-19,2
O01985,C1838,P025,2025-11-02,5
O01986,C0528,P010,2025-08-09,3
O01987,C0130,P024,2026-02-10,1
O01988,C1526,P067,2025-03-21,1
O01989,C1119,P049,2025-10-23,3
O01990,C0780,P021,2026-01-23,5
O01991,C0644,P057,2025-12-16,5
O01992,C0565,P076,2026-02-08,2
O01993,C1564,P086,2025-05-23,4
O01994,C0970,P050,2025-10-15,1
O01995,C0990,P016,2026-01-27,1
O01996,C1404,P097,2025-08-14,3
O01997,C1318,P011,2026-02-22,3
O01998,C1554,P058,2025-07-19,5
O01999,C0543,P098,2025-04-19,3
O02000,C0066,P019,2026-02-24,1
O02001,C1660,P011,2025-08-29,3
O02002,C1955,P061,2025-06-28,2
O02003,C0882,P003,2025-03-18,3
O02004,C1338,P054,2025-07-18,4
O02005,C0129,P069,2025-10-23,5
O02006,C0973,P020,2025-03-30,1
O02007,C1296,P035,2025-12-09,2
O02008,C0443,P034,2025-10-09,2
O02009,C0648,P076,2026-02-24,3
O02010,C0002,P049,2025-03-30,5
O02011,C1516,P022,2025-07-28,4
O02012,C0854,P051,2025-10-11,3
O02013,C0648,P016,2026-02-05,3
O02014,C1388,P074,2025-11-21,3
O02015,C1057,P097,2025-09-25,3
O02016,C1872,P019,2025-10-02,2
O02017,C1118,P071,2025-10-07,3
O02018,C0964,P056,2026-03-03,5
O02019,C1583,P035,2025-07-15,3
O02020,C0529,P085,2025-10-29,5
O02021,C0290,P036,2025-07-20,4
O02022,C0183,P071,2026-01-05,1
O02023,C1607,P012,2025-12-14,1
O02024,C1152,P100,2026-02-05,1
O02025,C0631,P069,2025-04-23,1
O02026,C1224,P038,2025-05-17,4
O02027,C0971,P062,2025-10-07,3
O02028,C1851,P047,2025-05-20,1
O02029,C0361,P063,2025-10-08,3
O02030,C1639,P095,2025-05-24,5
O02031,C1061,P077,2025-04-20,3
O02032,C0172,P052,2026-02-24,5
O02033,C1329,P037,2025-05-17,5
O02034,C1920,P026,2026-02-23,5
O02035,C1698,P052,2025-12-09,2
O02036,C1028,P067,2025-03-18,2
O02037,C1618,P043,2025-05-17,4
O02038,C0778,P017,2025-06-13,2
O02039,C1402,P072,2026-02-14,5
O02040,C1523,P040,2025-05-28,3
O02041,C0414,P004,2025-06-05,4
O02042,C0079,P078,2025-03-09,2
O02043,C0098,P029,2025-03-28,4
O02044,C1183,P043,2025-03-30,4
O02045,C0567,P002,2025-04-27,2
O02046,C0327,P088,2025-08-13,1
O02047,C1447,P075,2025-04-03,2
O02048,C1198,P076,2025-05-25,2
O02049,C1741,P001,2025-05-06,5
O02050,C0847,P094,2025-09-20,3
O02051,C1028,P002,2025-07-03,2
O02052,C1260,P042,2025-06-14,2
O02053,C1778,P058,2025-09-06,2
O02054,C1296,P030,2026-01-31,3
O02055,C0772,P062,2025-09-03,2
O02056,C0092,P018,2025-04-16,3
O02057,C1551,P099,2026-01-02,2
O02058,C0451,P031,2026-01-19,2
O02059,C1192,P043,2026-03-06,4
O02060,C0952,P057,2025-11-19,1
O02061,C0534,P030,2025-03-17,4
O02062,C0723,P020,2025-07-23,5
O02063,C0402,P005,2025-08-15,5
O02064,C0608,P083,2025-09-03,4
O02065,C1967,P073,2026-02-19,5
O02066,C1198,P080,2025-05-11,2
O02067,C1135,P003,2025-03-18,2
O02068,C1691,P055,2025-09-02,1
O02069,C0198,P058,2025-08-09,3
O02070,C0417,P084,2025-08-09,1
O02071,C0994,P056,2025-08-01,1
O02072,C0066,P064,2025-12-04,4
O02073,C0760,P040,2025-04-04,3
O02074,C0130,P038,2025-11-10,1
O02075,C1893,P032,2025-07-07,2
O02076,C1208,P081,2025-08-19,1
O02077,C1450,P066,2025-08-26,4
O02078,C0402,P083,2025-07-17,1
O02079,C0087,P041,2025-07-27,2
O02080,C0224,P098,2025-05-27,1
O02081,C1842,P088,2026-02-01,1
O02082,C1835,P050,2025-12-08,1
O02083,C0784,P058,2025-05-10,1
O02084,C1518,P006,2025-10-03,1
O02085,C0070,P016,2025-10-21,1
O02086,C1892,P071,2026-02-20,4
O02087,C0743,P064,2025-10-17,1
O02088,C1353,P024,2025-03-29,2
O02089,C0511,P074,2025-11-17,3
O02090,C1325,P026,2025-04-08,2
O02091,C0971,P001,2025-10-05,4
O02092,C0984,P068,2025-08-13,2
O02093,C0817,P040,2025-10-27,1
O02094,C1531,P096,2025-08-26,5
O02095,C1515,P049,2025-04-02,3
O02096,C1741,P082,2025-07-18,1
O02097,C0388,P028,2025-12-03,2
O02098,C0965,P001,2025-12-07,1
O02099,C1602,P020,2025-07-28,5
O02100,C1475,P065,2025-10-04,4
O02101,C1656,P073,2025-07-24,1
O02102,C1003,P047,2025-04-14,1
O02103,C0363,P028,2025-12-11,5
O02104,C0709,P046,2025-12-01,3
O02105,C0932,P098,2025-12-07,4
O02106,C0702,P079,2025-07-09,4
O02107,C1774,P058,2026-02-21,1
O02108,C0851,P055,2025-09-01,4
O02109,C1794,P027,2025-10-24,4
O02110,C0801,P036,2025-06-17,2
O02111,C1131,P044,2025-07-05,2
O02112,C0500,P096,2025-12-23,1
O02113,C0163,P082,2026-02-16,4
O02114,C0210,P015,2025-05-24,5
O02115,C0982,P022,2026-01-14,4
O02116,C0563,P012,2025-05-13,4
O02117,C1703,P016,2025-07-18,4
O02118,C1693,P023,2026-02-10,3
O02119,C0068,P095,2026-01-09,1
O02120,C1657,P044,2025-08-23,3
O02121,C0688,P095,2025-10-31,4
O02122,C0045,P073,2025-07-06,2
O02123,C0109,P083,2025-06-23,1
O02124,C1318,P077,2025-11-01,5
O02125,C1164,P097,2025-11-14,3
O02126,C1326,P070,2026-02-15,3
O02127,C0770,P092,2025-04-08,2
O02128,C0362,P033,2025-07-04,1
O02129,C0698,P038,2025-08-05,5
O02130,C0836,P015,2025-06-08,5
O02131,C0780,P095,2025-08-10,4
O02132,C1998,P098,2026-02-14,2
O02133,C0518,P071,2026-02-08,5
O02134,C0626,P096,2025-04-03,1
O02135,C1135,P072,2026-01-30,3
O02136,C0689,P094,2025-05-10,4
O02137,C1322,P099,2025-05-07,2
O02138,C0075,P014,2025-05-17,2
O02139,C1680,P069,2025-10-18,2
O02140,C1324,P043,2025-10-29,3
O02141,C0317,P063,2025-05-04,4
O02142,C0343,P036,2025-07-17,3
O02143,C1534,P043,2025-08-07,3
O02144,C1450,P065,2025-12-03,4
O02145,C0983,P037,2025-10-08,4
O02146,C0677,P062,2026-02-18,1
O02147,C1827,P100,2025-04-10,3
O02148,C1309,P006,2025-06-21,2
O02149,C0721,P077,2025-09-25,2
O02150,C1282,P067,2025-08-03,1
O02151,C0087,P041,2025-06-07,4
O02152,C1171,P040,2026-03-09,1
O02153,C0529,P059,2025-05-26,5
O02154,C1838,P096,2026-03-07,4
O02155,C1273,P078,2025-10-30,3
O02156,C0525,P087,2025-05-03,3
O02157,C1910,P007,2026-02-14,1
O02158,C0189,P030,2025-08-08,4
O02159,C0480,P079,2025-12-31,1
O02160,C1094,P080,2025-04-01,4
O02161,C0084,P091,2026-02-28,1
O02162,C1516,P082,2026-02-16,4
O02163,C0437,P099,2025-10-19,2
O02164,C1748,P035,2025-07-21,2
O02165,C0953,P087,2026-01-20,4
O02166,C1092,P087,2025-12-03,3
O02167,C1021,P098,2025-07-04,2
O02168,C0079,P004,2025-10-01,5
O02169,C0725,P021,2025-11-02,3
O02170,C1943,P049,2025-06-04,3
O02171,C0796,P076,2025-07-08,5
O02172,C0905,P037,2026-02-08,2
O02173,C0954,P039,2026-02-19,1
O02174,C1132,P027,2025-07-09,3
O02175,C0069,P041,2025-10-15,5
O02176,C1834,P076,2025-05-01,2
O02177,C0125,P010,2025-04-26,3
O02178,C0787,P003,2025-08-02,4
O02179,C0422,P084,2026-01-03,3
O02180,C1598,P001,2025-04-03,4
O02181,C0484,P062,2025-03-18,4
O02182,C1833,P033,2025-06-10,1
O02183,C0843,P029,2026-01-11,2
O02184,C1802,P033,2026-01-04,1
O02185,C0445,P024,2025-12-26,4
O02186,C1567,P074,2025-10-01,4
O02187,C0884,P007,2025-09-08,1
O02188,C1600,P014,2025-04-09,2
O02189,C0352,P085,2025-05-21,2
O02190,C1739,P019,2025-10-11,5
O02191,C0686,P053,2025-11-13,1
O02192,C0046,P061,2026-01-13,5
O02193,C0712,P057,2025-03-10,2
O02194,C0244,P096,2026-02-18,2
O02195,C0429,P070,2026-02-23,4
O02196,C1767,P071,2025-12-22,5
O02197,C0589,P058,2026-03-06,3
O02198,C1657,P085,2025-09-29,4
O02199,C0570,P020,2025-06-03,2
O02200,C1279,P059,2025-08-27,1
O02201,C0601,P080,2026-02-06,2
O02202,C1127,P085,2025-08-16,5
O02203,C1407,P062,2025-12-23,3
O02204,C1105,P030,2026-01-12,1
O02205,C0008,P056,2025-12-07,2
O02206,C1009,P027,2025-08-18,2
O02207,C1030,P019,2025-04-24,4
O02208,C1314,P062,2025-07-10,4
O02209,C0335,P065,2025-07-27,2
O02210,C1244,P070,2025-06-30,3
O02211,C0770,P037,2025-12-21,4
O02212,C1664,P098,2025-05-14,1
O02213,C0150,P096,2025-07-26,2
O02214,C1847,P086,2025-03-12,3
O02215,C0459,P068,2026-02-13,2
O02216,C1594,P047,2025-05-25,4
O02217,C0937,P056,2025-05-23,3
O02218,C0895,P011,2025-10-23,2
O02219,C0294,P031,2025-03-14,5
O02220,C1596,P055,2025-08-18,5
O02221,C1853,P029,2025-04-03,1
O02222,C1409,P033,2025-10-22,1
O02223,C0808,P008,2025-10-20,4
O02224,C0854,P085,2025-03-17,2
O02225,C0289,P003,2025-06-24,4
O02226,C0754,P087,2026-01-28,4
O02227,C1164,P054,2025-04-04,1
O02228,C1438,P088,2026-03-04,1
O02229,C1482,P041,2025-09-03,4
O02230,C1282,P077,2026-01-03,2
O02231,C1903,P093,2025-06-03,2
O02232,C0611,P062,2025-10-02,4
O02233,C1872,P063,2025-10-23,5
O02234,C0544,P044,2025-04-14,4
O02235,C1261,P078,2025-10-10,1
O02236,C1148,P013,2026-03-01,3
O02237,C0855,P089,2025-10-30,3
O02238,C0706,P068,2026-01-16,5
O02239,C1601,P021,2025-04-02,5
O02240,C0399,P075,2026-01-22,4
O02241,C1961,P035,2025-06-12,5
O02242,C0139,P087,2025-10-28,5
O02243,C0891,P024,2025-07-29,4
O02244,C0189,P013,2025-04-20,2
O02245,C0617,P041,2025-04-15,3
O02246,C1639,P090,2025-05-07,1
O02247,C1884,P025,2025-10-25,2
O02248,C1070,P082,2025-06-27,4
O02249,C0646,P066,2025-11-17,3
O02250,C1420,P097,2025-04-01,1
O02251,C0336,P030,2026-02-24,3
O02252,C1536,P091,2025-10-27,3
O02253,C1494,P057,2025-04-02,4
O02254,C0737,P068,2026-02-28,2
O02255,C1275,P046,2025-11-28,3
O02256,C0168,P020,2025-12-20,1
O02257,C0517,P037,2025-04-08,2
O02258,C0142,P009,2025-09-28,5
O02259,C0776,P026,2025-08-18,2
O02260,C1246,P091,2025-08-19,4
O02261,C0917,P044,2025-08-25,5
O02262,C1407,P046,2025-09-04,2
O02263,C1428,P098,2026-02-16,4
O02264,C0968,P097,2026-01-08,5
O02265,C0960,P005,2025-03-14,3
O02266,C1796,P066,2025-07-24,3
O02267,C1486,P076,2025-09-02,2
O02268,C0176,P046,2025-07-01,2
O02269,C0779,P042,2025-09-26,3
O02270,C1982,P095,2025-12-21,4
O02271,C0463,P008,2025-09-12,2
O02272,C0812,P098,2025-05-05,2
O02273,C1005,P032,2025-04-01,5
O02274,C1627,P079,2025-09-21,2
O02275,C0615,P080,2025-05-27,2
O02276,C0388,P046,2025-06-16,2
O02277,C0114,P095,2026-03-09,3
O02278,C1815,P046,2025-06-05,3
O02279,C1646,P014,2025-04-18,3
O02280,C1977,P092,2025-11-09,1
O02281,C0622,P002,2025-06-20,5
O02282,C1857,P049,2025-08-25,5
O02283,C0486,P072,2025-11-13,2
O02284,C1829,P073,2025-08-27,1
O02285,C1758,P089,2025-10-21,2
O02286,C1827,P092,2025-08-26,4
O02287,C1691,P045,2026-01-05,1
O02288,C0812,P078,2025-05-07,5
O02289,C1546,P050,2025-07-08,2
O02290,C1649,P014,2025-11-24,2
O02291,C1344,P067,2025-10-20,3
O02292,C0896,P019,2025-04-15,2
O02293,C0287,P072,2026-02-13,3
O02294,C1508,P066,2025-07-29,5
O02295,C1711,P050,2025-08-25,1
O02296,C0750,P050,2025-06-18,3
O02297,C0856,P081,2025-09-15,4
O02298,C1035,P072,2026-01-12,2
O02299,C0651,P090,2025-09-02,5
O02300,C1390,P022,2025-10-30,5
O02301,C0570,P085,2025-06-19,3
O02302,C1782,P033,2025-07-30,1
O02303,C1501,P027,2025-07-01,1
O02304,C1361,P023,2025-09-13,1
O02305,C1710,P053,2025-06-10,5
O02306,C1553,P031,2025-12-01,2
O02307,C1541,P024,2025-09-20,1
O02308,C0886,P057,2026-02-02,4
O02309,C0200,P069,2025-10-07,1
O02310,C0337,P043,2025-08-24,1
O02311,C0261,P061,2025-10-14,2
O02312,C0543,P024,2025-12-18,3
O02313,C0605,P008,2026-01-13,4
O02314,C1943,P048,2025-10-24,4
O02315,C1387,P055,2025-03-16,2
O02316,C1186,P056,2025-08-12,3
O02317,C0306,P069,2026-02-06,1
O02318,C0947,P014,2025-10-16,5
O02319,C1557,P054,2026-01-14,2
O02320,C1221,P071,2025-10-22,4
O02321,C1263,P042,2026-02-28,1
O02322,C0435,P057,2025-11-28,3
O02323,C0698,P013,2025-11-12,3
O02324,C0549,P017,2025-05-11,2
O02325,C1732,P006,2026-01-06,4
O02326,C1815,P094,2025-06-16,4
O02327,C0705,P023,2026-02-03,1
O02328,C1950,P091,2025-08-31,4
O02329,C0461,P011,2025-09-25,1
O02330,C0988,P040,2026-02-25,1
O02331,C0027,P051,2025-11-23,5
O02332,C0428,P071,2025-10-03,5
O02333,C0395,P081,2025-10-02,1
O02334,C1708,P098,2026-01-12,2
O02335,C1126,P037,2025-04-19,3
O02336,C0123,P016,2026-02-14,1
O02337,C1215,P075,2025-08-27,2
O02338,C0040,P008,2026-03-07,4
O02339,C1621,P050,2025-06-30,4
O02340,C1755,P077,2026-02-14,3
O02341,C1432,P053,2026-02-27,3
O02342,C0511,P012,2025-07-17,1
O02343,C1623,P006,2025-04-24,4
O02344,C0354,P019,2026-01-04,4
O02345,C0213,P035,2025-11-26,4
O02346,C0288,P065,2026-01-23,1
O02347,C1343,P025,2025-09-03,3
O02348,C0889,P005,2025-03-30,5
O02349,C1490,P010,2025-10-07,1
O02350,C1082,P056,2025-03-31,4
O02351,C1687,P027,2026-03-05,4
O02352,C0358,P023,2025-12-15,1
O02353,C1416,P010,2025-07-25,3
O02354,C1208,P052,2026-02-07,4
O02355,C0124,P070,2025-09-06,2
O02356,C0644,P095,2026-01-21,2
O02357,C1295,P001,2026-03-06,2
O02358,C0539,P095,2025-07-21,4
O02359,C0600,P008,2025-04-06,4
O02360,C1406,P016,2025-09-13,2
O02361,C1300,P046,2025-11-11,3
O02362,C1353,P027,2025-11-26,1
O02363,C0155,P022,2025-12-01,1
O02364,C1189,P023,2025-10-09,5
O02365,C0982,P047,2026-03-02,1
O02366,C1556,P002,2026-01-02,2
O02367,C0090,P003,2025-08-28,5
O02368,C1587,P061,2025-10-03,5
O02369,C1415,P078,2025-12-07,1
O02370,C0800,P085,2025-03-12,1
O02371,C1270,P092,2025-05-12,3
O02372,C0180,P064,2026-01-05,4
O02373,C0541,P039,2026-03-09,5
O02374,C0025,P063,2026-02-15,1
O02375,C0413,P085,2025-09-19,1
O02376,C1936,P026,2025-11-16,5
O02377,C1189,P097,2025-10-05,2
O02378,C1467,P012,2025-10-24,4
O02379,C1214,P031,2026-01-28,3
O02380,C1991,P074,2025-03-22,5
O02381,C1498,P099,2025-12-09,4
O02382,C1331,P071,2025-08-11,1
O02383,C0813,P066,2026-03-03,5
O02384,C0056,P022,2026-01-20,3
O02385,C1619,P063,2025-04-16,4
O02386,C0815,P021,2026-02-11,2
O02387,C0068,P055,2025-04-26,3
O02388,C1172,P001,2025-12-01,1
O02389,C0604,P002,2025-12-29,4
O02390,C1108,P038,2025-03-19,3
O02391,C0234,P001,2025-11-13,4
O02392,C1618,P049,2025-09-29,1
O02393,C1950,P020,2025-12-24,2
O02394,C0877,P100,2025-11-10,4
O02395,C1236,P043,2026-02-03,2
O02396,C1242,P089,2025-03-09,1
O02397,C0633,P029,2025-08-22,4
O02398,C0910,P029,2025-07-29,1
O02399,C1468,P026,2026-02-05,1
O02400,C0469,P010,2025-10-02,5
O02401,C0234,P027,2026-01-03,2
O02402,C1779,P026,2025-03-22,1
O02403,C1302,P004,2025-09-17,5
O02404,C0567,P041,2025-12-20,3
O02405,C1385,P040,2025-03-19,1
O02406,C0934,P074,2025-06-12,4
O02407,C1607,P061,2025-08-18,4
O02408,C1125,P023,2026-01-09,5
O02409,C0062,P047,2025-06-25,1
O02410,C1364,P083,2025-03-26,4
O02411,C1164,P027,2025-04-05,4
O02412,C0613,P012,2025-12-26,1
O02413,C0065,P069,2025-07-04,1
O02414,C1735,P090,2025-05-25,2
O02415,C0253,P040,2026-02-25,5
O02416,C1087,P029,2026-01-19,4
O02417,C0639,P098,2025-06-04,5
O02418,C1666,P019,2025-12-09,1
O02419,C0730,P026,2025-06-09,4
O02420,C0463,P047,2025-06-05,2
O02421,C0402,P063,2025-12-01,1
O02422,C1144,P072,2025-10-05,2
O02423,C1923,P078,2025-12-23,1
O02424,C1319,P037,2025-05-08,4
O02425,C1994,P004,2025-04-17,3
O02426,C1245,P093,2025-10-16,2
O02427,C0512,P059,2026-02-18,3
O02428,C0162,P017,2025-03-27,5
O02429,C1235,P040,2025-12-15,4
O02430,C1236,P084,2025-09-09,3
O02431,C1860,P089,2025-09-19,2
O02432,C0511,P041,2025-10-02,2
O02433,C0660,P017,2025-03-31,3
O02434,C1108,P096,2025-11-20,4
O02435,C0064,P064,2025-05-06,1
O02436,C0095,P090,2026-01-27,3
O02437,C1328,P085,2025-10-03,5
O02438,C0848,P038,2025-11-10,1
O02439,C1994,P089,2025-10-04,1
O02440,C0596,P067,2025-07-28,4
O02441,C0409,P087,2025-03-11,2
O02442,C0002,P062,2025-03-21,1
O02443,C0655,P038,2025-03-24,5
O02444,C0577,P071,2025-04-14,3
O02445,C1095,P034,2025-06-02,3
O02446,C1818,P079,2025-09-23,3
O02447,C1846,P017,2025-08-08,1
O02448,C1645,P080,2025-11-22,2
O02449,C1034,P030,2025-06-29,3
O02450,C1207,P081,2025-07-15,4
O02451,C1085,P075,2025-10-07,5
O02452,C1777,P069,2025-10-01,3
O02453,C1744,P050,2025-12-16,3
O02454,C1484,P028,2025-08-05,2
O02455,C0360,P056,2025-08-11,3
O02456,C0832,P037,2025-08-05,3
O02457,C0145,P041,2025-03-31,4
O02458,C1150,P079,2025-09-05,4
O02459,C0149,P084,2025-04-16,2
O02460,C0038,P059,2025-05-18,1
O02461,C1402,P096,2026-02-24,2
O02462,C0221,P071,2026-03-03,4
O02463,C1265,P058,2025-03-13,1
O02464,C1286,P017,2025-07-03,4
O02465,C1225,P055,2025-11-24,3
O02466,C0521,P027,2025-08-21,4
O02467,C1023,P017,2025-06-15,4
O02468,C0139,P063,2025-07-17,4
O02469,C1851,P052,2025-07-03,3
O02470,C1848,P036,2025-05-04,3
O02471,C0439,P057,2025-09-27,5
O02472,C1905,P019,2025-07-03,5
O02473,C1322,P088,2026-01-31,5
O02474,C0480,P097,2025-09-17,1
O02475,C0071,P015,2025-06-13,5
O02476,C1618,P075,2025-10-01,1
O02477,C1314,P027,2025-12-16,5
O02478,C1752,P075,2025-07-07,2
O02479,C0441,P064,2025-08-19,5
O02480,C0025,P046,2025-04-04,2
O02481,C0304,P080,2025-10-26,1
O02482,C0411,P061,2025-06-21,2
O02483,C0184,P086,2025-10-26,3
O02484,C1576,P039,2026-02-22,1
O02485,C0682,P079,2025-04-08,5
O02486,C1855,P100,2025-04-03,5
O02487,C1667,P004,2026-01-18,1
O02488,C1643,P072,2025-05-06,2
O02489,C0906,P007,2025-09-21,4
O02490,C0547,P071,2025-05-20,2
O02491,C1671,P073,2025-08-11,1
O02492,C1927,P075,2025-09-11,3
O02493,C1598,P054,2026-02-10,1
O02494,C1013,P001,2025-12-03,3
O02495,C0882,P016,2026-02-18,5
O02496,C0405,P090,2025-11-23,5
O02497,C1776,P006,2026-02-12,2
O02498,C1709,P040,2026-02-12,3
O02499,C1506,P002,2025-11-11,3
O02500,C1358,P074,2025-11-05,4
O02501,C1606,P055,2025-12-15,4
O02502,C0284,P092,2026-01-21,2
O02503,C1847,P052,2025-03-11,2
O02504,C1222,P008,2025-04-21,1
O02505,C0399,P085,2026-01-26,2
O02506,C1850,P047,2025-06-25,1
O02507,C0552,P041,2025-07-23,4
O02508,C0342,P058,2025-03-31,2
O02509,C1288,P044,2025-03-11,4
O02510,C1507,P006,2025-04-17,2
O02511,C1152,P008,2025-05-12,2
O02512,C1756,P053,2026-01-03,4
O02513,C1170,P035,2025-06-22,1
O02514,C0874,P054,2025-06-20,4
O02515,C1809,P007,2026-02-23,3
O02516,C0022,P054,2025-07-22,1
O02517,C0728,P024,2025-09-16,3
O02518,C0236,P051,2025-10-21,4
O02519,C0220,P016,2025-07-06,1
O02520,C1955,P026,2025-05-15,1
O02521,C1585,P074,2025-12-20,4
O02522,C0722,P013,2025-03-18,3
O02523,C0240,P007,2025-10-12,3
O02524,C0005,P029,2026-01-08,5
O02525,C0558,P030,2025-09-06,5
O02526,C0110,P028,2025-07-05,5
O02527,C1605,P083,2025-09-01,3
O02528,C0108,P078,2025-11-03,2
O02529,C0801,P088,2025-09-01,2
O02530,C0601,P062,2025-09-16,1
O02531,C0472,P017,2025-04-27,3
O02532,C1512,P045,2025-05-03,3
O02533,C1279,P079,2025-06-26,1
O02534,C0363,P067,2025-10-16,5
O02535,C1277,P035,2026-02-15,4
O02536,C1616,P091,2025-04-06,2
O02537,C0064,P079,2025-09-11,4
O02538,C0094,P037,2025-07-01,5
O02539,C1189,P022,2025-08-21,3
O02540,C1270,P038,2025-03-15,2
O02541,C0393,P083,2025-05-31,5
O02542,C0340,P067,2025-12-29,1
O02543,C1373,P088,2025-11-14,3
O02544,C1915,P015,2025-10-19,2
O02545,C0515,P001,2025-12-19,2
O02546,C1591,P033,2025-12-04,4
O02547,C0742,P055,2025-12-27,1
O02548,C1011,P061,2025-03-22,3
O02549,C1577,P012,2025-09-27,4
O02550,C1438,P064,2025-07-22,2
O02551,C1132,P051,2025-07-11,3
O02552,C1476,P024,2025-11-19,1
O02553,C1003,P038,2025-07-10,5
O02554,C0081,P091,2026-02-12,1
O02555,C1612,P027,2025-11-19,2
O02556,C0904,P033,2025-07-30,1
O02557,C1669,P086,2025-04-09,3
O02558,C0618,P035,2025-11-30,3
O02559,C0184,P023,2025-10-18,4
O02560,C0620,P046,2025-07-03,5
O02561,C0494,P055,2025-11-04,5
O02562,C0369,P094,2025-04-12,5
O02563,C0559,P045,2025-09-24,2
O02564,C1304,P013,2025-06-29,4
O02565,C0738,P020,2025-10-10,2
O02566,C0178,P024,2025-10-07,1
O02567,C1910,P071,2025-06-28,2
O02568,C1984,P071,2026-02-01,4
O02569,C0545,P046,2025-11-25,1
O02570,C0779,P004,2025-12-15,3
O02571,C1999,P035,2025-06-30,1
O02572,C0005,P080,2026-02-01,5
O02573,C0043,P018,2025-04-14,3
O02574,C0390,P064,2025-06-17,4
O02575,C0985,P024,2025-07-16,2
O02576,C1798,P016,2026-01-06,5
O02577,C0968,P076,2025-05-05,5
O02578,C1116,P058,2026-01-03,5
O02579,C1079,P089,2025-04-26,4
O02580,C0430,P003,2026-02-03,2
O02581,C1527,P030,2025-07-28,4
O02582,C0880,P078,2025-05-11,5
O02583,C1158,P073,2026-02-13,1
O02584,C1917,P027,2025-07-07,4
O02585,C0110,P063,2025-10-27,4
O02586,C0304,P066,2026-01-17,3
O02587,C1702,P079,2026-01-31,4
O02588,C0175,P025,2025-08-20,2
O02589,C0284,P039,2025-11-12,1
O02590,C0651,P015,2025-05-24,4
O02591,C0464,P059,2025-10-29,3
O02592,C1004,P048,2025-03-28,4
O02593,C1254,P062,2025-06-15,2
O02594,C0517,P056,2025-12-23,1
O02595,C0138,P030,2025-09-18,2
O02596,C0573,P013,2026-02-03,4
O02597,C1807,P062,2025-07-09,4
O02598,C0249,P074,2026-03-08,4
O02599,C0592,P015,2025-09-23,5
O02600,C0780,P048,2025-08-30,5
O02601,C0996,P021,2026-03-05,2
O02602,C1896,P053,2025-10-15,2
O02603,C0792,P078,2025-05-20,1
O02604,C0375,P095,2025-07-31,1
O02605,C1670,P078,2026-01-17,3
O02606,C0120,P089,2025-06-07,4
O02607,C0878,P057,2025-08-01,1
O02608,C1557,P096,2025-12-01,4
O02609,C0501,P039,2025-07-25,1
O02610,C1485,P023,2025-04-08,2
O02611,C1580,P089,2025-03-27,4
O02612,C0657,P067,2026-01-06,3
O02613,C1052,P086,2025-04-15,5
O02614,C1146,P070,2026-02-27,5
O02615,C1893,P097,2026-02-09,4
O02616,C0488,P077,2025-08-11,1
O02617,C0885,P008,2025-06-15,2
O02618,C0942,P002,2025-06-21,4
O02619,C1860,P040,2025-06-28,4
O02620,C0632,P044,2025-12-26,5
O02621,C1658,P091,2025-11-04,1
O02622,C1660,P017,2025-12-03,4
O02623,C0040,P033,2026-02-21,4
O02624,C1985,P027,2026-01-16,4
O02625,C1837,P029,2025-04-23,3
O02626,C1407,P040,2025-11-25,2
O02627,C1458,P075,2025-06-06,3
O02628,C0768,P090,2025-04-16,4
O02629,C1218,P036,2026-03-07,5
O02630,C1582,P100,2025-04-03,2
O02631,C1922,P087,2025-10-30,4
O02632,C0376,P076,2025-12-07,3
O02633,C0785,P048,2025-05-25,4
O02634,C0141,P052,2025-09-04,2
O02635,C0849,P076,2025-04-05,2
O02636,C0483,P045,2025-04-18,5
O02637,C1672,P002,2025-08-20,1
O02638,C0767,P001,2026-03-07,1
O02639,C1177,P094,2026-01-22,2
O02640,C0505,P076,2026-03-06,3
O02641,C0261,P098,2026-02-05,4
O02642,C0319,P035,2025-07-11,4
O02643,C0236,P028,2025-11-28,4
O02644,C1175,P005,2026-02-07,2
O02645,C1656,P089,2025-10-01,3
O02646,C0768,P066,2025-08-17,5
O02647,C1786,P032,2025-04-18,1
O02648,C1044,P013,2025-11-14,4
O02649,C1552,P021,2025-03-22,1
O02650,C0292,P064,2025-04-02,3
O02651,C0655,P084,2025-09-26,1
O02652,C0252,P037,2025-12-08,4
O02653,C0405,P098,2026-01-21,1
O02654,C0831,P042,2025-04-26,2
O02655,C0091,P057,2025-12-04,3
O02656,C1195,P082,2026-03-09,1
O02657,C0733,P088,2026-02-18,1
O02658,C0730,P064,2025-11-10,3
O02659,C1283,P031,2025-08-26,4
O02660,C1631,P086,2025-06-30,5
O02661,C1529,P065,2025-08-12,1
O02662,C0117,P085,2025-06-01,5
O02663,C0877,P018,2025-07-09,2
O02664,C1092,P043,2025-05-25,2
O02665,C1008,P053,2025-11-22,5
O02666,C1095,P016,2025-09-10,1
O02667,C1207,P037,2025-08-05,1
O02668,C1132,P064,2025-11-28,3
O02669,C1007,P016,2026-01-31,2
O02670,C0283,P025,2025-05-30,1
O02671,C1331,P077,2025-05-01,2
O02672,C1392,P049,2026-01-04,3
O02673,C0722,P098,2025-11-18,3
O02674,C1885,P039,2025-08-16,2
O02675,C0472,P100,2026-01-20,4
O02676,C0640,P065,2025-06-18,1
O02677,C0891,P058,2025-05-06,5
O02678,C1576,P009,2026-01-25,4
O02679,C1069,P086,2026-01-23,2
O02680,C1228,P063,2025-03-31,3
O02681,C1992,P063,2025-08-05,5
O02682,C0186,P021,2026-03-06,4
O02683,C0582,P062,2025-08-23,5
O02684,C0582,P021,2025-07-23,3
O02685,C0507,P070,2025-11-11,2
O02686,C1103,P001,2025-04-01,5
O02687,C1722,P087,2025-08-23,4
O02688,C0181,P087,2026-02-17,5
O02689,C0454,P032,2026-02-06,3
O02690,C1608,P067,2025-06-11,1
O02691,C0168,P073,2025-12-06,4
O02692,C0325,P038,2025-11-19,4
O02693,C1643,P036,2025-07-23,1
O02694,C0279,P090,2025-11-11,5
O02695,C0909,P010,2026-01-30,1
O02696,C0516,P027,2025-05-20,4
O02697,C1463,P031,2026-01-31,1
O02698,C0436,P091,2025-08-09,2
O02699,C0753,P030,2025-10-16,5
O02700,C1670,P047,2025-09-06,3
O02701,C0661,P059,2025-07-14,3
O02702,C1198,P047,2025-07-22,5
O02703,C0939,P090,2026-02-18,3
O02704,C1517,P079,2025-08-21,5
O02705,C1640,P050,2025-07-29,1
O02706,C0980,P036,2026-03-02,1
O02707,C0325,P046,2025-07-01,1
O02708,C0301,P030,2025-04-15,2
O02709,C1243,P076,2026-02-04,2
O02710,C0927,P093,2026-01-15,1
O02711,C1278,P077,2026-02-05,4
O02712,C1896,P012,2025-09-04,3
O02713,C1015,P020,2025-08-12,2
O02714,C0619,P098,2026-01-29,3
O02715,C0787,P037,2025-04-26,5
O02716,C0303,P047,2025-09-09,1
O02717,C0377,P091,2025-08-07,3
O02718,C0334,P056,2025-05-20,5
O02719,C0657,P016,2026-02-04,2
O02720,C0854,P074,2025-03-22,2
O02721,C1443,P089,2025-03-12,1
O02722,C0780,P021,2025-08-14,4
O02723,C1936,P052,2025-12-12,3
O02724,C1674,P069,2025-04-03,5
O02725,C0647,P010,2025-12-05,5
O02726,C0216,P060,2025-06-17,3
O02727,C0630,P069,2025-10-22,5
O02728,C0403,P004,2025-08-04,2
O02729,C0396,P012,2025-08-21,2
O02730,C0415,P049,2025-09-13,5
O02731,C1019,P064,2025-07-22,1
O02732,C0204,P056,2025-11-19,2
O02733,C0986,P084,2025-06-03,5
O02734,C0907,P060,2025-04-14,3
O02735,C1735,P052,2025-03-22,2
O02736,C0681,P092,2025-11-06,5
O02737,C0963,P027,2025-06-10,1
O02738,C1610,P079,2025-03-11,4
O02739,C1650,P099,2025-11-18,2
O02740,C1399,P017,2025-05-06,2
O02741,C0209,P031,2025-03-28,3
O02742,C1967,P073,2025-11-07,4
O02743,C1527,P044,2025-08-21,2
O02744,C0943,P027,2025-04-04,2
O02745,C1086,P035,2025-08-06,3
O02746,C0187,P076,2025-07-08,3
O02747,C0965,P034,2025-12-02,5
O02748,C0196,P014,2025-08-06,4
O02749,C1393,P049,2025-11-12,2
O02750,C0497,P065,2025-03-20,3
O02751,C0581,P037,2025-12-07,2
O02752,C1286,P043,2025-09-05,5
O02753,C0165,P073,2026-03-03,4
O02754,C0094,P008,2025-08-29,3
O02755,C1648,P044,2026-01-27,5
O02756,C1067,P076,2026-01-08,1
O02757,C1709,P094,2025-11-29,4
O02758,C0078,P057,2026-02-10,3
O02759,C1176,P041,2025-06-05,1
O02760,C1407,P025,2026-01-09,2
O02761,C0894,P071,2025-06-06,1
O02762,C0775,P090,2025-03-09,3
O02763,C1892,P030,2025-10-10,5
O02764,C0499,P024,2026-02-03,3
O02765,C1209,P039,2025-09-03,3
O02766,C1325,P083,2026-01-10,4
O02767,C0922,P014,2026-02-27,5
O02768,C0115,P080,2025-05-24,3
O02769,C0307,P078,2025-09-26,1
O02770,C0078,P046,2025-09-16,2
O02771,C1072,P001,2026-03-06,1
O02772,C1656,P081,2025-08-19,2
O02773,C1374,P016,2025-12-13,4
O02774,C0527,P007,2025-03-23,1
O02775,C0554,P038,2026-01-11,1
O02776,C1017,P010,2026-02-21,4
O02777,C1169,P074,2025-04-16,4
O02778,C1483,P001,2026-01-14,4
O02779,C0933,P093,2025-08-25,4
O02780,C1597,P033,2025-05-10,4
O02781,C1249,P064,2025-10-24,2
O02782,C1567,P014,2025-08-10,5
O02783,C0427,P097,2026-02-24,2
O02784,C0739,P094,2025-05-27,2
O02785,C1044,P076,2025-03-15,4
O02786,C1574,P016,2026-02-17,3
O02787,C0651,P033,2026-02-23,2
O02788,C0403,P032,2025-03-24,3
O02789,C1425,P035,2025-11-25,3
O02790,C0778,P065,2025-07-17,4
O02791,C1269,P050,2025-04-09,1
O02792,C1612,P036,2025-04-02,1
O02793,C0750,P034,2026-01-09,4
O02794,C0138,P026,2026-02-18,4
O02795,C0505,P037,2026-01-16,2
O02796,C1787,P042,2025-06-25,5
O02797,C0104,P022,2025-12-13,4
O02798,C0209,P084,2025-06-24,5
O02799,C1857,P030,2025-06-19,3
O02800,C1644,P036,2025-07-16,1
O02801,C0262,P078,2025-03-13,5
O02802,C1790,P027,2025-06-30,2
O02803,C1180,P033,2025-08-25,1
O02804,C0706,P070,2025-10-24,4
O02805,C1766,P063,2025-08-02,1
O02806,C1313,P061,2025-08-25,5
O02807,C1737,P047,2025-03-15,3
O02808,C0449,P029,2025-10-04,4
O02809,C1871,P025,2025-11-30,2
O02810,C0639,P031,2025-09-30,5
O02811,C0707,P056,2025-07-29,2
O02812,C0576,P059,2026-01-04,5
O02813,C1962,P035,2025-11-18,2
O02814,C0677,P027,2025-06-14,3
O02815,C0738,P012,2025-04-12,3
O02816,C0608,P088,2025-12-28,5
O02817,C0281,P023,2025-12-23,4
O02818,C0802,P045,2025-06-09,5
O02819,C1511,P010,2025-12-19,3
O02820,C1592,P031,2025-03-30,5
O02821,C1561,P001,2025-03-31,4
O02822,C1524,P022,2025-04-28,5
O02823,C0917,P019,2025-08-02,4
O02824,C1184,P052,2025-05-16,3
O02825,C0440,P065,2025-07-19,2
O02826,C1205,P061,2025-03-28,1
O02827,C1876,P020,2025-04-03,5
O02828,C0909,P093,2025-11-19,5
O02829,C0936,P032,2025-11-06,5
O02830,C1896,P079,2026-01-25,1
O02831,C1032,P052,2026-02-15,5
O02832,C1907,P023,2025-04-27,4
O02833,C0433,P094,2025-08-18,1
O02834,C1757,P002,2026-01-04,4
O02835,C1124,P021,2025-03-23,2
O02836,C1278,P041,2025-08-15,5
O02837,C0296,P077,2026-03-01,5
O02838,C1411,P017,2025-09-23,3
O02839,C1003,P033,2025-11-06,5
O02840,C0508,P065,2025-09-17,3
O02841,C1913,P030,2025-04-29,5
O02842,C0517,P067,2025-08-12,4
O02843,C1429,P061,2025-10-31,4
O02844,C1441,P083,2025-10-14,1
O02845,C1175,P027,2025-03-30,5
O02846,C1628,P051,2026-02-15,4
O02847,C0899,P019,2025-04-03,4
O02848,C0987,P034,2025-06-24,2
O02849,C1201,P042,2025-09-15,5
O02850,C1882,P073,2025-09-06,4
O02851,C1308,P091,2025-11-09,3
O02852,C1679,P028,2025-07-05,2
O02853,C1921,P057,2025-05-31,3
O02854,C1579,P097,2025-06-14,3
O02855,C0764,P079,2025-08-02,4
O02856,C0271,P029,2025-04-13,1
O02857,C1138,P094,2025-07-17,4
O02858,C0208,P096,2026-01-12,5
O02859,C1133,P096,2025-06-09,4
O02860,C0787,P030,2025-11-24,4
O02861,C0567,P013,2025-05-18,2
O02862,C1286,P093,2025-07-21,5
O02863,C0008,P012,2025-06-30,1
O02864,C0105,P082,2025-06-01,5
O02865,C1004,P022,2026-01-16,5
O02866,C1597,P032,2025-09-30,4
O02867,C0154,P041,2025-03-20,4
O02868,C0516,P098,2025-12-10,2
O02869,C1313,P028,2025-07-07,4
O02870,C1509,P073,2025-09-06,5
O02871,C0693,P035,2025-10-18,5
O02872,C0036,P100,2025-05-27,1
O02873,C1712,P058,2026-02-05,4
O02874,C0481,P065,2026-02-19,4
O02875,C0248,P013,2025-03-09,2
O02876,C0244,P092,2025-05-14,3
O02877,C1315,P023,2025-05-31,4
O02878,C1576,P072,2025-07-02,4
O02879,C0618,P063,2025-07-29,4
O02880,C0704,P012,2025-06-27,1
O02881,C0584,P060,2025-03-12,3
O02882,C0270,P020,2025-08-15,5
O02883,C0796,P036,2026-02-25,1
O02884,C1857,P009,2025-04-30,2
O02885,C1167,P064,2025-09-14,4
O02886,C0896,P065,2025-07-13,1
O02887,C1360,P013,2025-10-18,1
O02888,C1649,P017,2025-10-25,1
O02889,C1636,P035,2025-11-04,2
O02890,C0508,P014,2025-09-27,1
O02891,C0722,P079,2026-02-04,5
O02892,C1211,P049,2025-10-03,3
O02893,C0609,P080,2025-04-06,3
O02894,C1017,P079,2025-03-14,2
O02895,C1097,P083,2025-07-21,3
O02896,C1263,P088,2025-05-06,4
O02897,C0030,P023,2025-10-26,3
O02898,C1317,P028,2025-07-10,1
O02899,C0478,P058,2025-03-31,5
O02900,C1507,P054,2025-08-05,3
O02901,C1932,P023,2026-01-04,4
O02902,C0062,P062,2025-07-22,2
O02903,C0166,P059,2025-04-25,3
O02904,C1865,P079,2025-05-29,5
O02905,C1974,P050,2025-05-17,2
O02906,C1528,P076,2025-05-09,2
O02907,C0117,P089,2025-05-08,4
O02908,C1977,P052,2025-03-12,1
O02909,C0035,P011,2025-08-23,5
O02910,C1917,P027,2025-05-24,2
O02911,C1706,P019,2025-03-22,5
O02912,C0903,P098,2026-02-08,4
O02913,C0128,P004,2025-08-02,4
O02914,C0440,P010,2025-10-11,4
O02915,C1698,P090,2025-11-10,1
O02916,C0490,P007,2025-08-07,4
O02917,C0051,P053,2025-04-27,2
O02918,C1657,P072,2025-05-27,4
O02919,C1185,P051,2026-02-25,4
O02920,C1203,P088,2026-01-03,5
O02921,C0050,P089,2025-12-21,1
O02922,C0353,P017,2026-01-22,3
O02923,C0975,P009,2025-04-15,4
O02924,C1843,P048,2025-11-17,1
O02925,C1863,P007,2025-04-16,1
O02926,C0887,P028,2025-03-26,3
O02927,C0598,P058,2026-03-06,5
O02928,C0095,P073,2025-12-25,3
O02929,C1709,P029,2026-02-22,1
O02930,C0766,P093,2025-04-29,1
O02931,C1405,P072,2026-02-15,2
O02932,C0919,P079,2025-03-30,3
O02933,C0633,P093,2025-09-08,3
O02934,C0622,P081,2025-04-26,2
O02935,C1181,P001,2026-01-07,5
O02936,C0344,P056,2025-05-03,1
O02937,C1975,P037,2025-06-30,5
O02938,C0365,P020,2025-03-30,5
O02939,C1757,P029,2025-05-12,4
O02940,C1296,P067,2025-09-18,2
O02941,C0553,P038,2025-05-03,3
O02942,C0836,P037,2025-04-18,1
O02943,C1512,P004,2025-09-07,4
O02944,C0669,P018,2025-11-11,1
O02945,C1384,P012,2025-10-29,1
O02946,C0740,P072,2025-09-14,4
O02947,C1591,P005,2025-06-06,2
O02948,C1152,P010,2025-10-31,3
O02949,C0531,P085,2026-02-20,4
O02950,C1947,P031,2025-05-15,1
O02951,C1210,P074,2026-01-29,5
O02952,C0043,P081,2025-12-18,5
O02953,C1842,P056,2025-11-30,3
O02954,C0244,P004,2025-11-02,2
O02955,C1045,P053,2025-08-18,2
O02956,C1925,P006,2025-12-15,5
O02957,C1670,P038,2025-10-15,5
O02958,C1767,P030,2025-09-29,5
O02959,C1103,P072,2025-03-29,1
O02960,C0498,P005,2025-06-04,5
O02961,C0362,P022,2025-09-05,1
O02962,C1942,P081,2025-09-07,1
O02963,C0124,P069,2025-07-06,1
O02964,C1213,P021,2025-09-21,5
O02965,C1003,P012,2025-12-22,2
O02966,C1635,P089,2025-03-15,1
O02967,C1654,P005,2025-12-26,3
O02968,C1567,P017,2025-03-27,4
O02969,C1119,P034,2025-12-30,3
O02970,C1346,P039,2025-07-18,1
O02971,C0552,P067,2026-01-02,2
O02972,C1935,P036,2026-03-07,1
O02973,C1519,P032,2025-07-02,2
O02974,C1680,P021,2025-05-15,3
O02975,C0556,P022,2025-06-16,4
O02976,C0791,P057,2025-04-04,2
O02977,C0743,P084,2025-03-26,3
O02978,C1670,P010,2025-06-15,3
O02979,C0969,P088,2025-09-01,5
O02980,C1514,P089,2025-10-19,4
O02981,C0450,P024,2025-04-22,3
O02982,C0511,P023,2026-02-09,2
O02983,C0494,P041,2025-06-22,3
O02984,C0380,P004,2025-10-12,5
O02985,C1402,P074,2026-02-16,2
O02986,C0019,P080,2026-02-01,1
O02987,C1279,P092,2025-07-29,4
O02988,C0161,P018,2025-10-10,3
O02989,C0698,P002,2025-10-23,5
O02990,C1439,P055,2025-10-15,4
O02991,C0859,P064,2026-01-04,1
O02992,C1868,P052,2025-12-21,3
O02993,C1765,P010,2025-12-28,2
O02994,C0480,P075,2025-10-31,1
O02995,C1737,P007,2025-12-06,3
O02996,C1251,P074,2025-10-08,3
O02997,C1974,P060,2025-08-14,2
O02998,C0810,P054,2026-02-21,3
O02999,C0215,P027,2026-01-17,3
O03000,C0622,P051,2025-03-15,1
O03001,C0538,P031,2025-07-21,2
O03002,C0022,P083,2025-06-12,5
O03003,C1443,P051,2025-04-09,4
O03004,C0582,P091,2025-04-28,5
O03005,C1295,P076,2025-05-26,3
O03006,C1605,P010,2026-03-05,3
O03007,C0077,P061,2026-03-05,2
O03008,C1586,P065,2025-09-09,5
O03009,C1090,P066,2026-03-01,5
O03010,C0988,P097,2025-11-25,2
O03011,C0163,P010,2026-02-24,1
O03012,C1080,P074,2026-01-31,4
O03013,C1298,P095,2026-01-03,4
O03014,C0955,P093,2025-06-20,5
O03015,C1957,P090,2025-03-23,1
O03016,C0130,P077,2025-03-19,5
O03017,C0721,P035,2025-05-15,3
O03018,C1768,P057,2025-05-25,4
O03019,C1292,P029,2025-08-06,5
O03020,C1545,P093,2025-03-15,2
O03021,C1396,P047,2025-04-20,5
O03022,C0413,P014,2025-08-09,1
O03023,C1279,P059,2025-04-24,4
O03024,C1047,P002,2025-08-01,5
O03025,C1420,P057,2025-11-13,4
O03026,C0264,P093,2025-08-21,4
O03027,C1565,P063,2025-12-05,3
O03028,C1339,P005,2026-02-01,5
O03029,C1471,P011,2025-06-25,1
O03030,C0498,P086,2025-03-14,4
O03031,C1175,P056,2026-02-15,5
O03032,C1191,P010,2025-12-12,3
O03033,C0420,P044,2025-03-25,4
O03034,C0932,P078,2025-04-14,3
O03035,C1475,P023,2025-10-20,2
O03036,C1840,P045,2025-08-15,3
O03037,C0121,P096,2025-07-09,2
O03038,C0167,P008,2026-02-26,5
O03039,C0821,P059,2025-05-15,5
O03040,C1520,P073,2025-05-10,4
O03041,C1016,P086,2026-03-09,5
O03042,C1529,P038,2025-07-29,3
O03043,C0487,P062,2026-02-20,3
O03044,C0337,P018,2026-02-01,4
O03045,C0002,P052,2025-11-28,1
O03046,C1589,P017,2025-08-17,3
O03047,C1025,P050,2025-04-25,5
O03048,C0494,P003,2025-12-24,4
O03049,C0083,P011,2026-01-06,5
O03050,C0899,P039,2025-06-09,2
O03051,C1711,P039,2025-05-24,4
O03052,C0961,P066,2025-07-03,2
O03053,C1646,P006,2025-05-21,4
O03054,C1661,P098,2025-11-01,4
O03055,C1911,P006,2025-06-28,4
O03056,C0212,P067,2025-12-03,3
O03057,C1190,P065,2026-02-19,1
O03058,C0960,P045,2025-10-30,1
O03059,C1416,P047,2025-07-24,5
O03060,C1066,P036,2025-10-31,3
O03061,C0122,P013,2025-10-07,1
O03062,C1367,P084,2025-06-08,5
O03063,C0157,P053,2025-05-03,2
O03064,C0255,P064,2025-09-16,2
O03065,C1142,P093,2025-12-04,5
O03066,C1440,P058,2025-06-21,1
O03067,C0179,P060,2025-10-27,1
O03068,C1484,P022,2025-05-29,3
O03069,C1694,P045,2026-01-18,3
O03070,C0430,P036,2025-12-16,4
O03071,C1662,P095,2026-01-05,4
O03072,C1185,P053,2025-11-27,3
O03073,C1389,P005,2026-01-25,2
O03074,C0341,P077,2026-02-25,3
O03075,C0112,P017,2025-08-31,5
O03076,C0310,P092,2025-08-22,3
O03077,C1144,P039,2025-04-04,1
O03078,C0363,P075,2025-07-03,4
O03079,C0239,P093,2026-01-02,3
O03080,C1434,P078,2025-05-10,2
O03081,C1241,P068,2025-11-14,4
O03082,C0921,P073,2026-03-02,5
O03083,C1025,P048,2026-02-20,3
O03084,C1795,P020,2025-08-23,1
O03085,C1908,P031,2026-01-24,3
O03086,C0934,P022,2025-10-30,5
O03087,C1826,P015,2025-11-30,4
O03088,C0998,P057,2025-11-09,4
O03089,C1699,P091,2025-03-22,5
O03090,C0574,P032,2025-09-30,2
O03091,C0451,P004,2025-05-14,5
O03092,C0427,P032,2025-09-22,4
O03093,C1354,P012,2025-09-22,1
O03094,C0001,P021,2025-06-28,2
O03095,C1626,P074,2026-01-10,1
O03096,C1639,P053,2025-11-04,5
O03097,C0027,P007,2025-12-11,5
O03098,C1559,P083,2025-04-17,5
O03099,C1679,P054,2025-06-19,5
O03100,C1973,P023,2025-09-01,1
O03101,C0885,P023,2025-04-24,4
O03102,C0880,P053,2025-11-19,3
O03103,C0766,P053,2025-11-07,2
O03104,C1270,P029,2025-10-10,2
O03105,C1199,P005,2025-06-08,2
O03106,C1042,P049,2025-09-22,3
O03107,C1440,P080,2025-10-13,2
O03108,C1918,P035,2026-02-10,2
O03109,C0866,P005,2025-03-13,4
O03110,C1373,P018,2025-06-15,3
O03111,C1527,P038,2026-03-04,3
O03112,C0631,P095,2025-03-17,1
O03113,C0206,P040,2026-02-09,5
O03114,C0891,P099,2025-07-11,2
O03115,C0014,P091,2025-05-18,1
O03116,C0637,P079,2025-06-17,3
O03117,C1194,P061,2025-06-25,3
O03118,C1125,P055,2026-01-28,5
O03119,C1020,P028,2025-04-09,2
O03120,C1235,P021,2025-11-04,2
O03121,C0635,P072,2025-11-15,5
O03122,C1926,P047,2025-05-03,5
O03123,C0940,P022,2026-02-08,4
O03124,C0869,P049,2026-02-02,1
O03125,C1927,P031,2026-01-25,1
O03126,C1566,P003,2025-04-08,4
O03127,C0665,P097,2025-05-23,2
O03128,C1786,P098,2025-06-10,2
O03129,C0605,P034,2025-11-19,3
O03130,C0588,P032,2025-10-12,3
O03131,C1246,P092,2025-12-05,1
O03132,C1367,P035,2026-01-13,3
O03133,C0182,P045,2025-11-06,3
O03134,C0618,P097,2025-11-20,1
O03135,C0018,P006,2025-07-22,3
O03136,C1978,P039,2025-12-18,2
O03137,C0985,P048,2025-10-23,2
O03138,C1083,P032,2025-10-02,1
O03139,C0855,P045,2025-07-26,2
O03140,C0298,P026,2025-05-15,4
O03141,C0382,P099,2025-12-21,2
O03142,C0862,P034,2025-11-11,3
O03143,C1037,P035,2025-09-28,1
O03144,C0453,P052,2025-04-25,5
O03145,C1279,P003,2025-04-22,3
O03146,C0498,P054,2026-02-08,5
O03147,C0711,P078,2025-03-19,5
O03148,C0256,P047,2025-11-10,2
O03149,C1337,P005,2025-07-06,5
O03150,C0701,P097,2025-10-22,2
O03151,C0219,P067,2025-11-28,4
O03152,C1683,P073,2025-09-30,2
O03153,C1072,P039,2025-05-12,1
O03154,C0070,P027,2026-02-02,4
O03155,C1819,P054,2025-08-18,1
O03156,C0541,P068,2025-08-16,2
O03157,C1662,P042,2025-09-19,1
O03158,C0188,P085,2025-05-27,4
O03159,C0620,P078,2025-09-17,3
O03160,C1669,P034,2025-09-10,4
O03161,C0108,P084,2025-08-31,5
O03162,C0441,P070,2025-03-19,1
O03163,C1383,P081,2025-12-08,5
O03164,C0886,P012,2025-04-01,2
O03165,C0228,P045,2026-01-03,4
O03166,C1040,P078,2025-10-30,4
O03167,C0614,P028,2025-10-14,4
O03168,C0685,P070,2025-05-16,2
O03169,C0787,P099,2025-04-30,2
O03170,C1888,P025,2025-07-23,1
O03171,C1868,P039,2026-01-29,5
O03172,C1448,P030,2025-11-18,2
O03173,C1945,P089,2025-11-14,4
O03174,C1279,P057,2025-09-27,4
O03175,C1513,P033,2025-09-19,4
O03176,C0269,P089,2025-09-05,4
O03177,C1773,P044,2025-06-25,4
O03178,C0465,P035,2025-10-21,2
O03179,C1993,P078,2025-04-02,2
O03180,C1138,P035,2025-08-29,1
O03181,C0249,P024,2025-11-18,4
O03182,C1464,P034,2025-05-28,1
O03183,C0411,P047,2025-04-16,1
O03184,C0852,P087,2026-03-09,3
O03185,C0553,P078,2026-01-22,5
O03186,C0977,P083,2026-03-01,1
O03187,C1546,P067,2025-09-03,4
O03188,C1266,P002,2025-04-09,4
O03189,C1345,P063,2025-05-10,5
O03190,C1272,P062,2025-10-05,2
O03191,C1564,P040,2025-05-24,2
O03192,C0206,P030,2025-10-15,2
O03193,C0359,P044,2025-11-28,4
O03194,C0369,P019,2025-12-15,2
O03195,C1131,P067,2026-02-26,5
O03196,C1013,P063,2026-01-27,3
O03197,C1161,P033,2025-12-11,1
O03198,C1804,P076,2025-05-19,1
O03199,C0402,P042,2025-09-03,2
O03200,C1511,P068,2025-06-06,4
O03201,C0410,P019,2026-01-21,1
O03202,C0349,P060,2025-05-05,1
O03203,C1977,P059,2025-12-27,5
O03204,C0606,P043,2025-05-07,4
O03205,C1497,P013,2025-10-23,4
O03206,C0396,P009,2026-02-12,3
O03207,C1246,P003,2025-08-26,4
O03208,C0776,P086,2025-07-07,1
O03209,C1381,P089,2025-12-12,5
O03210,C0439,P041,2025-09-08,3
O03211,C0117,P032,2025-07-23,3
O03212,C1280,P039,2025-06-18,5
O03213,C1906,P085,2025-10-30,2
O03214,C1095,P006,2026-02-18,4
O03215,C1660,P080,2026-02-12,4
O03216,C1486,P007,2025-08-03,4
O03217,C0888,P050,2025-08-27,5
O03218,C0877,P084,2025-06-13,4
O03219,C1235,P018,2025-05-07,2
O03220,C1473,P034,2025-03-13,3
O03221,C0765,P050,2025-04-05,3
O03222,C1305,P002,2025-03-11,4
O03223,C1125,P020,2025-07-06,4
O03224,C0038,P097,2025-07-14,5
O03225,C0044,P040,2025-05-24,4
O03226,C1287,P059,2025-11-12,3
O03227,C1617,P001,2025-11-23,4
O03228,C1576,P052,2025-06-29,4
O03229,C1390,P097,2025-09-02,4
O03230,C1826,P065,2025-04-15,5
O03231,C0844,P075,2025-04-29,3
O03232,C0547,P039,2025-12-16,3
O03233,C0697,P015,2025-09-21,4
O03234,C0682,P011,2025-03-27,1
O03235,C1723,P069,2025-12-18,5
O03236,C0241,P069,2025-12-27,2
O03237,C1923,P016,2025-11-08,5
O03238,C1393,P030,2026-02-05,4
O03239,C1432,P052,2025-09-07,4
O03240,C1729,P018,2025-07-13,5
O03241,C0975,P072,2026-02-25,2
O03242,C0218,P066,2025-03-24,5
O03243,C0591,P097,2025-11-18,4
O03244,C0747,P046,2025-05-18,3
O03245,C1266,P014,2025-03-12,2
O03246,C1623,P057,2025-07-04,3
O03247,C0140,P044,2025-10-31,3
O03248,C0420,P062,2025-04-25,2
O03249,C0432,P086,2025-03-28,4
O03250,C1068,P061,2025-08-15,1
O03251,C0174,P042,2026-01-18,2
O03252,C1053,P005,2025-10-10,2
O03253,C1215,P001,2025-10-18,4
O03254,C1968,P007,2025-11-21,5
O03255,C0199,P091,2025-05-25,3
O03256,C0490,P017,2025-09-21,2
O03257,C1834,P029,2026-03-07,4
O03258,C0738,P076,2026-02-19,3
O03259,C0413,P012,2025-07-10,1
O03260,C1260,P039,2026-01-26,2
O03261,C0121,P020,2025-05-02,4
O03262,C0923,P033,2025-09-20,4
O03263,C0629,P002,2025-10-30,1
O03264,C1891,P016,2025-07-19,3
O03265,C0638,P091,2026-02-12,1
O03266,C1549,P079,2026-01-23,5
O03267,C0055,P065,2025-04-30,2
O03268,C0071,P022,2025-05-13,3
O03269,C1039,P024,2025-10-30,3
O03270,C0947,P051,2025-05-12,1
O03271,C1722,P068,2025-09-01,1
O03272,C1378,P065,2025-07-11,5
O03273,C1780,P064,2025-12-27,3
O03274,C1466,P073,2025-04-29,2
O03275,C0908,P051,2026-01-06,4
O03276,C0502,P063,2026-03-02,4
O03277,C1330,P091,2025-04-12,3
O03278,C1481,P001,2026-01-05,3
O03279,C0128,P089,2025-04-25,5
O03280,C0283,P084,2025-12-05,2
O03281,C1181,P022,2026-01-19,3
O03282,C0052,P003,2025-07-20,4
O03283,C1712,P014,2026-03-08,3
O03284,C0949,P078,2025-11-14,2
O03285,C1702,P080,2025-12-06,3
O03286,C1233,P074,2025-10-02,3
O03287,C1624,P076,2026-02-23,3
O03288,C1560,P098,2025-10-05,5
O03289,C1296,P074,2025-03-15,3
O03290,C1893,P086,2026-01-25,5
O03291,C0685,P007,2025-11-01,4
O03292,C1971,P093,2025-06-13,3
O03293,C0005,P015,2025-03-25,5
O03294,C1410,P019,2025-03-25,5
O03295,C0066,P070,2025-03-26,3
O03296,C1315,P084,2025-11-10,1
O03297,C1717,P099,2025-09-30,3
O03298,C0447,P032,2025-07-07,1
O03299,C0247,P012,2025-07-26,5
O03300,C0983,P093,2025-08-19,5
O03301,C0120,P075,2025-07-21,1
O03302,C0553,P065,2025-06-06,5
O03303,C1553,P025,2026-01-28,4
O03304,C1597,P068,2025-03-19,5
O03305,C0793,P055,2025-05-27,4
O03306,C0281,P091,2025-06-10,2
O03307,C0630,P022,2025-04-09,2
O03308,C1918,P038,2025-05-18,2
O03309,C0135,P044,2025-03-23,5
O03310,C0665,P023,2025-11-09,2
O03311,C0873,P018,2025-06-21,3
O03312,C1425,P011,2025-12-08,2
O03313,C0245,P045,2025-10-30,2
O03314,C0467,P048,2026-02-27,3
O03315,C1715,P083,2025-07-24,2
O03316,C0188,P088,2025-03-28,5
O03317,C0425,P097,2026-03-04,1
O03318,C1909,P045,2025-04-01,5
O03319,C1126,P044,2025-03-12,5
O03320,C0855,P074,2025-03-10,3
O03321,C1044,P076,2025-03-22,1
O03322,C0783,P017,2025-04-11,5
O03323,C0586,P089,2025-05-04,2
O03324,C1192,P005,2025-07-02,5
O03325,C0415,P062,2025-06-06,4
O03326,C0328,P018,2025-12-18,2
O03327,C0460,P068,2025-12-02,4
O03328,C1738,P053,2025-04-04,1
O03329,C1749,P001,2025-09-24,1
O03330,C0108,P022,2025-07-11,3
O03331,C1465,P084,2025-04-24,2
O03332,C0648,P017,2025-03-16,4
O03333,C1093,P012,2025-06-05,1
O03334,C0106,P092,2025-04-24,4
O03335,C0193,P051,2025-09-15,3
O03336,C0555,P006,2025-04-27,3
O03337,C0457,P087,2026-03-01,5
O03338,C0862,P049,2025-06-21,1
O03339,C0806,P094,2025-12-07,4
O03340,C0484,P054,2026-03-02,3
O03341,C1063,P069,2025-08-19,5
O03342,C1995,P072,2026-02-15,5
O03343,C0290,P086,2025-06-11,2
O03344,C1223,P078,2025-12-18,5
O03345,C1855,P098,2025-09-20,5
O03346,C0476,P057,2025-08-14,4
O03347,C0185,P050,2025-09-17,3
O03348,C0901,P053,2025-06-24,4
O03349,C0945,P072,2025-11-17,2
O03350,C0711,P025,2025-11-30,4
O03351,C0611,P082,2025-05-29,3
O03352,C0363,P100,2025-04-21,4
O03353,C0624,P084,2026-03-03,4
O03354,C1754,P070,2025-10-09,5
O03355,C1478,P077,2025-07-16,4
O03356,C0715,P052,2025-03-12,2
O03357,C1682,P077,2025-08-14,5
O03358,C0983,P008,2025-11-29,3
O03359,C0396,P010,2026-01-18,2
O03360,C0960,P013,2025-04-03,2
O03361,C0653,P081,2025-04-15,1
O03362,C0060,P045,2025-04-30,1
O03363,C1841,P019,2025-07-03,1
O03364,C1388,P059,2025-08-25,3
O03365,C0300,P074,2025-05-31,5
O03366,C0320,P037,2025-07-16,1
O03367,C0551,P015,2026-02-17,5
O03368,C1585,P097,2025-07-04,2
O03369,C0721,P057,2025-03-17,2
O03370,C0358,P094,2025-09-22,5
O03371,C1644,P066,2025-08-17,3
O03372,C0447,P058,2025-12-16,3
O03373,C0704,P098,2025-09-20,1
O03374,C0206,P096,2025-12-04,5
O03375,C0799,P075,2025-11-30,2
O03376,C0371,P094,2025-12-17,3
O03377,C1172,P053,2025-07-10,3
O03378,C1609,P041,2025-05-29,4
O03379,C1840,P014,2025-04-16,3
O03380,C0135,P082,2025-09-09,2
O03381,C0723,P047,2025-06-28,2
O03382,C0871,P017,2025-05-08,5
O03383,C1860,P070,2026-01-10,4
O03384,C1971,P074,2025-10-20,2
O03385,C0838,P047,2025-09-21,3
O03386,C0783,P041,2025-06-20,4
O03387,C0113,P092,2025-12-23,5
O03388,C0785,P029,2025-09-11,3
O03389,C1855,P031,2025-10-26,4
O03390,C1881,P083,2025-05-19,5
O03391,C1471,P002,2025-05-28,1
O03392,C1701,P084,2025-09-11,5
O03393,C0874,P032,2025-04-11,3
O03394,C1762,P078,2025-03-27,4
O03395,C0176,P034,2025-11-18,4
O03396,C0588,P096,2025-10-25,2
O03397,C1050,P021,2025-11-09,5
O03398,C0608,P061,2025-11-19,5
O03399,C0381,P081,2026-02-06,4
O03400,C1914,P099,2025-07-19,5
O03401,C0122,P050,2025-05-27,4
O03402,C0034,P059,2025-09-25,1
O03403,C1576,P002,2026-01-25,2
O03404,C0905,P068,2025-07-14,4
O03405,C1067,P037,2026-02-16,3
O03406,C0938,P021,2025-05-11,3
O03407,C0541,P002,2025-08-12,3
O03408,C1225,P039,2025-09-26,2
O03409,C0807,P080,2025-05-08,2
O03410,C1289,P065,2025-04-14,5
O03411,C0579,P031,2025-08-03,3
O03412,C1597,P046,2025-09-20,4
O03413,C0230,P013,2025-11-20,2
O03414,C1675,P033,2025-07-15,4
O03415,C0846,P080,2026-02-04,1
O03416,C1950,P013,2025-06-13,4
O03417,C1455,P002,2026-02-25,1
O03418,C0152,P091,2025-06-14,1
O03419,C0287,P028,2026-02-01,5
O03420,C0320,P010,2025-08-09,1
O03421,C0358,P078,2025-11-12,3
O03422,C0114,P094,2025-08-03,3
O03423,C1184,P038,2025-04-29,3
O03424,C1241,P099,2025-10-19,3
O03425,C0372,P056,2025-04-23,5
O03426,C0458,P007,2025-08-29,2
O03427,C1200,P028,2025-07-22,1
O03428,C0684,P007,2025-11-12,2
O03429,C0814,P098,2025-10-14,3
O03430,C1897,P053,2026-02-16,3
O03431,C0865,P047,2025-08-29,4
O03432,C1664,P072,2025-11-18,5
O03433,C0286,P099,2025-12-15,4
O03434,C1857,P082,2025-07-22,4
O03435,C1987,P022,2025-10-02,3
O03436,C0487,P046,2026-02-11,4
O03437,C0516,P066,2025-03-21,4
O03438,C0536,P042,2026-02-16,3
O03439,C1816,P083,2025-08-21,1
O03440,C1826,P042,2026-01-24,2
O03441,C1965,P045,2025-03-26,1
O03442,C1984,P041,2025-08-30,4
O03443,C1008,P050,2025-09-05,1
O03444,C1516,P007,2026-02-20,2
O03445,C1612,P003,2025-10-13,5
O03446,C1904,P098,2025-07-26,5
O03447,C1079,P040,2025-09-28,2
O03448,C0624,P051,2025-11-28,5
O03449,C1762,P071,2025-04-07,1
O03450,C0730,P038,2025-06-17,3
O03451,C0891,P070,2025-06-02,4
O03452,C1450,P072,2026-02-11,5
O03453,C1627,P005,2025-08-27,3
O03454,C1396,P065,2025-04-21,3
O03455,C1511,P012,2025-07-08,2
O03456,C0700,P070,2025-05-15,4
O03457,C1443,P043,2025-10-20,5
O03458,C1122,P060,2025-07-28,5
O03459,C1761,P059,2025-07-01,4
O03460,C0507,P071,2026-01-27,2
O03461,C0259,P031,2025-08-31,3
O03462,C1409,P086,2026-01-07,2
O03463,C1066,P008,2025-05-01,4
O03464,C1321,P010,2025-12-16,1
O03465,C0438,P096,2025-09-26,2
O03466,C1815,P047,2026-01-12,4
O03467,C0363,P081,2025-10-24,3
O03468,C1528,P027,2025-08-07,1
O03469,C1662,P023,2025-03-26,4
O03470,C0673,P058,2025-11-22,1
O03471,C1465,P096,2025-04-24,2
O03472,C1902,P018,2025-05-05,5
O03473,C0260,P097,2026-01-09,2
O03474,C1729,P049,2025-07-29,1
O03475,C1295,P079,2025-06-26,2
O03476,C0507,P042,2026-02-04,3
O03477,C0471,P077,2026-03-01,2
O03478,C0541,P094,2025-09-12,1
O03479,C1687,P098,2025-07-18,3
O03480,C1781,P036,2025-04-17,4
O03481,C0479,P020,2025-11-23,5
O03482,C0401,P053,2025-11-16,3
O03483,C1018,P045,2025-10-02,3
O03484,C0233,P045,2025-03-26,2
O03485,C1942,P019,2025-10-15,4
O03486,C1012,P031,2025-08-16,5
O03487,C1074,P099,2025-11-11,1
O03488,C1405,P084,2025-07-05,1
O03489,C1505,P037,2025-04-03,4
O03490,C0364,P076,2026-01-31,3
O03491,C0448,P098,2025-11-11,1
O03492,C0707,P004,2025-12-07,4
O03493,C0536,P014,2025-07-24,3
O03494,C0174,P074,2025-07-06,4
O03495,C1488,P086,2026-01-09,3
O03496,C1132,P008,2025-07-23,1
O03497,C1368,P023,2025-05-29,2
O03498,C1827,P025,2025-04-27,4
O03499,C0667,P003,2026-03-01,1
O03500,C0753,P057,2025-03-09,1
O03501,C0627,P007,2025-08-24,5
O03502,C1399,P020,2025-12-30,1
O03503,C1331,P006,2025-04-08,5
O03504,C0604,P035,2025-05-10,5
O03505,C1405,P046,2025-07-16,5
O03506,C0149,P090,2025-10-01,3
O03507,C0262,P005,2025-06-03,1
O03508,C1451,P056,2026-02-18,2
O03509,C0972,P037,2025-05-20,1
O03510,C1300,P048,2026-01-15,2
O03511,C0250,P035,2025-04-08,1
O03512,C1870,P081,2026-01-03,2
O03513,C1688,P019,2025-12-15,4
O03514,C0823,P057,2025-03-15,4
O03515,C0269,P089,2025-10-28,1
O03516,C0689,P055,2025-05-10,2
O03517,C0456,P042,2025-08-21,3
O03518,C0661,P045,2025-03-17,4
O03519,C1264,P098,2026-01-17,4
O03520,C1230,P017,2025-07-07,3
O03521,C1109,P046,2025-10-04,5
O03522,C0732,P006,2025-05-09,5
O03523,C1425,P023,2025-06-27,4
O03524,C1037,P031,2026-01-12,2
O03525,C1006,P021,2026-03-08,2
O03526,C0044,P070,2025-03-17,1
O03527,C0995,P046,2025-09-01,4
O03528,C1719,P099,2025-04-01,4
O03529,C1687,P025,2025-07-19,3
O03530,C0544,P039,2026-03-05,2
O03531,C0225,P001,2025-08-22,2
O03532,C1482,P046,2025-09-29,3
O03533,C1964,P081,2025-10-15,1
O03534,C0975,P011,2025-06-23,4
O03535,C0918,P052,2025-09-29,2
O03536,C0164,P072,2025-10-15,1
O03537,C1529,P015,2025-08-14,1
O03538,C1805,P089,2025-05-06,5
O03539,C1771,P094,2025-04-01,1
O03540,C1585,P080,2025-09-18,1
O03541,C1224,P037,2025-12-04,2
O03542,C1970,P029,2025-04-28,3
O03543,C0310,P057,2025-04-19,1
O03544,C1899,P068,2025-10-16,1
O03545,C1957,P059,2026-03-04,1
O03546,C0803,P037,2025-10-28,2
O03547,C0364,P092,2025-10-18,1
O03548,C1465,P029,2025-12-04,3
O03549,C1221,P049,2025-04-21,3
O03550,C1667,P054,2025-11-24,1
O03551,C0990,P039,2025-03-17,3
O03552,C1352,P017,2026-01-28,3
O03553,C0220,P066,2025-12-21,3
O03554,C1322,P049,2025-12-03,1
O03555,C1281,P046,2025-07-09,4
O03556,C0041,P089,2026-02-21,2
O03557,C0113,P051,2025-12-20,3
O03558,C0641,P083,2025-07-23,4
O03559,C1449,P039,2026-01-17,3
O03560,C1714,P051,2025-11-03,5
O03561,C0535,P067,2025-11-18,5
O03562,C1480,P057,2025-04-16,2
O03563,C0810,P065,2025-12-14,5
O03564,C0418,P087,2025-03-10,1
O03565,C0992,P084,2025-10-14,1
O03566,C0308,P063,2025-08-07,1
O03567,C0729,P051,2025-10-15,5
O03568,C1886,P095,2025-12-11,5
O03569,C0244,P005,2025-10-13,4
O03570,C1703,P025,2026-02-23,4
O03571,C1197,P099,2025-09-17,4
O03572,C0867,P083,2026-03-09,5
O03573,C1433,P040,2025-04-09,1
O03574,C0260,P024,2026-01-09,2
O03575,C0039,P088,2025-07-01,5
O03576,C0919,P014,2026-01-30,1
O03577,C0411,P090,2026-01-15,2
O03578,C1806,P044,2025-05-01,2
O03579,C0281,P012,2025-07-03,1
O03580,C0017,P010,2025-03-19,5
O03581,C0151,P025,2025-06-18,2
O03582,C0038,P066,2025-06-07,2
O03583,C0173,P099,2025-12-01,1
O03584,C1326,P019,2025-07-23,3
O03585,C1986,P059,2026-03-02,3
O03586,C1935,P026,2025-10-12,2
O03587,C0085,P057,2025-11-03,3
O03588,C1916,P017,2025-06-04,1
O03589,C0673,P063,2025-06-22,3
O03590,C0611,P013,2025-10-10,5
O03591,C0977,P094,2025-12-12,2
O03592,C0436,P040,2025-09-10,2
O03593,C0131,P025,2025-09-06,3
O03594,C0389,P075,2025-06-24,4
O03595,C1002,P097,2025-07-23,4
O03596,C1523,P012,2026-01-09,1
O03597,C1322,P033,2026-01-09,2
O03598,C1402,P098,2025-05-09,3
O03599,C0148,P100,2025-09-27,2
O03600,C0631,P096,2025-06-21,1
O03601,C1910,P087,2025-11-01,3
O03602,C0652,P062,2025-05-31,1
O03603,C1209,P094,2025-06-22,2
O03604,C0082,P013,2025-10-24,4
O03605,C1140,P078,2025-11-13,1
O03606,C1248,P036,2025-07-23,1
O03607,C1494,P012,2025-07-17,2
O03608,C1813,P059,2026-01-29,4
O03609,C0568,P010,2025-03-19,1
O03610,C0125,P039,2025-04-02,1
O03611,C1863,P073,2025-11-23,5
O03612,C1546,P069,2025-04-02,5
O03613,C1254,P100,2026-02-18,1
O03614,C1718,P034,2025-10-30,3
O03615,C0007,P088,2025-06-10,2
O03616,C1368,P010,2026-03-09,2
O03617,C1426,P079,2025-10-29,5
O03618,C1955,P041,2025-04-12,4
O03619,C1546,P001,2026-02-02,3
O03620,C0131,P076,2025-03-19,2
O03621,C1949,P002,2025-06-10,1
O03622,C0699,P094,2025-09-21,5
O03623,C0356,P093,2026-01-19,2
O03624,C1685,P085,2025-11-16,3
O03625,C0084,P020,2025-10-02,4
O03626,C1007,P041,2025-12-24,3
O03627,C1192,P052,2026-01-27,5
O03628,C0415,P003,2026-01-23,3
O03629,C0887,P002,2025-07-07,1
O03630,C1051,P092,2026-01-22,1
O03631,C1486,P072,2026-01-26,3
O03632,C0818,P013,2025-04-08,3
O03633,C0446,P057,2025-03-23,4
O03634,C0217,P031,2025-03-31,1
O03635,C1564,P033,2025-07-27,1
O03636,C1936,P076,2025-06-27,4
O03637,C0850,P073,2026-01-29,4
O03638,C0249,P087,2026-01-26,2
O03639,C0736,P079,2025-09-20,5
O03640,C0616,P083,2025-06-02,1
O03641,C0429,P048,2025-07-08,3
O03642,C0733,P075,2025-03-09,2
O03643,C0081,P002,2025-05-31,2
O03644,C1715,P073,2026-01-29,1
O03645,C0254,P047,2025-07-06,2
O03646,C0031,P068,2025-10-30,3
O03647,C1190,P003,2025-09-11,5
O03648,C0745,P044,2025-09-01,3
O03649,C1235,P078,2025-04-25,4
O03650,C0675,P053,2025-06-23,2
O03651,C0953,P026,2025-09-10,2
O03652,C1594,P099,2026-02-27,3
O03653,C1332,P099,2025-12-15,2
O03654,C0702,P003,2025-06-26,1
O03655,C1329,P079,2025-08-26,2
O03656,C0157,P093,2025-12-29,4
O03657,C0783,P044,2025-11-17,4
O03658,C0706,P012,2025-05-26,3
O03659,C1237,P092,2026-01-31,1
O03660,C1941,P094,2025-08-24,4
O03661,C0182,P053,2025-04-21,1
O03662,C0199,P061,2025-05-07,5
O03663,C1207,P070,2025-12-25,2
O03664,C0486,P038,2025-04-02,2
O03665,C0884,P059,2025-07-13,1
O03666,C1835,P005,2025-06-02,4
O03667,C1899,P011,2025-11-25,5
O03668,C1186,P007,2025-03-16,5
O03669,C0297,P035,2025-03-20,4
O03670,C1008,P044,2025-05-22,1
O03671,C1803,P091,2025-05-16,5
O03672,C0629,P041,2025-11-23,5
O03673,C0031,P066,2025-07-18,1
O03674,C1934,P053,2025-08-23,3
O03675,C0362,P053,2025-08-19,5
O03676,C1250,P053,2025-05-25,3
O03677,C0277,P069,2025-11-14,5
O03678,C1423,P049,2026-03-03,4
O03679,C0158,P086,2025-10-19,1
O03680,C1680,P055,2025-06-18,4
O03681,C1255,P032,2025-03-13,4
O03682,C0754,P027,2025-10-26,1
O03683,C1454,P009,2025-04-22,3
O03684,C0993,P083,2025-03-24,4
O03685,C0539,P003,2025-09-11,5
O03686,C0001,P047,2025-12-21,1
O03687,C1676,P020,2025-03-21,3
O03688,C1407,P010,2025-08-26,2
O03689,C1004,P089,2025-06-12,3
O03690,C0068,P099,2025-04-27,1
O03691,C0772,P054,2025-03-15,1
O03692,C1865,P018,2025-06-07,5
O03693,C0537,P094,2025-12-09,1
O03694,C1283,P073,2026-02-28,2
O03695,C1326,P042,2025-03-10,3
O03696,C0812,P031,2025-05-21,5
O03697,C1757,P083,2026-01-05,1
O03698,C1083,P037,2025-04-21,5
O03699,C1187,P003,2025-06-15,4
O03700,C0171,P040,2025-03-14,4
O03701,C1915,P073,2026-03-07,4
O03702,C1728,P062,2025-10-05,5
O03703,C0529,P021,2025-11-14,3
O03704,C1485,P089,2025-09-21,1
O03705,C1022,P036,2025-09-20,1
O03706,C1086,P068,2025-12-24,3
O03707,C0798,P053,2025-08-12,2
O03708,C1243,P073,2025-06-26,3
O03709,C0990,P056,2026-02-23,2
O03710,C1099,P067,2025-09-10,4
O03711,C1535,P095,2026-03-06,1
O03712,C0609,P071,2025-08-15,1
O03713,C0556,P073,2026-01-15,5
O03714,C0568,P080,2025-04-28,5
O03715,C1685,P057,2025-07-01,4
O03716,C0285,P076,2025-10-07,4
O03717,C0135,P027,2025-11-27,1
O03718,C0037,P032,2025-07-30,1
O03719,C1165,P040,2025-10-02,2
O03720,C0347,P008,2025-07-08,1
O03721,C1176,P016,2026-02-17,4
O03722,C1158,P081,2025-03-10,3
O03723,C0843,P034,2025-11-11,1
O03724,C1731,P100,2025-10-27,4
O03725,C1288,P008,2025-12-15,2
O03726,C1585,P037,2025-04-18,2
O03727,C1516,P032,2025-04-29,3
O03728,C1973,P080,2025-05-25,2
O03729,C1307,P008,2026-02-24,3
O03730,C0586,P078,2026-01-09,3
O03731,C0051,P006,2025-10-11,4
O03732,C0424,P023,2025-08-25,4
O03733,C1621,P064,2025-06-05,3
O03734,C0559,P089,2026-01-29,1
O03735,C1466,P077,2025-09-29,4
O03736,C1309,P054,2025-12-18,3
O03737,C1886,P072,2025-03-12,4
O03738,C1620,P077,2025-10-27,2
O03739,C1581,P015,2025-12-17,2
O03740,C1344,P041,2025-06-15,5
O03741,C1008,P010,2025-11-06,1
O03742,C1984,P094,2025-11-28,4
O03743,C0485,P100,2025-12-09,5
O03744,C1292,P027,2025-10-13,2
O03745,C0394,P092,2025-09-19,1
O03746,C1385,P023,2025-05-18,3
O03747,C0722,P046,2025-09-25,2
O03748,C0622,P037,2025-08-03,4
O03749,C0824,P088,2026-03-01,3
O03750,C1022,P009,2025-06-22,4
O03751,C1709,P017,2026-01-07,4
O03752,C0484,P047,2025-05-25,1
O03753,C0852,P064,2026-02-04,1
O03754,C1943,P053,2025-03-19,3
O03755,C0619,P030,2026-02-23,4
O03756,C0926,P034,2026-01-31,2
O03757,C1342,P057,2026-02-04,3
O03758,C1805,P038,2025-06-14,5
O03759,C1442,P020,2025-03-15,2
O03760,C0711,P029,2025-04-20,5
O03761,C1315,P031,2025-06-27,1
O03762,C0515,P034,2025-05-22,4
O03763,C0947,P086,2025-10-25,1
O03764,C1072,P018,2025-12-23,2
O03765,C1676,P002,2026-02-28,5
O03766,C1903,P051,2026-02-04,2
O03767,C0231,P001,2026-01-16,2
O03768,C1178,P050,2025-09-24,3
O03769,C0720,P008,2025-08-17,1
O03770,C1245,P057,2025-05-31,4
O03771,C0940,P091,2025-10-09,4
O03772,C1766,P039,2025-12-10,3
O03773,C1891,P039,2025-09-17,2
O03774,C0911,P060,2025-12-02,1
O03775,C1973,P003,2025-04-21,1
O03776,C1681,P076,2025-06-13,5
O03777,C1599,P052,2025-06-21,1
O03778,C1430,P094,2025-11-08,1
O03779,C1370,P030,2025-05-09,2
O03780,C1920,P049,2025-12-25,1
O03781,C0474,P016,2025-07-03,3
O03782,C0520,P061,2025-08-24,2
O03783,C1675,P020,2025-07-24,4
O03784,C0460,P009,2025-05-06,2
O03785,C1268,P084,2025-03-12,5
O03786,C1820,P009,2026-01-22,4
O03787,C1483,P035,2025-04-12,3
O03788,C1288,P089,2025-09-05,1
O03789,C0075,P044,2025-05-28,4
O03790,C1027,P087,2025-05-25,2
O03791,C1308,P077,2025-12-22,5
O03792,C0700,P075,2026-01-17,1
O03793,C0509,P068,2025-10-26,2
O03794,C0006,P095,2026-03-05,1
O03795,C1001,P099,2025-12-02,1
O03796,C0988,P068,2025-05-01,4
O03797,C0263,P076,2025-06-06,4
O03798,C0708,P051,2026-01-13,1
O03799,C0964,P086,2026-02-07,3
O03800,C0553,P090,2026-01-23,1
O03801,C1345,P020,2025-04-01,3
O03802,C1579,P048,2026-01-22,2
O03803,C1500,P042,2026-01-24,5
O03804,C0790,P093,2025-05-08,4
O03805,C0169,P020,2025-09-30,2
O03806,C1014,P011,2025-10-01,5
O03807,C1444,P090,2025-05-20,2
O03808,C0745,P078,2025-10-24,3
O03809,C0538,P005,2025-03-14,4
O03810,C0241,P040,2025-03-14,4
O03811,C1927,P076,2025-07-22,3
O03812,C0988,P006,2025-08-02,3
O03813,C1097,P014,2026-02-20,3
O03814,C1003,P059,2025-11-10,3
O03815,C1772,P091,2025-10-14,2
O03816,C0196,P071,2026-01-17,4
O03817,C0790,P052,2025-09-21,1
O03818,C0816,P073,2025-08-01,4
O03819,C0214,P085,2025-11-14,2
O03820,C0840,P077,2025-06-28,5
O03821,C0304,P075,2025-09-13,4
O03822,C0038,P048,2025-11-15,5
O03823,C1849,P027,2025-07-05,4
O03824,C1801,P010,2025-09-09,3
O03825,C0662,P083,2025-09-30,3
O03826,C1245,P056,2025-08-23,5
O03827,C0920,P030,2025-08-13,2
O03828,C0527,P022,2026-02-26,3
O03829,C0304,P064,2025-07-25,4
O03830,C1269,P100,2025-12-20,5
O03831,C0272,P009,2025-03-25,1
O03832,C0093,P017,2026-02-13,3
O03833,C0534,P086,2025-12-28,3
O03834,C1629,P006,2025-04-24,4
O03835,C0181,P056,2025-10-11,2
O03836,C1106,P077,2025-04-04,5
O03837,C1303,P069,2025-08-14,1
O03838,C1570,P044,2026-03-03,4
O03839,C1991,P041,2025-07-13,2
O03840,C1724,P079,2025-04-13,2
O03841,C0860,P032,2025-09-22,2
O03842,C0696,P022,2025-10-20,1
O03843,C0265,P050,2025-11-07,3
O03844,C1978,P049,2025-08-02,2
O03845,C0506,P095,2025-06-25,4
O03846,C0605,P089,2025-05-03,3
O03847,C0747,P049,2025-08-11,2
O03848,C1223,P068,2025-06-09,4
O03849,C0621,P052,2025-05-16,4
O03850,C0275,P009,2025-05-03,4
O03851,C1081,P056,2025-12-07,2
O03852,C1322,P013,2025-05-28,1
O03853,C0360,P058,2025-08-13,2
O03854,C1574,P020,2025-08-15,3
O03855,C0035,P097,2026-01-29,3
O03856,C1570,P020,2025-12-10,1
O03857,C1679,P087,2026-01-15,5
O03858,C0830,P078,2025-10-21,1
O03859,C0973,P051,2026-01-21,4
O03860,C1322,P002,2025-04-04,5
O03861,C0866,P082,2025-07-15,4
O03862,C1242,P023,2025-03-20,4
O03863,C0426,P011,2025-06-23,5
O03864,C0484,P099,2025-04-06,1
O03865,C1355,P073,2025-10-25,4
O03866,C0351,P007,2025-09-10,2
O03867,C1270,P054,2025-07-24,5
O03868,C0045,P072,2025-07-02,4
O03869,C0845,P052,2025-09-21,2
O03870,C0846,P050,2025-12-15,5
O03871,C0919,P058,2026-01-01,2
O03872,C1333,P017,2026-02-12,4
O03873,C1920,P057,2025-04-03,2
O03874,C0944,P079,2025-06-27,3
O03875,C0134,P090,2025-06-02,3
O03876,C1626,P016,2025-07-13,2
O03877,C0524,P063,2025-09-30,4
O03878,C0030,P048,2025-12-23,4
O03879,C0456,P080,2026-02-20,1
O03880,C1018,P051,2025-04-17,1
O03881,C0905,P024,2025-03-19,2
O03882,C0189,P041,2026-03-09,1
O03883,C0919,P061,2025-12-24,1
O03884,C1000,P084,2025-04-05,1
O03885,C1645,P069,2025-05-12,3
O03886,C0797,P049,2025-05-31,1
O03887,C0024,P061,2025-04-20,2
O03888,C1471,P032,2025-08-04,2
O03889,C0800,P059,2025-10-17,2
O03890,C1766,P062,2025-07-24,1
O03891,C0116,P094,2025-12-01,5
O03892,C1679,P095,2026-01-23,1
O03893,C1906,P100,2026-01-17,1
O03894,C0530,P048,2025-06-14,4
O03895,C0852,P022,2025-04-14,3
O03896,C1925,P050,2026-01-18,4
O03897,C0209,P027,2026-02-02,2
O03898,C0085,P037,2025-05-12,2
O03899,C0726,P010,2026-02-12,1
O03900,C1684,P024,2026-01-13,5
O03901,C1707,P062,2025-04-01,2
O03902,C0114,P032,2026-01-25,4
O03903,C1610,P084,2025-03-13,4
O03904,C1730,P056,2025-04-30,2
O03905,C0265,P020,2025-05-11,4
O03906,C1830,P072,2026-01-23,1
O03907,C1092,P036,2025-05-22,3
O03908,C0526,P037,2025-05-20,2
O03909,C0841,P006,2026-01-18,3
O03910,C1972,P024,2026-01-27,1
O03911,C0891,P030,2025-07-08,1
O03912,C1174,P034,2026-02-05,4
O03913,C0029,P011,2026-02-26,2
O03914,C0907,P055,2025-11-13,4
O03915,C0238,P077,2025-03-20,4
O03916,C0427,P079,2026-02-19,5
O03917,C0836,P046,2025-04-23,1
O03918,C0855,P031,2025-08-30,5
O03919,C1282,P064,2025-07-12,4
O03920,C1993,P002,2025-11-24,5
O03921,C0669,P032,2026-01-27,1
O03922,C1046,P031,2025-10-14,1
O03923,C1667,P088,2025-08-25,5
O03924,C0918,P097,2026-01-24,4
O03925,C0993,P009,2025-07-10,3
O03926,C0163,P056,2025-11-25,5
O03927,C0539,P018,2025-09-01,3
O03928,C0437,P100,2025-08-12,2
O03929,C0994,P026,2026-01-18,2
O03930,C0144,P070,2025-05-09,5
O03931,C0075,P005,2025-05-31,2
O03932,C0997,P035,2026-01-15,2
O03933,C1698,P003,2026-02-05,1
O03934,C0353,P071,2025-12-02,5
O03935,C1986,P010,2025-03-21,2
O03936,C0804,P018,2025-05-17,3
O03937,C1585,P056,2025-07-10,3
O03938,C0244,P016,2025-11-09,5
O03939,C0680,P002,2025-07-01,1
O03940,C0345,P088,2025-07-15,4
O03941,C1404,P079,2025-08-27,3
O03942,C0109,P074,2025-04-06,3
O03943,C1252,P067,2025-03-25,4
O03944,C1549,P044,2025-06-28,3
O03945,C0246,P056,2025-11-11,2
O03946,C0058,P098,2025-11-24,1
O03947,C0610,P084,2025-04-22,4
O03948,C0983,P039,2025-05-02,5
O03949,C0466,P067,2025-08-26,5
O03950,C0672,P064,2025-10-12,1
O03951,C0185,P040,2025-12-24,3
O03952,C1284,P012,2025-10-14,1
O03953,C0870,P080,2025-10-29,1
O03954,C0412,P056,2025-10-13,5
O03955,C0822,P053,2026-02-13,4
O03956,C0933,P082,2025-11-21,1
O03957,C0046,P074,2025-08-08,3
O03958,C0061,P069,2025-04-10,3
O03959,C1767,P019,2025-11-07,1
O03960,C1968,P062,2026-02-24,2
O03961,C1440,P056,2025-03-29,3
O03962,C1511,P054,2025-06-03,4
O03963,C1719,P095,2025-10-15,3
O03964,C0644,P033,2025-04-23,4
O03965,C0974,P072,2025-04-28,5
O03966,C0014,P068,2025-09-18,5
O03967,C0658,P085,2026-02-27,2
O03968,C0263,P003,2025-12-25,4
O03969,C1386,P010,2026-01-27,5
O03970,C0395,P021,2026-02-04,3
O03971,C1917,P034,2025-10-18,5
O03972,C1437,P097,2026-03-09,3
O03973,C0609,P076,2025-04-26,5
O03974,C1275,P019,2026-02-22,1
O03975,C0643,P023,2025-11-10,2
O03976,C0927,P079,2025-06-27,1
O03977,C0301,P072,2025-04-25,5
O03978,C0767,P090,2025-06-24,5
O03979,C0735,P087,2025-11-18,5
O03980,C1616,P087,2025-07-20,2
O03981,C1181,P033,2025-05-02,5
O03982,C0782,P081,2025-11-20,2
O03983,C0972,P011,2026-01-08,2
O03984,C0263,P039,2026-02-03,3
O03985,C0396,P050,2025-07-26,3
O03986,C0517,P096,2025-09-28,4
O03987,C1037,P039,2025-11-12,2
O03988,C1848,P092,2025-05-10,5
O03989,C0645,P054,2025-03-30,3
O03990,C0945,P018,2025-04-01,2
O03991,C1705,P084,2026-01-20,5
O03992,C0033,P069,2025-08-26,4
O03993,C1059,P073,2025-08-13,5
O03994,C0514,P041,2025-07-13,3
O03995,C0803,P042,2025-07-09,5
O03996,C0315,P012,2026-01-08,4
O03997,C0379,P014,2025-06-09,1
O03998,C0736,P044,2025-11-23,2
O03999,C0418,P086,2026-01-25,4
O04000,C1452,P013,2025-08-19,1
O04001,C1488,P069,2025-04-02,3
O04002,C1201,P019,2025-04-18,5
O04003,C0772,P013,2025-12-08,4
O04004,C0968,P023,2025-04-30,2
O04005,C0516,P042,2025-08-20,4
O04006,C1535,P054,2025-06-12,2
O04007,C1409,P024,2025-06-09,1
O04008,C0263,P021,2026-01-05,3
O04009,C1010,P018,2026-03-03,1
O04010,C0606,P058,2025-05-06,2
O04011,C1816,P038,2025-12-28,4
O04012,C1213,P055,2025-10-22,2
O04013,C0363,P093,2025-04-14,2
O04014,C1497,P084,2025-06-03,3
O04015,C0173,P082,2025-05-10,4
O04016,C0539,P049,2025-11-21,3
O04017,C0013,P070,2026-01-25,4
O04018,C1113,P054,2025-08-20,3
O04019,C1163,P094,2025-09-11,4
O04020,C0088,P043,2026-01-11,1
O04021,C1365,P093,2025-11-01,2
O04022,C1534,P055,2025-10-31,3
O04023,C0433,P091,2025-04-18,5
O04024,C0862,P059,2026-01-07,4
O04025,C1300,P048,2026-01-10,4
O04026,C0787,P005,2025-11-20,4
O04027,C1130,P085,2025-09-03,4
O04028,C1156,P032,2026-03-04,1
O04029,C0706,P082,2025-08-04,2
O04030,C1619,P029,2025-05-29,2
O04031,C0522,P038,2026-02-12,2
O04032,C0459,P043,2025-10-25,5
O04033,C1535,P034,2026-03-02,1
O04034,C0283,P008,2025-05-20,1
O04035,C0517,P055,2025-09-22,4
O04036,C0537,P026,2025-12-04,3
O04037,C1153,P024,2025-03-27,4
O04038,C0865,P003,2025-09-08,1
O04039,C0297,P004,2025-08-14,4
O04040,C1501,P024,2026-02-13,5
O04041,C0230,P043,2025-05-24,5
O04042,C1655,P076,2026-03-08,2
O04043,C0507,P020,2025-05-22,2
O04044,C0495,P012,2026-03-02,2
O04045,C1997,P050,2025-06-29,2
O04046,C1090,P039,2025-07-18,1
O04047,C0057,P004,2025-07-19,3
O04048,C0378,P060,2025-11-11,3
O04049,C0210,P100,2025-05-11,5
O04050,C1142,P063,2025-09-05,1
O04051,C0316,P037,2025-03-12,2
O04052,C1057,P028,2025-03-19,1
O04053,C0864,P010,2025-07-05,3
O04054,C1156,P099,2025-05-22,2
O04055,C1316,P065,2025-05-12,3
O04056,C1290,P082,2025-09-04,2
O04057,C0172,P072,2025-06-25,1
O04058,C0556,P004,2025-09-06,1
O04059,C0261,P030,2025-05-10,4
O04060,C0192,P091,2026-01-31,3
O04061,C0710,P017,2026-02-20,2
O04062,C0372,P015,2025-12-28,3
O04063,C0922,P052,2025-08-01,5
O04064,C1536,P084,2025-04-25,1
O04065,C1127,P009,2025-06-29,4
O04066,C0014,P073,2025-08-10,1
O04067,C1720,P023,2025-05-19,5
O04068,C1325,P056,2025-08-03,1
O04069,C1896,P086,2025-08-21,4
O04070,C1024,P002,2025-11-05,3
O04071,C1688,P044,2025-08-27,3
O04072,C1390,P045,2025-05-09,4
O04073,C1965,P077,2025-04-02,2
O04074,C0893,P069,2025-10-10,4
O04075,C1312,P030,2025-11-22,5
O04076,C0197,P013,2025-09-12,5
O04077,C1702,P054,2025-12-20,3
O04078,C0570,P004,2025-09-15,5
O04079,C1076,P091,2026-02-14,4
O04080,C0479,P005,2025-10-07,5
O04081,C1871,P034,2025-06-21,1
O04082,C1370,P043,2025-11-05,1
O04083,C1542,P011,2025-10-07,3
O04084,C1497,P092,2025-04-10,3
O04085,C0590,P074,2025-06-11,4
O04086,C1277,P097,2025-09-01,2
O04087,C1092,P074,2026-03-06,2
O04088,C1002,P021,2025-08-16,2
O04089,C1101,P031,2025-06-10,3
O04090,C0287,P035,2025-06-12,2
O04091,C0146,P075,2025-10-19,3
O04092,C1128,P084,2025-04-05,3
O04093,C1912,P070,2025-06-15,2
O04094,C0271,P086,2025-06-18,2
O04095,C0066,P097,2025-07-06,5
O04096,C0935,P054,2025-06-22,3
O04097,C1119,P044,2026-01-31,2
O04098,C0319,P053,2026-01-16,4
O04099,C0156,P007,2025-12-23,4
O04100,C1010,P066,2025-11-12,2
O04101,C0538,P003,2026-01-06,1
O04102,C1865,P016,2025-08-28,5
O04103,C0151,P021,2025-05-05,3
O04104,C0869,P099,2025-06-17,2
O04105,C0066,P090,2025-10-02,1
O04106,C1675,P066,2026-02-05,4
O04107,C1439,P056,2025-06-18,2
O04108,C1839,P005,2025-09-14,1
O04109,C0867,P002,2025-06-18,5
O04110,C0469,P053,2025-05-12,2
O04111,C0281,P005,2025-11-27,2
O04112,C1254,P005,2025-04-04,5
O04113,C0226,P093,2025-12-23,1
O04114,C1842,P046,2026-02-19,5
O04115,C1188,P071,2025-12-10,2
O04116,C1365,P033,2025-05-21,1
O04117,C0937,P099,2025-07-28,1
O04118,C0355,P070,2025-03-21,3
O04119,C0210,P061,2026-01-09,3
O04120,C0911,P027,2025-11-29,5
O04121,C1422,P050,2025-11-07,1
O04122,C0241,P055,2025-10-14,1
O04123,C0870,P044,2026-02-22,3
O04124,C0393,P005,2025-05-07,5
O04125,C1498,P067,2025-06-21,2
O04126,C1379,P079,2026-02-18,1
O04127,C0468,P099,2026-01-20,2
O04128,C1125,P045,2025-05-09,2
O04129,C1959,P003,2025-10-13,4
O04130,C0177,P033,2025-11-17,3
O04131,C0842,P019,2025-06-21,1
O04132,C1308,P005,2025-04-23,3
O04133,C0594,P017,2025-10-05,5
O04134,C0088,P070,2025-07-09,1
O04135,C0529,P057,2025-03-10,3
O04136,C1951,P006,2025-05-10,4
O04137,C1754,P067,2025-12-29,3
O04138,C1721,P031,2025-11-17,5
O04139,C0003,P043,2025-08-20,3
O04140,C1828,P082,2025-08-31,5
O04141,C0804,P100,2026-01-22,2
O04142,C0289,P075,2026-01-29,3
O04143,C1334,P098,2025-08-19,5
O04144,C1026,P075,2025-09-06,1
O04145,C1522,P057,2025-05-04,4
O04146,C1434,P064,2026-01-17,5
O04147,C0837,P027,2025-09-23,3
O04148,C1075,P044,2025-09-06,1
O04149,C1998,P056,2026-02-06,4
O04150,C1480,P082,2025-07-16,4
O04151,C0626,P069,2025-04-11,4
O04152,C0592,P036,2025-05-02,4
O04153,C1069,P013,2025-05-01,1
O04154,C1968,P008,2025-03-24,1
O04155,C0609,P046,2025-12-30,3
O04156,C0613,P096,2026-01-03,2
O04157,C0637,P092,2025-04-23,1
O04158,C0097,P058,2026-02-08,1
O04159,C1728,P007,2025-06-09,5
O04160,C1379,P065,2025-05-08,2
O04161,C1445,P006,2026-02-27,4
O04162,C0668,P069,2025-07-19,5
O04163,C0422,P040,2025-09-10,3
O04164,C0138,P065,2026-02-16,2
O04165,C0649,P075,2025-06-17,2
O04166,C0202,P031,2025-07-21,4
O04167,C1601,P090,2025-06-29,1
O04168,C0102,P026,2025-11-09,1
O04169,C0988,P031,2025-11-01,3
O04170,C1495,P094,2026-02-13,3
O04171,C1786,P054,2025-05-14,1
O04172,C0185,P100,2025-04-17,4
O04173,C0998,P044,2025-08-09,4
O04174,C0506,P023,2026-01-09,5
O04175,C0395,P026,2026-01-25,2
O04176,C1257,P020,2025-03-11,4
O04177,C1272,P087,2025-05-26,3
O04178,C1298,P049,2025-11-30,1
O04179,C1371,P028,2025-12-27,3
O04180,C0826,P094,2025-09-07,4
O04181,C0426,P099,2025-07-13,3
O04182,C0546,P041,2026-01-27,3
O04183,C0962,P078,2025-04-22,5
O04184,C1515,P062,2026-02-20,5
O04185,C0652,P047,2025-03-12,3
O04186,C0667,P009,2025-05-29,3
O04187,C1929,P076,2026-02-21,4
O04188,C1913,P033,2025-03-10,2
O04189,C1008,P053,2026-01-19,1
O04190,C0999,P091,2025-06-02,5
O04191,C1626,P067,2025-11-20,2
O04192,C0521,P040,2025-09-21,3
O04193,C1852,P003,2025-09-02,3
O04194,C1942,P020,2026-02-03,3
O04195,C0292,P041,2025-12-20,3
O04196,C1750,P034,2025-08-15,5
O04197,C0842,P040,2025-06-10,5
O04198,C1091,P071,2025-04-06,1
O04199,C1022,P008,2025-10-31,5
O04200,C0827,P063,2025-08-26,5
O04201,C0669,P049,2025-08-09,2
O04202,C0586,P034,2025-05-30,5
O04203,C1221,P035,2026-02-12,2
O04204,C1613,P061,2025-05-16,5
O04205,C0437,P004,2025-06-20,4
O04206,C0104,P058,2025-05-23,4
O04207,C1736,P100,2025-08-12,4
O04208,C0901,P081,2025-06-14,3
O04209,C0932,P007,2026-02-10,2
O04210,C1840,P094,2026-02-15,1
O04211,C0425,P067,2025-03-14,4
O04212,C0579,P043,2025-07-30,3
O04213,C1247,P052,2025-09-06,4
O04214,C0050,P043,2025-12-13,3
O04215,C1513,P081,2025-08-16,4
O04216,C1340,P003,2025-08-14,1
O04217,C1226,P063,2025-12-02,4
O04218,C0525,P071,2025-07-01,2
O04219,C0550,P088,2025-10-01,3
O04220,C1211,P079,2025-09-23,4
O04221,C0312,P013,2025-08-06,4
O04222,C1817,P094,2025-08-05,3
O04223,C1842,P091,2026-03-01,4
O04224,C0813,P091,2025-07-31,1
O04225,C0300,P098,2025-12-01,3
O04226,C1852,P036,2025-03-28,4
O04227,C0363,P043,2025-07-11,1
O04228,C1086,P016,2026-01-01,2
O04229,C0768,P032,2026-01-02,3
O04230,C0155,P004,2025-12-20,1
O04231,C0969,P064,2025-04-26,1
O04232,C0969,P015,2025-06-14,5
O04233,C1866,P031,2025-10-29,2
O04234,C1624,P087,2026-02-10,2
O04235,C0083,P002,2025-06-21,4
O04236,C0789,P064,2025-10-19,5
O04237,C1712,P067,2025-08-02,5
O04238,C1941,P099,2025-08-04,5
O04239,C1844,P082,2025-04-10,5
O04240,C1866,P041,2025-03-14,5
O04241,C1686,P048,2025-03-25,4
O04242,C1950,P003,2025-09-29,5
O04243,C0683,P017,2025-11-18,1
O04244,C1887,P078,2025-04-05,1
O04245,C1488,P066,2026-02-13,5
O04246,C1435,P006,2025-11-19,3
O04247,C1825,P035,2025-10-07,2
O04248,C0695,P083,2025-10-27,3
O04249,C1979,P063,2025-10-23,3
O04250,C0154,P094,2025-12-23,5
O04251,C1316,P037,2025-11-17,5
O04252,C0284,P030,2025-11-07,2
O04253,C0956,P012,2026-01-12,4
O04254,C0249,P040,2025-07-31,4
O04255,C1740,P026,2025-12-08,1
O04256,C0481,P086,2026-01-03,3
O04257,C0487,P012,2025-12-26,5
O04258,C1252,P090,2025-06-25,1
O04259,C0823,P012,2025-06-06,3
O04260,C0188,P040,2026-01-20,1
O04261,C0638,P002,2026-02-13,5
O04262,C1534,P039,2025-07-23,4
O04263,C0964,P098,2025-10-27,4
O04264,C0213,P093,2025-05-23,1
O04265,C0267,P029,2025-11-16,3
O04266,C1337,P084,2025-09-19,2
O04267,C1323,P089,2025-12-15,3
O04268,C1748,P013,2026-01-02,4
O04269,C0405,P087,2026-02-21,4
O04270,C1770,P052,2025-10-20,1
O04271,C0538,P038,2025-04-26,1
O04272,C0948,P028,2025-06-24,2
O04273,C0769,P003,2025-04-08,2
O04274,C1743,P093,2025-04-24,5
O04275,C1621,P039,2025-06-02,1
O04276,C1787,P035,2025-08-26,3
O04277,C0298,P065,2025-11-09,2
O04278,C0127,P075,2025-04-16,3
O04279,C0263,P053,2025-04-06,1
O04280,C0657,P088,2025-10-27,5
O04281,C0385,P093,2025-06-05,2
O04282,C1737,P081,2026-01-25,2
O04283,C0357,P002,2025-12-14,5
O04284,C0103,P057,2025-09-21,2
O04285,C0920,P050,2025-04-15,2
O04286,C1645,P089,2025-05-09,2
O04287,C0884,P049,2025-03-24,4
O04288,C0993,P078,2026-02-26,5
O04289,C0195,P071,2025-11-18,5
O04290,C1507,P064,2025-08-19,5
O04291,C1461,P025,2025-12-19,2
O04292,C0144,P054,2025-08-01,5
O04293,C0173,P049,2025-07-05,5
O04294,C0101,P010,2025-08-23,2
O04295,C0750,P084,2025-06-21,4
O04296,C0365,P074,2026-03-04,4
O04297,C0853,P049,2025-07-14,2
O04298,C0520,P008,2025-11-25,3
O04299,C1700,P024,2025-06-29,3
O04300,C0333,P097,2025-08-31,3
O04301,C1625,P078,2026-03-01,1
O04302,C0632,P059,2025-06-23,1
O04303,C1718,P074,2025-11-30,1
O04304,C1817,P085,2025-06-17,4
O04305,C0315,P021,2026-02-22,3
O04306,C0278,P090,2025-03-12,3
O04307,C0329,P010,2025-11-16,5
O04308,C1155,P097,2026-01-26,2
O04309,C1035,P098,2025-06-24,3
O04310,C1125,P058,2025-09-22,4
O04311,C1414,P032,2025-10-01,4
O04312,C1759,P077,2026-01-24,5
O04313,C0157,P093,2026-01-15,5
O04314,C0570,P058,2025-06-16,4
O04315,C1186,P039,2025-04-27,3
O04316,C0481,P035,2025-04-06,5
O04317,C1219,P092,2025-06-09,3
O04318,C1933,P095,2025-12-29,3
O04319,C0616,P045,2025-05-18,5
O04320,C0951,P036,2025-04-22,3
O04321,C0400,P098,2025-12-10,2
O04322,C1407,P049,2025-07-11,1
O04323,C0174,P094,2025-09-21,4
O04324,C1215,P079,2026-02-14,4
O04325,C1670,P086,2025-06-23,2
O04326,C0513,P083,2025-04-21,3
O04327,C0542,P065,2025-04-24,3
O04328,C1412,P088,2025-08-18,1
O04329,C1224,P031,2025-09-08,2
O04330,C1804,P098,2025-08-02,5
O04331,C0447,P052,2025-08-01,4
O04332,C0675,P063,2026-01-30,1
O04333,C1013,P081,2025-05-27,1
O04334,C1265,P079,2025-12-26,4
O04335,C1533,P052,2025-06-07,5
O04336,C0247,P096,2025-08-10,3
O04337,C0513,P068,2025-04-02,3
O04338,C1303,P031,2026-01-31,1
O04339,C0704,P039,2025-09-30,4
O04340,C0062,P064,2025-04-25,3
O04341,C0819,P081,2026-01-17,1
O04342,C1259,P059,2025-07-14,1
O04343,C0996,P006,2025-03-21,5
O04344,C1280,P023,2025-11-29,3
O04345,C1227,P089,2025-10-06,4
O04346,C0852,P029,2026-01-30,2
O04347,C0791,P028,2025-09-28,1
O04348,C0109,P053,2025-12-27,4
O04349,C0783,P049,2025-07-08,4
O04350,C0952,P085,2025-09-19,1
O04351,C1541,P004,2025-10-28,1
O04352,C0992,P010,2025-12-12,2
O04353,C0128,P087,2025-07-06,3
O04354,C1111,P044,2025-11-22,1
O04355,C1359,P002,2025-09-23,4
O04356,C0053,P037,2025-06-10,2
O04357,C0159,P003,2025-07-30,3
O04358,C1074,P080,2025-04-20,3
O04359,C1143,P012,2025-12-31,3
O04360,C0638,P059,2025-11-18,2
O04361,C0659,P039,2026-01-15,5
O04362,C0574,P045,2025-05-19,3
O04363,C0378,P043,2026-03-01,3
O04364,C1534,P093,2025-10-03,5
O04365,C1444,P056,2025-08-27,3
O04366,C1958,P083,2025-07-13,4
O04367,C1128,P059,2025-04-30,1
O04368,C0021,P036,2025-11-01,4
O04369,C1567,P027,2025-10-16,4
O04370,C0435,P077,2025-12-08,4
O04371,C0798,P075,2026-01-20,2
O04372,C0723,P078,2025-05-21,5
O04373,C0777,P042,2025-03-28,1
O04374,C0535,P096,2025-08-25,4
O04375,C1974,P025,2025-08-23,2
O04376,C0017,P093,2026-02-22,1
O04377,C0952,P089,2025-05-21,3
O04378,C0604,P005,2026-02-06,5
O04379,C1886,P041,2025-12-30,4
O04380,C1357,P062,2025-07-31,1
O04381,C1762,P007,2025-04-09,4
O04382,C0995,P087,2025-03-22,5
O04383,C0130,P074,2025-09-05,3
O04384,C1400,P097,2025-05-23,5
O04385,C0220,P008,2026-02-25,5
O04386,C1471,P054,2025-04-11,1
O04387,C0852,P025,2026-02-13,1
O04388,C1624,P027,2026-01-25,2
O04389,C0049,P074,2025-05-26,1
O04390,C0024,P017,2025-11-11,1
O04391,C1002,P020,2025-09-17,1
O04392,C1291,P014,2025-08-20,5
O04393,C1060,P046,2025-05-07,2
O04394,C0059,P025,2025-11-02,4
O04395,C0474,P032,2025-06-18,5
O04396,C1621,P084,2025-06-26,3
O04397,C1273,P007,2025-09-23,4
O04398,C0068,P099,2025-10-14,4
O04399,C1235,P070,2025-03-27,1
O04400,C1897,P030,2025-04-29,3
O04401,C1534,P070,2025-11-08,4
O04402,C0563,P083,2025-10-02,5
O04403,C1168,P066,2025-07-29,3
O04404,C1980,P010,2025-04-12,4
O04405,C0152,P063,2025-08-05,1
O04406,C0323,P032,2025-08-12,1
O04407,C1915,P092,2025-07-04,5
O04408,C1767,P002,2025-12-15,1
O04409,C0860,P089,2025-10-14,3
O04410,C1317,P007,2025-11-26,4
O04411,C1890,P099,2025-05-12,1
O04412,C1298,P050,2025-12-15,3
O04413,C0838,P066,2026-02-20,3
O04414,C1339,P063,2025-09-08,5
O04415,C0619,P066,2026-02-12,3
O04416,C1550,P087,2025-06-11,1
O04417,C0441,P040,2025-09-18,3
O04418,C0617,P039,2025-11-28,4
O04419,C1333,P014,2025-06-02,1
O04420,C0630,P083,2025-11-05,2
O04421,C0530,P031,2025-10-22,2
O04422,C0593,P016,2025-05-02,5
O04423,C1620,P008,2025-12-26,3
O04424,C1648,P053,2026-01-06,2
O04425,C1701,P013,2025-06-30,5
O04426,C1486,P069,2025-09-28,2
O04427,C1641,P067,2025-08-22,4
O04428,C0839,P098,2025-06-21,3
O04429,C1434,P060,2025-04-09,1
O04430,C1841,P078,2025-10-10,3
O04431,C1945,P016,2025-04-15,1
O04432,C1073,P084,2025-11-26,1
O04433,C1146,P059,2026-01-25,4
O04434,C1178,P071,2025-06-24,5
O04435,C0331,P016,2025-04-03,2
O04436,C1146,P044,2025-12-27,1
O04437,C0521,P038,2025-05-22,4
O04438,C1743,P038,2025-08-09,2
O04439,C1871,P090,2026-01-18,2
O04440,C1989,P053,2025-09-18,5
O04441,C0387,P065,2025-10-06,1
O04442,C0435,P041,2025-09-18,3
O04443,C1396,P001,2025-04-12,5
O04444,C1013,P039,2025-07-31,4
O04445,C1544,P033,2025-10-31,4
O04446,C1265,P020,2025-04-25,1
O04447,C0801,P099,2025-12-07,1
O04448,C0187,P051,2025-11-27,3
O04449,C1486,P009,2025-08-10,4
O04450,C0719,P016,2025-05-11,2
O04451,C0507,P056,2025-12-23,5
O04452,C1338,P046,2026-02-06,3
O04453,C1921,P057,2025-07-24,1
O04454,C1397,P097,2025-05-22,3
O04455,C0451,P087,2025-08-22,3
O04456,C1079,P089,2025-09-11,2
O04457,C1808,P032,2025-12-22,5
O04458,C1208,P035,2026-02-03,5
O04459,C1747,P043,2025-08-13,3
O04460,C0761,P095,2025-05-03,2
O04461,C0887,P032,2025-05-31,3
O04462,C0345,P052,2025-12-19,5
O04463,C1692,P084,2026-02-08,1
O04464,C0954,P063,2025-06-23,5
O04465,C0628,P069,2025-08-09,4
O04466,C1538,P067,2025-11-03,2
O04467,C1970,P016,2026-02-22,3
O04468,C1437,P012,2025-12-19,4
O04469,C1646,P038,2025-10-29,1
O04470,C1124,P014,2025-04-22,1
O04471,C0917,P059,2025-08-01,1
O04472,C1588,P026,2025-10-12,3
O04473,C0974,P010,2025-08-05,2
O04474,C0191,P047,2025-07-24,5
O04475,C1126,P039,2025-07-25,4
O04476,C0563,P082,2025-08-26,3
O04477,C0397,P032,2026-02-18,4
O04478,C1575,P015,2025-05-01,4
O04479,C1814,P080,2025-06-11,2
O04480,C0117,P075,2025-04-19,4
O04481,C0722,P052,2025-03-17,5
O04482,C0022,P030,2025-07-25,3
O04483,C0953,P034,2025-07-13,5
O04484,C1215,P043,2025-11-28,3
O04485,C1592,P011,2025-10-06,1
O04486,C0624,P029,2025-05-28,1
O04487,C0212,P056,2025-06-26,3
O04488,C1372,P077,2025-12-06,4
O04489,C0686,P061,2025-11-27,1
O04490,C0507,P100,2025-10-13,4
O04491,C2000,P099,2025-05-05,1
O04492,C1619,P092,2025-06-21,1
O04493,C0583,P065,2025-12-03,1
O04494,C1600,P022,2025-10-30,4
O04495,C0072,P037,2025-10-15,5
O04496,C1259,P039,2025-06-09,5
O04497,C1195,P044,2025-07-17,1
O04498,C0307,P036,2025-08-14,4
O04499,C0640,P085,2025-04-12,3
O04500,C1981,P036,2025-08-28,3
O04501,C0237,P095,2025-09-07,4
O04502,C1055,P066,2025-08-08,2
O04503,C1671,P091,2025-03-28,5
O04504,C1660,P069,2026-01-22,3
O04505,C0822,P079,2025-03-14,4
O04506,C1201,P100,2026-01-17,3
O04507,C0177,P058,2025-07-28,3
O04508,C0312,P065,2025-09-25,3
O04509,C0648,P052,2025-04-16,2
O04510,C0692,P071,2025-09-18,2
O04511,C1321,P023,2025-05-14,2
O04512,C1919,P053,2026-02-03,4
O04513,C0017,P065,2025-10-31,3
O04514,C0685,P059,2025-12-07,3
O04515,C0715,P049,2025-09-08,2
O04516,C1115,P015,2026-02-10,1
O04517,C0821,P070,2026-01-08,1
O04518,C1616,P003,2025-08-13,2
O04519,C0790,P001,2025-09-24,4
O04520,C1981,P058,2025-08-26,1
O04521,C0821,P100,2026-02-26,4
O04522,C1939,P029,2025-11-30,5
O04523,C1824,P089,2025-04-08,4
O04524,C1294,P021,2025-05-10,2
O04525,C1862,P053,2025-10-13,2
O04526,C1270,P070,2025-12-12,5
O04527,C1355,P040,2025-08-10,3
O04528,C0025,P039,2025-07-07,4
O04529,C1210,P050,2025-10-01,5
O04530,C1063,P072,2025-04-03,4
O04531,C1894,P038,2025-11-23,2
O04532,C0027,P044,2025-04-04,1
O04533,C1983,P085,2025-09-30,2
O04534,C1119,P042,2025-12-16,3
O04535,C1219,P044,2025-09-08,1
O04536,C1012,P072,2025-09-05,2
O04537,C1305,P084,2025-10-03,3
O04538,C0530,P096,2025-05-28,4
O04539,C1354,P030,2025-08-08,4
O04540,C1466,P083,2025-06-29,4
O04541,C1776,P058,2026-02-10,2
O04542,C0297,P007,2026-01-24,1
O04543,C0505,P097,2025-06-28,2
O04544,C1443,P018,2025-12-28,1
O04545,C0483,P046,2025-12-21,4
O04546,C1290,P004,2025-10-21,4
O04547,C0321,P054,2025-09-30,3
O04548,C1388,P012,2025-06-02,3
O04549,C0486,P079,2025-08-02,1
O04550,C1894,P008,2025-09-22,1
O04551,C1090,P085,2025-05-04,4
O04552,C0601,P054,2025-12-27,1
O04553,C0716,P056,2025-03-23,4
O04554,C0794,P051,2026-03-01,2
O04555,C1176,P050,2025-08-15,3
O04556,C1044,P049,2026-02-12,3
O04557,C1740,P075,2025-09-08,2
O04558,C0150,P030,2025-05-06,2
O04559,C0133,P077,2026-02-09,4
O04560,C1283,P071,2025-08-05,5
O04561,C1244,P042,2025-06-29,1
O04562,C0136,P038,2025-07-20,3
O04563,C1045,P052,2025-03-31,1
O04564,C0411,P028,2025-05-04,1
O04565,C1651,P054,2025-10-04,1
O04566,C1253,P052,2025-08-29,1
O04567,C0290,P034,2025-06-27,4
O04568,C0224,P100,2025-11-20,3
O04569,C1435,P029,2025-04-29,1
O04570,C0844,P084,2026-02-17,5
O04571,C1890,P024,2025-09-24,3
O04572,C1060,P089,2025-07-15,5
O04573,C1746,P099,2025-11-07,2
O04574,C0551,P047,2025-12-06,3
O04575,C0326,P093,2025-12-14,4
O04576,C1776,P087,2025-03-21,4
O04577,C1078,P099,2025-08-03,4
O04578,C0563,P044,2025-08-09,5
O04579,C1269,P047,2025-08-11,3
O04580,C1085,P071,2026-01-07,3
O04581,C0165,P029,2025-06-11,5
O04582,C0655,P078,2025-05-22,2
O04583,C1579,P021,2025-11-24,1
O04584,C1691,P079,2026-01-30,4
O04585,C0522,P055,2025-08-04,5
O04586,C0686,P068,2025-04-03,3
O04587,C1461,P041,2025-08-03,2
O04588,C1947,P054,2025-04-22,1
O04589,C0136,P006,2025-11-25,5
O04590,C0897,P028,2025-11-18,3
O04591,C0061,P001,2025-04-28,4
O04592,C0009,P046,2025-12-24,1
O04593,C1984,P095,2025-12-17,4
O04594,C0671,P047,2025-03-14,3
O04595,C1813,P083,2026-01-04,3
O04596,C0431,P070,2025-09-14,3
O04597,C0117,P055,2025-06-06,4
O04598,C1201,P042,2025-03-17,1
O04599,C1130,P025,2025-10-28,2
O04600,C0704,P009,2025-06-29,2
O04601,C1046,P013,2026-03-09,3
O04602,C1643,P086,2025-04-16,4
O04603,C0806,P026,2026-01-04,2
O04604,C0870,P002,2025-03-11,3
O04605,C1182,P082,2025-05-20,3
O04606,C1178,P046,2025-05-14,2
O04607,C0526,P080,2025-06-26,2
O04608,C1057,P017,2025-06-22,1
O04609,C1909,P016,2025-04-21,5
O04610,C0200,P077,2025-11-02,2
O04611,C0433,P039,2025-09-13,2
O04612,C1238,P024,2025-09-25,5
O04613,C1465,P085,2026-03-05,1
O04614,C1764,P029,2025-12-04,2
O04615,C0039,P067,2025-04-25,5
O04616,C1549,P004,2025-09-26,5
O04617,C1175,P085,2026-03-07,4
O04618,C0271,P058,2025-09-02,4
O04619,C0304,P097,2025-07-13,3
O04620,C0721,P004,2025-04-24,1
O04621,C0256,P053,2026-02-24,3
O04622,C0919,P033,2025-09-10,5
O04623,C0810,P032,2025-05-04,2
O04624,C0686,P038,2025-09-22,5
O04625,C1775,P027,2025-12-14,5
O04626,C0812,P081,2025-06-30,1
O04627,C0639,P045,2025-10-02,3
O04628,C0837,P097,2025-12-02,5
O04629,C0106,P042,2025-05-30,5
O04630,C1995,P071,2025-12-22,1
O04631,C1251,P057,2025-03-15,1
O04632,C0960,P053,2025-03-24,3
O04633,C0880,P069,2026-02-01,1
O04634,C0528,P005,2025-09-19,3
O04635,C1422,P068,2025-05-08,1
O04636,C1812,P085,2025-11-22,1
O04637,C0243,P015,2026-02-26,3
O04638,C1493,P012,2025-05-23,4
O04639,C0343,P056,2025-11-02,4
O04640,C0082,P063,2025-12-03,4
O04641,C1919,P050,2025-11-19,5
O04642,C0846,P096,2025-03-24,2
O04643,C1927,P038,2025-06-11,3
O04644,C0329,P057,2025-09-23,4
O04645,C0600,P094,2025-08-05,4
O04646,C0581,P027,2025-12-18,3
O04647,C1880,P017,2025-06-06,3
O04648,C1562,P069,2025-06-12,4
O04649,C1097,P047,2025-10-02,5
O04650,C0193,P069,2026-03-09,1
O04651,C1242,P063,2025-11-14,1
O04652,C1729,P025,2025-06-12,5
O04653,C1662,P069,2025-04-14,4
O04654,C0661,P016,2025-10-18,4
O04655,C0633,P062,2025-11-22,3
O04656,C1144,P071,2025-08-03,3
O04657,C1705,P039,2026-02-13,5
O04658,C1725,P047,2026-01-08,3
O04659,C0425,P078,2026-02-08,3
O04660,C0845,P029,2026-01-10,2
O04661,C1380,P089,2025-11-10,5
O04662,C0316,P026,2025-06-24,3
O04663,C0687,P013,2025-05-22,3
O04664,C0911,P033,2025-11-25,4
O04665,C0192,P098,2026-01-07,4
O04666,C1282,P051,2025-04-11,5
O04667,C0641,P056,2025-04-27,2
O04668,C0366,P039,2025-11-10,4
O04669,C1077,P068,2025-08-12,2
O04670,C1500,P079,2025-09-18,4
O04671,C0334,P020,2026-03-01,1
O04672,C0130,P008,2025-08-19,4
O04673,C0083,P098,2025-04-21,5
O04674,C0713,P044,2025-09-16,5
O04675,C0478,P064,2025-10-24,5
O04676,C0031,P005,2025-09-23,1
O04677,C1507,P015,2025-09-17,2
O04678,C1979,P027,2025-10-24,3
O04679,C0399,P088,2025-04-20,5
O04680,C0557,P022,2026-01-26,2
O04681,C0832,P041,2026-01-17,5
O04682,C1252,P056,2025-07-21,4
O04683,C1781,P080,2025-03-14,1
O04684,C1432,P012,2025-03-26,4
O04685,C0490,P056,2025-10-17,2
O04686,C1172,P030,2025-03-19,2
O04687,C1441,P046,2026-01-24,2
O04688,C0489,P057,2025-06-11,3
O04689,C1730,P096,2025-03-26,3
O04690,C0331,P092,2026-01-13,3
O04691,C0833,P062,2026-01-06,2
O04692,C0582,P005,2025-06-03,2
O04693,C0599,P096,2026-02-06,4
O04694,C0738,P071,2026-01-08,3
O04695,C1405,P036,2025-09-07,1
O04696,C0453,P040,2025-03-18,5
O04697,C0913,P086,2025-11-05,1
O04698,C1373,P040,2025-07-16,5
O04699,C1804,P028,2025-06-30,2
O04700,C1249,P092,2025-08-30,1
O04701,C1342,P035,2025-10-06,2
O04702,C1534,P027,2025-10-20,1
O04703,C0155,P008,2025-06-13,3
O04704,C1706,P095,2025-06-29,1
O04705,C1456,P085,2026-01-30,4
O04706,C0059,P081,2025-10-18,3
O04707,C0325,P078,2025-11-04,1
O04708,C1847,P100,2026-01-28,1
O04709,C1659,P070,2026-02-25,5
O04710,C1029,P066,2025-03-26,1
O04711,C1873,P094,2025-12-28,1
O04712,C0182,P038,2025-08-02,3
O04713,C0831,P098,2025-07-21,5
O04714,C1967,P015,2025-10-09,4
O04715,C0178,P055,2025-09-29,2
O04716,C1903,P030,2025-06-23,3
O04717,C1890,P099,2025-04-29,1
O04718,C0553,P056,2026-01-03,3
O04719,C0015,P088,2025-07-16,5
O04720,C0390,P081,2025-08-24,2
O04721,C0019,P069,2025-10-28,5
O04722,C0929,P087,2026-02-15,3
O04723,C1079,P056,2026-01-07,5
O04724,C0308,P021,2025-11-11,3
O04725,C0538,P054,2025-05-20,5
O04726,C0906,P068,2025-04-11,1
O04727,C1806,P087,2025-10-23,5
O04728,C1607,P017,2025-09-09,2
O04729,C1564,P041,2025-08-06,2
O04730,C1397,P037,2025-04-02,2
O04731,C0714,P030,2025-04-08,1
O04732,C0838,P002,2025-03-09,3
O04733,C1063,P085,2025-06-09,5
O04734,C1893,P096,2025-07-04,4
O04735,C1051,P008,2025-12-24,2
O04736,C0123,P036,2026-01-24,3
O04737,C1546,P073,2025-04-22,1
O04738,C0536,P080,2025-09-17,2
O04739,C0255,P073,2025-05-27,5
O04740,C0362,P037,2025-08-06,2
O04741,C0136,P062,2025-05-28,3
O04742,C1846,P087,2025-03-31,3
O04743,C0599,P097,2025-11-02,3
O04744,C0548,P061,2025-04-18,5
O04745,C0317,P050,2025-03-09,3
O04746,C1596,P041,2025-12-03,3
O04747,C1812,P036,2025-12-15,4
O04748,C1601,P001,2025-08-04,3
O04749,C1846,P063,2025-06-29,4
O04750,C0460,P060,2025-08-28,5
O04751,C0670,P028,2025-09-02,3
O04752,C0784,P055,2026-01-07,1
O04753,C1066,P096,2025-11-04,3
O04754,C1851,P053,2026-02-28,5
O04755,C1339,P036,2025-04-30,3
O04756,C1485,P079,2026-02-21,1
O04757,C1891,P068,2025-07-09,1
O04758,C1614,P095,2025-05-22,5
O04759,C0374,P063,2025-07-06,5
O04760,C0628,P022,2025-08-06,4
O04761,C0223,P015,2025-06-01,1
O04762,C0877,P100,2026-01-24,1
O04763,C1389,P053,2025-09-10,4
O04764,C0889,P082,2025-12-16,4
O04765,C0447,P012,2026-02-05,3
O04766,C1879,P071,2025-11-21,4
O04767,C1275,P072,2025-09-20,4
O04768,C0025,P051,2025-06-12,3
O04769,C1026,P095,2025-04-29,4
O04770,C0007,P016,2026-02-09,3
O04771,C1343,P043,2026-02-16,1
O04772,C0449,P058,2025-07-18,2
O04773,C0414,P047,2025-03-20,2
O04774,C1694,P077,2025-11-08,4
O04775,C0681,P016,2026-02-28,3
O04776,C0834,P099,2026-02-23,2
O04777,C1186,P083,2026-02-24,5
O04778,C0572,P041,2025-05-01,2
O04779,C0907,P074,2025-11-24,5
O04780,C1091,P049,2025-06-11,1
O04781,C1246,P046,2025-06-07,3
O04782,C0861,P048,2025-12-29,2
O04783,C0219,P016,2025-05-29,2
O04784,C1404,P030,2026-03-05,4
O04785,C1164,P030,2025-07-28,2
O04786,C1479,P064,2025-10-29,5
O04787,C1261,P028,2025-07-20,4
O04788,C0877,P035,2025-08-01,1
O04789,C1782,P061,2025-09-05,2
O04790,C0178,P033,2025-11-18,4
O04791,C0485,P006,2025-12-23,1
O04792,C0303,P082,2025-11-18,2
O04793,C1904,P075,2025-10-20,3
O04794,C0937,P014,2025-04-04,4
O04795,C1101,P035,2025-09-25,4
O04796,C0180,P003,2026-02-13,2
O04797,C1398,P070,2025-04-10,5
O04798,C1085,P021,2025-11-20,3
O04799,C1622,P093,2025-07-07,2
O04800,C0377,P093,2025-10-10,4
O04801,C1137,P068,2025-06-22,2
O04802,C0470,P036,2025-08-25,5
O04803,C1190,P072,2025-12-26,1
O04804,C0346,P067,2025-06-24,2
O04805,C0669,P094,2026-02-14,1
O04806,C1918,P047,2026-02-02,2
O04807,C0946,P012,2025-03-23,2
O04808,C1532,P043,2025-07-06,1
O04809,C0134,P012,2025-08-21,5
O04810,C0078,P039,2025-06-16,1
O04811,C1272,P049,2026-01-12,5
O04812,C1165,P070,2025-04-01,5
O04813,C1195,P054,2025-09-11,3
O04814,C1590,P055,2025-03-13,5
O04815,C0717,P054,2025-05-11,3
O04816,C0198,P059,2025-07-21,4
O04817,C1486,P081,2025-09-11,5
O04818,C0928,P033,2026-02-04,3
O04819,C1996,P077,2025-10-25,5
O04820,C0623,P079,2026-02-12,1
O04821,C1689,P032,2025-04-15,3
O04822,C1472,P031,2025-04-25,2
O04823,C0004,P031,2025-12-02,3
O04824,C0900,P098,2025-05-27,5
O04825,C1359,P033,2026-01-16,5
O04826,C1197,P015,2026-02-28,2
O04827,C1258,P100,2025-09-05,3
O04828,C1955,P047,2026-02-05,5
O04829,C1583,P064,2025-06-16,1
O04830,C0467,P087,2025-10-15,2
O04831,C0776,P003,2025-12-01,1
O04832,C0326,P071,2026-01-22,4
O04833,C1893,P009,2025-03-21,1
O04834,C0849,P088,2025-10-16,3
O04835,C0676,P013,2026-02-10,3
O04836,C0156,P030,2025-09-01,3
O04837,C0703,P019,2026-03-05,5
O04838,C0416,P066,2026-02-22,3
O04839,C0395,P042,2025-11-07,4
O04840,C1312,P071,2025-06-12,2
O04841,C0230,P083,2025-05-30,5
O04842,C0802,P083,2025-11-15,3
O04843,C0879,P054,2025-07-19,3
O04844,C0015,P059,2025-05-08,5
O04845,C0695,P046,2025-10-18,3
O04846,C0216,P047,2025-04-25,1
O04847,C1480,P023,2025-05-08,5
O04848,C0406,P092,2026-02-14,2
O04849,C0972,P028,2025-04-02,3
O04850,C1213,P068,2025-06-06,1
O04851,C1735,P085,2025-05-10,2
O04852,C1063,P094,2025-07-21,1
O04853,C1198,P020,2025-07-19,1
O04854,C0784,P100,2025-08-21,5
O04855,C0499,P093,2025-04-30,4
O04856,C0145,P050,2025-06-11,2
O04857,C0749,P081,2025-11-19,2
O04858,C0053,P036,2025-11-16,2
O04859,C0582,P037,2025-04-29,4
O04860,C1707,P085,2025-06-10,3
O04861,C1878,P018,2025-07-27,5
O04862,C1710,P022,2025-10-27,4
O04863,C0930,P060,2026-01-05,1
O04864,C1992,P079,2025-05-14,5
O04865,C0935,P019,2025-08-11,3
O04866,C0692,P017,2025-07-18,2
O04867,C0930,P024,2026-02-22,2
O04868,C0903,P007,2025-07-25,2
O04869,C0968,P008,2025-04-23,3
O04870,C1234,P002,2025-07-14,5
O04871,C1762,P083,2025-03-25,5
O04872,C0429,P016,2026-02-05,1
O04873,C1000,P049,2025-06-02,3
O04874,C1815,P064,2025-10-21,5
O04875,C0075,P032,2025-08-18,2
O04876,C1881,P019,2025-10-13,1
O04877,C1524,P006,2025-05-01,1
O04878,C0649,P013,2025-06-20,3
O04879,C0862,P017,2026-03-01,5
O04880,C1648,P089,2025-03-13,1
O04881,C0240,P008,2025-03-25,5
O04882,C1520,P098,2025-12-05,1
O04883,C0607,P031,2025-04-28,1
O04884,C1771,P066,2025-11-24,1
O04885,C1441,P066,2026-02-07,5
O04886,C0756,P078,2025-05-14,5
O04887,C1977,P056,2026-02-16,4
O04888,C1819,P082,2025-12-10,2
O04889,C0880,P014,2026-02-11,4
O04890,C1502,P042,2026-01-09,1
O04891,C1562,P037,2025-12-09,3
O04892,C1335,P063,2025-07-11,1
O04893,C0539,P023,2025-07-10,3
O04894,C1396,P058,2025-12-19,4
O04895,C0317,P078,2025-12-01,4
O04896,C0026,P015,2025-05-27,4
O04897,C1114,P019,2025-10-11,3
O04898,C1474,P064,2025-12-12,5
O04899,C0950,P039,2025-08-10,1
O04900,C0746,P017,2025-06-10,1
O04901,C1854,P048,2026-02-02,3
O04902,C1281,P090,2025-10-30,3
O04903,C0298,P078,2025-04-24,3
O04904,C0751,P069,2025-12-06,4
O04905,C0183,P044,2025-11-24,4
O04906,C0445,P089,2025-11-07,2
O04907,C1011,P074,2025-08-23,1
O04908,C0246,P001,2025-05-17,1
O04909,C0976,P020,2026-02-16,3
O04910,C0025,P020,2025-09-13,5
O04911,C0067,P070,2025-07-29,1
O04912,C1381,P064,2025-10-14,1
O04913,C1897,P048,2026-02-15,3
O04914,C1052,P062,2025-12-23,3
O04915,C1178,P018,2025-10-08,3
O04916,C0169,P049,2026-02-09,1
O04917,C0509,P046,2025-06-23,1
O04918,C1194,P067,2025-03-10,3
O04919,C1457,P066,2025-10-18,2
O04920,C0637,P018,2025-10-06,5
O04921,C1205,P097,2026-01-29,1
O04922,C1099,P054,2025-11-11,1
O04923,C0409,P019,2025-10-30,2
O04924,C1217,P064,2025-07-28,2
O04925,C1371,P005,2025-05-10,2
O04926,C0355,P061,2025-07-06,4
O04927,C0317,P034,2025-06-26,1
O04928,C0713,P038,2025-04-26,5
O04929,C0179,P029,2025-11-28,2
O04930,C0268,P048,2025-03-18,1
O04931,C0012,P010,2025-10-29,3
O04932,C1546,P057,2025-11-30,3
O04933,C1484,P055,2026-02-26,4
O04934,C1229,P063,2026-01-05,2
O04935,C1619,P051,2025-11-08,2
O04936,C1721,P016,2025-07-26,1
O04937,C1197,P090,2025-07-10,2
O04938,C0694,P083,2025-08-29,3
O04939,C1044,P013,2025-04-17,4
O04940,C0703,P007,2025-05-03,4
O04941,C1430,P011,2026-01-04,2
O04942,C0478,P016,2025-09-07,3
O04943,C1414,P093,2026-01-08,1
O04944,C0522,P057,2025-12-03,5
O04945,C0964,P012,2026-02-11,4
O04946,C0757,P033,2025-07-16,5
O04947,C1093,P068,2025-11-08,2
O04948,C1970,P076,2025-09-14,1
O04949,C1349,P094,2025-07-24,5
O04950,C0125,P042,2025-05-07,1
O04951,C0068,P025,2025-12-04,2
O04952,C0336,P045,2025-06-20,3
O04953,C1588,P066,2025-04-08,2
O04954,C1542,P042,2025-09-30,4
O04955,C0852,P045,2025-10-18,5
O04956,C1387,P076,2025-04-17,5
O04957,C0221,P062,2025-08-13,4
O04958,C1340,P064,2025-03-26,5
O04959,C0540,P047,2025-12-15,5
O04960,C1938,P097,2026-02-22,5
O04961,C1208,P031,2025-11-08,4
O04962,C1446,P083,2025-10-13,2
O04963,C1461,P031,2025-07-26,5
O04964,C1705,P003,2025-09-19,5
O04965,C0427,P085,2026-03-03,1
O04966,C0221,P019,2025-03-29,2
O04967,C1342,P091,2026-01-14,3
O04968,C1592,P036,2026-01-11,5
O04969,C0225,P081,2026-01-12,3
O04970,C0182,P038,2026-01-21,1
O04971,C0232,P007,2025-03-31,5
O04972,C0719,P015,2025-11-25,5
O04973,C0670,P037,2025-07-08,3
O04974,C1654,P038,2026-01-30,3
O04975,C1869,P076,2025-11-04,2
O04976,C0354,P017,2025-03-26,4
O04977,C1118,P016,2026-01-04,3
O04978,C1550,P039,2026-02-24,2
O04979,C1739,P019,2026-02-26,3
O04980,C1948,P059,2026-01-20,3
O04981,C1636,P048,2025-07-23,2
O04982,C0696,P023,2025-11-11,1
O04983,C1614,P085,2025-07-13,1
O04984,C0302,P016,2026-02-08,4
O04985,C1224,P023,2025-06-08,1
O04986,C0068,P014,2026-02-17,5
O04987,C1854,P011,2026-02-05,3
O04988,C0824,P087,2025-05-10,3
O04989,C1740,P067,2025-10-31,3
O04990,C0292,P043,2026-01-13,2
O04991,C0272,P071,2025-12-25,4
O04992,C1012,P027,2025-06-24,4
O04993,C1269,P041,2025-08-04,5
O04994,C1734,P022,2025-03-12,2
O04995,C0530,P041,2026-03-06,4
O04996,C1228,P091,2025-10-19,3
O04997,C0935,P041,2026-02-08,2
O04998,C0551,P030,2025-11-17,5
O04999,C0628,P002,2025-10-16,3
O05000,C0715,P052,2025-09-04,2
O05001,C1152,P033,2025-12-22,5
O05002,C0589,P026,2025-12-27,3
O05003,C0831,P079,2026-01-14,3
O05004,C0152,P070,2025-05-24,3
O05005,C0785,P008,2025-12-13,3
O05006,C0386,P100,2025-07-29,5
O05007,C0295,P038,2025-07-01,2
O05008,C1974,P078,2025-08-01,1
O05009,C0172,P068,2026-01-05,5
O05010,C0194,P003,2025-04-26,1
O05011,C0463,P067,2026-01-30,1
O05012,C1703,P057,2025-05-17,4
O05013,C1213,P043,2025-07-07,3
O05014,C0892,P024,2025-10-16,4
O05015,C0430,P080,2025-11-04,5
O05016,C1195,P007,2025-07-06,1
O05017,C0684,P044,2025-04-09,5
O05018,C1259,P042,2026-03-09,4
O05019,C1984,P024,2025-04-28,2
O05020,C0767,P012,2026-03-08,5
O05021,C1670,P031,2025-09-27,3
O05022,C1575,P055,2025-08-29,3
O05023,C0647,P028,2026-01-04,5
O05024,C0528,P092,2025-06-19,1
O05025,C0395,P054,2025-08-11,2
O05026,C0272,P088,2025-07-22,2
O05027,C0364,P051,2025-11-24,1
O05028,C0822,P091,2026-02-27,3
O05029,C0370,P081,2025-07-16,1
O05030,C1575,P035,2025-07-13,5
O05031,C1681,P088,2025-05-13,3
O05032,C1190,P035,2025-07-24,1
O05033,C0861,P080,2025-12-21,5
O05034,C1921,P076,2025-12-11,2
O05035,C1369,P007,2025-09-30,1
O05036,C1350,P097,2025-05-29,4
O05037,C0198,P094,2025-04-28,3
O05038,C1341,P002,2025-09-24,2
O05039,C1534,P073,2025-09-07,2
O05040,C1960,P001,2026-01-30,5
O05041,C1126,P037,2026-02-09,3
O05042,C0504,P046,2025-10-29,2
O05043,C1138,P008,2026-01-21,1
O05044,C0041,P078,2025-11-23,3
O05045,C0175,P076,2026-02-20,3
O05046,C1396,P063,2025-05-13,3
O05047,C0822,P048,2025-07-06,5
O05048,C0475,P092,2025-10-05,3
O05049,C1241,P063,2025-04-24,1
O05050,C0244,P079,2025-08-01,2
O05051,C0220,P045,2026-01-08,1
O05052,C0580,P046,2025-11-18,3
O05053,C0615,P063,2025-12-20,3
O05054,C0541,P087,2025-11-07,1
O05055,C1559,P019,2025-07-27,4
O05056,C1805,P100,2026-01-26,1
O05057,C0632,P048,2025-09-01,4
O05058,C1852,P031,2025-08-18,1
O05059,C1851,P031,2025-05-14,2
O05060,C0632,P053,2026-03-09,4
O05061,C1093,P024,2025-05-26,5
O05062,C0982,P011,2025-11-08,3
O05063,C1121,P085,2025-10-30,1
O05064,C0390,P049,2026-01-06,1
O05065,C0578,P013,2025-04-04,1
O05066,C1306,P097,2025-10-21,3
O05067,C0563,P029,2025-05-09,1
O05068,C0356,P062,2025-11-16,2
O05069,C1168,P080,2025-07-24,3
O05070,C0823,P009,2026-01-28,2
O05071,C0513,P045,2025-08-11,5
O05072,C1833,P025,2025-04-29,3
O05073,C0855,P017,2026-01-15,3
O05074,C1697,P017,2026-01-08,5
O05075,C1406,P023,2026-01-19,1
O05076,C0372,P036,2025-11-01,5
O05077,C1983,P055,2025-11-06,3
O05078,C0564,P067,2025-04-23,5
O05079,C0294,P037,2025-10-25,5
O05080,C1774,P072,2025-09-02,3
O05081,C0205,P043,2025-09-15,4
O05082,C0148,P095,2026-02-11,2
O05083,C0823,P031,2025-12-29,3
O05084,C1584,P063,2025-04-28,4
O05085,C1522,P062,2026-03-08,1
O05086,C1152,P033,2025-05-28,4
O05087,C0230,P007,2026-01-13,5
O05088,C1724,P082,2025-07-03,3
O05089,C0520,P078,2025-09-01,5
O05090,C1824,P086,2025-07-16,4
O05091,C0838,P099,2025-11-08,5
O05092,C0872,P077,2025-04-03,2
O05093,C1595,P061,2025-10-07,3
O05094,C1950,P021,2025-06-06,3
O05095,C0189,P022,2025-10-13,3
O05096,C0073,P032,2025-11-20,5
O05097,C1770,P052,2025-09-06,5
O05098,C0852,P017,2025-12-21,3
O05099,C0575,P009,2025-04-10,2
O05100,C0318,P005,2026-02-03,4
O05101,C1079,P032,2025-11-08,3
O05102,C0812,P027,2025-12-12,5
O05103,C1769,P089,2025-05-20,3
O05104,C0971,P004,2025-04-16,3
O05105,C1140,P075,2025-11-26,5
O05106,C0834,P046,2025-09-06,1
O05107,C1374,P088,2026-01-26,3
O05108,C0709,P031,2025-12-01,5
O05109,C0175,P063,2025-05-25,1
O05110,C1446,P053,2025-05-09,4
O05111,C0342,P034,2025-04-04,4
O05112,C1819,P016,2025-06-30,2
O05113,C1945,P030,2026-01-22,4
O05114,C0715,P009,2025-12-05,1
O05115,C0235,P073,2025-11-22,1
O05116,C0568,P023,2025-10-26,5
O05117,C1090,P064,2026-02-09,2
O05118,C1998,P095,2025-05-13,3
O05119,C1512,P035,2025-04-26,3
O05120,C1691,P011,2025-04-02,1
O05121,C0701,P073,2025-06-07,2
O05122,C1231,P052,2026-02-07,1
O05123,C1725,P035,2025-09-02,5
O05124,C1952,P077,2025-04-13,3
O05125,C1403,P089,2025-11-15,3
O05126,C1617,P010,2025-08-20,2
O05127,C0904,P015,2025-12-23,1
O05128,C0841,P014,2025-03-30,4
O05129,C1400,P043,2025-04-30,2
O05130,C1952,P029,2025-10-16,4
O05131,C0360,P007,2025-09-26,1
O05132,C1444,P060,2026-01-05,2
O05133,C1571,P007,2025-07-28,3
O05134,C0606,P020,2026-01-23,5
O05135,C1267,P024,2025-07-01,4
O05136,C1061,P089,2025-06-24,4
O05137,C0736,P067,2025-12-19,5
O05138,C0802,P100,2025-12-28,5
O05139,C1498,P050,2025-03-26,3
O05140,C0368,P046,2025-06-23,5
O05141,C0743,P081,2025-06-21,4
O05142,C0847,P017,2025-10-18,4
O05143,C0945,P063,2026-01-10,5
O05144,C1264,P035,2025-10-03,4
O05145,C1849,P008,2025-09-24,2
O05146,C1963,P008,2025-09-27,4
O05147,C0724,P001,2025-09-08,1
O05148,C1450,P058,2025-07-27,4
O05149,C0260,P061,2025-12-06,2
O05150,C1941,P074,2025-09-18,3
O05151,C1278,P091,2025-04-17,4
O05152,C0599,P043,2025-06-01,3
O05153,C0176,P009,2025-05-31,5
O05154,C1641,P007,2025-06-05,5
O05155,C1131,P019,2025-03-23,4
O05156,C1830,P037,2026-02-28,3
O05157,C0677,P064,2025-12-05,4
O05158,C0213,P084,2025-04-09,4
O05159,C0055,P037,2025-08-17,3
O05160,C0226,P053,2025-08-20,2
O05161,C0691,P008,2025-09-26,1
O05162,C0157,P042,2025-08-19,5
O05163,C0900,P040,2026-01-02,4
O05164,C1355,P025,2026-02-03,5
O05165,C1989,P060,2026-02-18,4
O05166,C1116,P045,2025-08-24,4
O05167,C1787,P030,2026-01-11,4
O05168,C1056,P019,2025-12-04,5
O05169,C1665,P068,2025-06-04,4
O05170,C0154,P050,2025-10-22,3
O05171,C1029,P010,2026-01-14,3
O05172,C1514,P053,2026-01-02,1
O05173,C1822,P068,2025-04-12,1
O05174,C0194,P011,2025-11-27,3
O05175,C0342,P071,2026-02-25,1
O05176,C1813,P011,2025-09-19,1
O05177,C0708,P008,2025-10-14,5
O05178,C1203,P067,2025-06-25,3
O05179,C0773,P081,2026-02-07,1
O05180,C0290,P081,2025-06-12,4
O05181,C0518,P047,2026-01-12,5
O05182,C1039,P012,2026-01-02,2
O05183,C0065,P088,2025-11-19,2
O05184,C0193,P023,2025-12-31,2
O05185,C1555,P053,2026-02-21,4
O05186,C0934,P065,2025-11-14,1
O05187,C1079,P048,2025-10-17,2
O05188,C1751,P036,2025-04-26,1
O05189,C1147,P095,2025-09-22,2
O05190,C0648,P023,2025-11-11,3
O05191,C1813,P063,2025-10-12,5
O05192,C1428,P065,2025-08-03,3
O05193,C0354,P048,2025-04-22,1
O05194,C1395,P031,2026-02-16,4
O05195,C0118,P036,2026-02-18,1
O05196,C1362,P090,2025-03-16,1
O05197,C0723,P070,2025-06-16,5
O05198,C1616,P079,2026-02-21,5
O05199,C1774,P068,2025-07-26,2
O05200,C0080,P084,2025-07-16,1
O05201,C1080,P061,2025-04-25,5
O05202,C1863,P032,2026-01-16,4
O05203,C0844,P016,2025-04-24,5
O05204,C1682,P017,2025-10-08,2
O05205,C1130,P079,2025-06-01,2
O05206,C1013,P094,2026-02-26,1
O05207,C1587,P002,2025-04-08,4
O05208,C1605,P060,2026-01-02,1
O05209,C0975,P055,2025-09-27,4
O05210,C0561,P010,2025-10-07,3
O05211,C1750,P043,2025-03-21,4
O05212,C1186,P063,2025-05-30,4
O05213,C1647,P035,2025-04-17,2
O05214,C1673,P051,2025-08-04,1
O05215,C1759,P017,2026-01-23,1
O05216,C1200,P043,2025-08-11,3
O05217,C1289,P017,2025-08-20,1
O05218,C0949,P051,2025-04-21,3
O05219,C0575,P022,2025-11-17,5
O05220,C1398,P056,2025-07-01,2
O05221,C1359,P036,2025-03-21,3
O05222,C1996,P035,2025-05-13,5
O05223,C0559,P079,2025-08-09,3
O05224,C0453,P025,2025-12-20,4
O05225,C0874,P032,2025-09-18,3
O05226,C0346,P040,2025-04-24,5
O05227,C0595,P069,2025-11-26,3
O05228,C0380,P064,2025-04-29,3
O05229,C0693,P061,2025-08-22,5
O05230,C1975,P015,2025-06-09,4
O05231,C1359,P083,2025-09-30,1
O05232,C1446,P026,2025-07-25,2
O05233,C1277,P092,2025-11-21,2
O05234,C0243,P056,2025-12-08,5
O05235,C0348,P086,2025-03-29,5
O05236,C1802,P007,2025-05-10,2
O05237,C0292,P055,2025-05-27,1
O05238,C0519,P089,2025-05-27,3
O05239,C1018,P012,2026-02-03,2
O05240,C1009,P047,2025-08-18,1
O05241,C0027,P005,2025-06-04,5
O05242,C0991,P012,2026-02-26,3
O05243,C0863,P076,2026-01-16,2
O05244,C0659,P028,2025-03-23,2
O05245,C0967,P028,2025-05-08,1
O05246,C1361,P070,2026-01-28,2
O05247,C0199,P047,2026-02-18,3
O05248,C0044,P038,2025-09-17,1
O05249,C1934,P097,2025-03-26,4
O05250,C1510,P049,2025-11-27,5
O05251,C1464,P030,2026-01-09,3
O05252,C0339,P033,2025-08-19,4
O05253,C0840,P011,2025-04-21,2
O05254,C1576,P065,2026-02-02,1
O05255,C0860,P067,2025-08-19,5
O05256,C0864,P070,2025-06-07,4
O05257,C0655,P066,2025-08-02,1
O05258,C1031,P049,2025-03-15,3
O05259,C0607,P095,2026-01-19,1
O05260,C1393,P064,2025-07-04,1
O05261,C0576,P082,2026-01-03,1
O05262,C0026,P070,2026-02-02,1
O05263,C1000,P054,2025-10-16,3
O05264,C0070,P042,2025-10-30,1
O05265,C0457,P008,2025-04-23,4
O05266,C1843,P005,2025-12-13,5
O05267,C1325,P066,2025-07-29,4
O05268,C0825,P026,2025-04-21,4
O05269,C0170,P044,2025-06-28,1
O05270,C1365,P019,2025-08-19,1
O05271,C0191,P027,2025-04-27,4
O05272,C0493,P021,2025-06-08,5
O05273,C0684,P065,2025-04-19,3
O05274,C1636,P086,2026-01-09,1
O05275,C0514,P055,2026-02-12,5
O05276,C1565,P074,2025-03-29,4
O05277,C0215,P060,2026-03-08,4
O05278,C1007,P092,2025-06-22,3
O05279,C0824,P024,2025-11-28,2
O05280,C0667,P070,2025-09-14,2
O05281,C0396,P022,2026-03-02,3
O05282,C1077,P063,2025-10-20,1
O05283,C1809,P063,2025-09-09,4
O05284,C0747,P092,2025-05-10,3
O05285,C1241,P041,2025-04-23,3
O05286,C1364,P064,2025-09-02,3
O05287,C1993,P027,2025-07-22,1
O05288,C0766,P013,2025-09-24,5
O05289,C0011,P082,2025-06-16,5
O05290,C1995,P081,2026-01-31,2
O05291,C0486,P056,2025-06-19,5
O05292,C1035,P045,2025-04-22,3
O05293,C0598,P029,2025-11-07,4
O05294,C0755,P016,2026-01-21,3
O05295,C1264,P032,2025-11-15,3
O05296,C0549,P053,2026-01-04,3
O05297,C1357,P076,2025-05-05,5
O05298,C0191,P049,2025-09-03,3
O05299,C0116,P025,2025-09-20,4
O05300,C0838,P044,2025-06-06,5
O05301,C0895,P025,2025-03-16,1
O05302,C0269,P081,2025-11-02,3
O05303,C0333,P002,2025-08-19,5
O05304,C1092,P048,2026-02-06,5
O05305,C0083,P095,2025-09-07,2
O05306,C0649,P041,2025-10-21,5
O05307,C0149,P096,2025-08-14,4
O05308,C0421,P050,2026-01-22,1
O05309,C0724,P097,2025-04-15,5
O05310,C1310,P022,2026-02-02,2
O05311,C1080,P039,2025-10-30,3
O05312,C0969,P074,2025-10-17,5
O05313,C1024,P006,2025-11-14,3
O05314,C1097,P024,2025-08-22,2
O05315,C1775,P091,2025-11-12,4
O05316,C1721,P031,2025-07-02,2
O05317,C1320,P052,2025-10-21,1
O05318,C1968,P005,2025-04-09,4
O05319,C0153,P019,2025-08-03,5
O05320,C0091,P049,2026-02-05,2
O05321,C1849,P045,2025-09-03,1
O05322,C0041,P093,2025-05-18,3
O05323,C1527,P061,2025-03-12,5
O05324,C1357,P015,2025-07-11,5
O05325,C1854,P075,2025-08-30,5
O05326,C0869,P100,2025-08-08,4
O05327,C1176,P017,2025-06-12,1
O05328,C1359,P004,2025-12-03,2
O05329,C1671,P096,2025-10-16,1
O05330,C0096,P026,2025-08-24,3
O05331,C0539,P036,2025-05-14,3
O05332,C1212,P099,2025-10-23,5
O05333,C1488,P024,2026-01-25,1
O05334,C1432,P100,2025-06-22,3
O05335,C1210,P060,2025-03-12,3
O05336,C0153,P057,2026-01-06,3
O05337,C1588,P073,2025-07-25,4
O05338,C1313,P016,2025-12-19,2
O05339,C1811,P087,2025-08-04,4
O05340,C1921,P001,2025-08-30,2
O05341,C0964,P009,2026-02-12,5
O05342,C0143,P012,2025-09-25,1
O05343,C0045,P074,2025-03-18,4
O05344,C0192,P041,2025-04-13,3
O05345,C0404,P002,2025-08-16,4
O05346,C0416,P082,2025-07-25,5
O05347,C1822,P015,2025-12-06,4
O05348,C1120,P068,2025-09-20,3
O05349,C1918,P024,2025-11-14,5
O05350,C0760,P034,2025-06-27,2
O05351,C1245,P016,2025-08-17,1
O05352,C0354,P075,2025-12-02,1
O05353,C0364,P092,2026-03-06,1
O05354,C1450,P073,2025-05-10,2
O05355,C1563,P051,2025-10-15,5
O05356,C0958,P030,2025-12-31,3
O05357,C0568,P047,2026-03-07,5
O05358,C1868,P090,2026-03-06,5
O05359,C1505,P014,2026-01-01,2
O05360,C1167,P086,2025-09-09,5
O05361,C1267,P089,2025-12-13,4
O05362,C1978,P079,2026-01-20,2
O05363,C0837,P004,2025-12-20,2
O05364,C0272,P012,2025-11-21,5
O05365,C1385,P091,2025-06-29,4
O05366,C1484,P017,2026-02-07,4
O05367,C1612,P044,2025-06-13,3
O05368,C1721,P058,2026-01-31,2
O05369,C0768,P037,2025-12-07,3
O05370,C1627,P007,2025-07-01,5
O05371,C1397,P047,2025-09-01,1
O05372,C1927,P003,2025-09-05,1
O05373,C0738,P095,2025-12-17,5
O05374,C0657,P011,2026-01-08,2
O05375,C0232,P070,2025-10-30,4
O05376,C0970,P017,2025-11-18,3
O05377,C1270,P100,2025-03-28,5
O05378,C0425,P083,2025-12-31,2
O05379,C0279,P054,2025-10-18,5
O05380,C1209,P027,2026-01-28,4
O05381,C1003,P037,2025-06-13,3
O05382,C1144,P094,2025-06-28,4
O05383,C0809,P019,2025-12-03,1
O05384,C0569,P042,2026-01-17,2
O05385,C0392,P011,2026-01-28,1
O05386,C1932,P097,2025-12-29,4
O05387,C0040,P052,2025-03-26,5
O05388,C0622,P061,2025-05-25,4
O05389,C0749,P054,2025-11-22,1
O05390,C0285,P037,2025-10-10,4
O05391,C1680,P028,2025-10-12,1
O05392,C1044,P017,2025-04-06,4
O05393,C1358,P065,2025-12-16,5
O05394,C0238,P090,2025-11-19,1
O05395,C1517,P096,2026-03-07,4
O05396,C1024,P054,2025-04-23,1
O05397,C0390,P016,2025-04-12,5
O05398,C0578,P057,2026-01-15,2
O05399,C1667,P025,2025-11-22,4
O05400,C1210,P067,2025-04-07,4
O05401,C0693,P018,2025-05-23,5
O05402,C1294,P010,2025-10-30,1
O05403,C0367,P087,2025-09-02,2
O05404,C0276,P099,2025-04-24,5
O05405,C1957,P009,2025-06-17,1
O05406,C1877,P004,2025-07-11,1
O05407,C1889,P016,2025-10-09,2
O05408,C0407,P100,2025-06-23,4
O05409,C1009,P072,2025-09-20,4
O05410,C0876,P041,2025-12-22,5
O05411,C1380,P020,2025-09-06,3
O05412,C0230,P017,2025-11-22,4
O05413,C0110,P007,2025-04-09,4
O05414,C0198,P062,2025-11-14,4
O05415,C0079,P032,2025-04-21,3
O05416,C1250,P058,2025-05-16,4
O05417,C1855,P037,2026-02-18,4
O05418,C0130,P030,2026-02-25,2
O05419,C1280,P080,2026-02-03,5
O05420,C0131,P079,2026-02-13,1
O05421,C1831,P021,2025-08-15,4
O05422,C0918,P054,2025-10-25,1
O05423,C0178,P053,2025-06-13,2
O05424,C0726,P045,2025-04-01,2
O05425,C0115,P019,2025-12-04,2
O05426,C1708,P011,2025-08-19,3
O05427,C0393,P017,2025-12-21,3
O05428,C0924,P061,2026-01-03,3
O05429,C1315,P077,2025-05-18,1
O05430,C0668,P075,2025-03-12,3
O05431,C0533,P039,2026-02-12,5
O05432,C1947,P012,2025-03-25,4
O05433,C0200,P041,2025-09-22,4
O05434,C0842,P027,2025-05-30,4
O05435,C0553,P071,2026-03-08,1
O05436,C0941,P086,2025-08-14,3
O05437,C1024,P020,2025-03-23,2
O05438,C0137,P062,2025-07-16,1
O05439,C1280,P004,2025-10-29,1
O05440,C1124,P069,2025-05-20,2
O05441,C0286,P042,2025-09-16,3
O05442,C0591,P034,2025-12-07,3
O05443,C0708,P039,2025-07-30,2
O05444,C0547,P036,2026-03-07,3
O05445,C1064,P063,2025-08-01,1
O05446,C0938,P002,2025-03-29,1
O05447,C0272,P032,2025-04-10,1
O05448,C1060,P046,2025-05-30,3
O05449,C0936,P024,2025-06-11,4
O05450,C1458,P009,2025-08-03,5
O05451,C0836,P001,2025-10-06,1
O05452,C1394,P007,2025-11-22,5
O05453,C0065,P067,2025-08-15,4
O05454,C1731,P027,2025-04-09,4
O05455,C0202,P011,2025-05-31,4
O05456,C1316,P030,2026-02-11,3
O05457,C0516,P039,2026-01-20,3
O05458,C0809,P022,2025-06-14,1
O05459,C0625,P019,2025-05-29,3
O05460,C1763,P018,2025-09-27,5
O05461,C1307,P024,2025-05-01,2
O05462,C1795,P061,2025-12-17,3
O05463,C1276,P045,2026-02-28,4
O05464,C1043,P066,2025-06-21,4
O05465,C0263,P001,2025-10-30,2
O05466,C0138,P071,2025-07-12,5
O05467,C0933,P075,2025-12-25,1
O05468,C1316,P008,2025-04-11,2
O05469,C1789,P029,2026-02-15,4
O05470,C1627,P033,2025-07-12,2
O05471,C0892,P051,2025-11-14,1
O05472,C0855,P091,2025-11-11,2
O05473,C0188,P013,2025-05-12,2
O05474,C1158,P074,2025-12-25,3
O05475,C1734,P080,2025-08-24,5
O05476,C1440,P065,2025-06-21,3
O05477,C0947,P077,2025-10-24,5
O05478,C1534,P070,2025-09-14,2
O05479,C0568,P017,2025-10-03,4
O05480,C0219,P009,2025-09-09,5
O05481,C0061,P019,2026-02-27,3
O05482,C1450,P052,2025-07-31,3
O05483,C0208,P085,2025-11-29,3
O05484,C1551,P052,2025-09-13,4
O05485,C1450,P026,2025-08-07,2
O05486,C1332,P088,2025-08-23,5
O05487,C1449,P085,2025-10-29,1
O05488,C0876,P085,2025-09-09,2
O05489,C0898,P034,2026-02-09,1
O05490,C0543,P087,2025-09-13,5
O05491,C1518,P093,2025-08-15,3
O05492,C0233,P031,2025-05-30,2
O05493,C0855,P099,2025-04-17,2
O05494,C0666,P009,2025-07-19,2
O05495,C1614,P064,2025-09-21,5
O05496,C1500,P070,2025-04-03,1
O05497,C0581,P075,2025-05-17,2
O05498,C0406,P039,2026-02-18,1
O05499,C1903,P001,2025-04-27,4
O05500,C1050,P049,2025-03-10,1
O05501,C0242,P014,2025-12-19,2
O05502,C0297,P011,2025-12-19,1
O05503,C0384,P008,2025-06-25,1
O05504,C0134,P086,2025-05-17,5
O05505,C1994,P057,2025-08-02,3
O05506,C1441,P053,2026-02-08,2
O05507,C0767,P097,2025-08-29,1
O05508,C1745,P055,2025-07-26,4
O05509,C0672,P056,2025-06-22,5
O05510,C0624,P057,2025-12-09,4
O05511,C1557,P042,2026-02-20,4
O05512,C1960,P023,2025-10-10,4
O05513,C0406,P082,2025-10-12,2
O05514,C1073,P050,2026-02-09,4
O05515,C1978,P067,2025-09-09,1
O05516,C0343,P001,2025-08-17,5
O05517,C1044,P087,2025-08-01,4
O05518,C0971,P020,2025-04-08,3
O05519,C1008,P052,2025-03-29,2
O05520,C1369,P004,2025-06-16,2
O05521,C1741,P035,2025-10-05,1
O05522,C1062,P041,2025-05-14,4
O05523,C1432,P083,2025-07-25,2
O05524,C1587,P001,2025-09-05,4
O05525,C1725,P059,2025-11-08,3
O05526,C0140,P007,2026-02-08,1
O05527,C0595,P076,2025-04-19,5
O05528,C0211,P003,2025-10-31,1
O05529,C1146,P047,2025-03-27,1
O05530,C0855,P075,2025-10-01,3
O05531,C1035,P020,2025-05-18,3
O05532,C1964,P080,2025-05-24,4
O05533,C1326,P036,2025-12-22,1
O05534,C1261,P021,2025-06-09,5
O05535,C0734,P020,2025-06-25,2
O05536,C1844,P014,2025-05-25,4
O05537,C0692,P096,2025-11-15,5
O05538,C1674,P004,2025-05-02,3
O05539,C0652,P054,2025-08-24,5
O05540,C1138,P059,2025-05-07,5
O05541,C0721,P044,2025-06-18,4
O05542,C1817,P044,2025-05-10,5
O05543,C1471,P015,2026-01-11,4
O05544,C1801,P007,2025-05-22,4
O05545,C1157,P092,2026-02-17,4
O05546,C0988,P083,2025-11-23,4
O05547,C1436,P067,2025-11-15,3
O05548,C1923,P044,2025-03-25,4
O05549,C0637,P009,2026-03-05,1
O05550,C0911,P028,2026-01-14,1
O05551,C0941,P051,2025-07-31,1
O05552,C0709,P009,2026-03-06,3
O05553,C0438,P086,2026-03-01,1
O05554,C1990,P091,2025-05-28,1
O05555,C1902,P024,2025-10-16,4
O05556,C0271,P091,2026-02-15,4
O05557,C1269,P100,2025-05-01,5
O05558,C0831,P077,2025-07-25,1
O05559,C0116,P002,2025-12-22,2
O05560,C0029,P017,2025-10-30,1
O05561,C1780,P033,2025-04-14,5
O05562,C0117,P011,2026-02-17,1
O05563,C0342,P060,2025-05-09,2
O05564,C1682,P009,2025-09-30,1
O05565,C0237,P073,2025-08-15,2
O05566,C0902,P037,2025-10-19,5
O05567,C1805,P039,2025-12-12,4
O05568,C0690,P016,2026-01-04,4
O05569,C0388,P014,2025-12-30,1
O05570,C1429,P023,2025-09-17,2
O05571,C0992,P033,2025-07-07,1
O05572,C1693,P052,2025-09-26,5
O05573,C1948,P006,2025-05-21,3
O05574,C0700,P090,2025-12-09,1
O05575,C0363,P096,2025-09-10,1
O05576,C0382,P083,2025-05-25,3
O05577,C0051,P051,2025-11-11,1
O05578,C1201,P024,2025-06-28,3
O05579,C1419,P030,2025-07-13,1
O05580,C0231,P073,2026-03-05,1
O05581,C1174,P095,2025-09-18,4
O05582,C0813,P091,2025-08-15,5
O05583,C0232,P038,2026-02-18,1
O05584,C1731,P089,2025-08-18,4
O05585,C0984,P040,2025-04-29,5
O05586,C0871,P047,2025-08-26,3
O05587,C1004,P056,2026-02-14,3
O05588,C0038,P092,2025-08-11,5
O05589,C1986,P081,2025-03-25,4
O05590,C1758,P043,2025-07-11,1
O05591,C0849,P025,2025-09-07,3
O05592,C1528,P051,2025-08-02,4
O05593,C0249,P082,2025-03-29,5
O05594,C0166,P037,2025-05-24,2
O05595,C1362,P079,2026-03-06,5
O05596,C0917,P037,2025-12-17,3
O05597,C0993,P091,2026-02-21,2
O05598,C1869,P011,2025-06-13,1
O05599,C0594,P076,2025-09-02,4
O05600,C0195,P070,2025-05-13,4
O05601,C1506,P077,2025-10-12,1
O05602,C1675,P065,2026-02-21,1
O05603,C0912,P096,2025-06-10,3
O05604,C0586,P095,2025-11-15,2
O05605,C0964,P097,2025-04-22,4
O05606,C0180,P071,2025-09-08,2
O05607,C0319,P073,2025-09-24,5
O05608,C0868,P049,2025-10-19,4
O05609,C0316,P002,2026-03-01,5
O05610,C1096,P069,2026-02-05,1
O05611,C1432,P038,2025-07-19,1
O05612,C0130,P065,2026-02-10,5
O05613,C1957,P072,2025-10-26,4
O05614,C1163,P076,2025-11-04,4
O05615,C0175,P070,2025-08-17,5
O05616,C1282,P006,2025-06-16,5
O05617,C0799,P034,2025-04-15,1
O05618,C1315,P084,2026-01-11,4
O05619,C1479,P089,2025-12-26,2
O05620,C1086,P009,2025-11-18,1
O05621,C1117,P064,2026-03-02,5
O05622,C0170,P061,2025-04-24,1
O05623,C0928,P038,2025-04-02,3
O05624,C1214,P009,2025-09-25,1
O05625,C0940,P089,2025-08-14,4
O05626,C0331,P005,2025-11-08,5
O05627,C0858,P062,2025-07-12,4
O05628,C1297,P011,2026-03-01,4
O05629,C1168,P057,2025-12-07,1
O05630,C0480,P046,2025-06-16,5
O05631,C0287,P057,2026-01-25,1
O05632,C0071,P026,2025-10-28,3
O05633,C1379,P019,2025-04-17,4
O05634,C1910,P035,2025-12-05,5
O05635,C1897,P048,2026-02-01,2
O05636,C1555,P016,2025-05-30,4
O05637,C0170,P035,2025-08-23,1
O05638,C1862,P083,2025-12-26,5
O05639,C0538,P087,2026-01-29,4
O05640,C1068,P064,2025-03-15,1
O05641,C1401,P053,2026-03-01,4
O05642,C1496,P029,2026-02-23,3
O05643,C0671,P025,2025-11-06,1
O05644,C0204,P070,2025-12-09,3
O05645,C1414,P016,2026-02-02,4
O05646,C0793,P023,2025-12-15,5
O05647,C1070,P030,2026-02-06,4
O05648,C0436,P073,2025-04-02,2
O05649,C1996,P032,2025-08-10,4
O05650,C1097,P083,2025-05-21,4
O05651,C0922,P059,2025-09-12,5
O05652,C0846,P010,2026-02-13,3
O05653,C0124,P058,2025-04-08,4
O05654,C0490,P035,2025-09-24,3
O05655,C1252,P039,2026-01-11,2
O05656,C0688,P085,2025-11-22,3
O05657,C0217,P044,2026-02-11,4
O05658,C1203,P053,2025-12-10,3
O05659,C0070,P077,2026-01-28,4
O05660,C1443,P009,2025-07-02,2
O05661,C1618,P032,2025-10-23,5
O05662,C1017,P029,2025-09-06,5
O05663,C0421,P008,2025-07-06,3
O05664,C0732,P042,2025-12-29,1
O05665,C0992,P093,2026-02-26,4
O05666,C0361,P020,2026-02-11,5
O05667,C1825,P062,2025-05-21,3
O05668,C0202,P099,2025-06-22,5
O05669,C1954,P060,2025-11-10,5
O05670,C0525,P059,2026-01-14,5
O05671,C0116,P047,2025-05-19,2
O05672,C1634,P091,2025-11-25,2
O05673,C1831,P082,2025-11-06,2
O05674,C1036,P049,2026-03-09,1
O05675,C1456,P089,2025-06-04,4
O05676,C0218,P038,2025-12-10,5
O05677,C1623,P094,2025-05-16,2
O05678,C1175,P051,2025-04-25,1
O05679,C1858,P064,2025-08-13,1
O05680,C0867,P085,2026-01-01,3
O05681,C1143,P073,2025-04-17,4
O05682,C0488,P012,2025-05-07,3
O05683,C1132,P026,2025-11-23,1
O05684,C1423,P100,2025-07-14,3
O05685,C0230,P082,2025-03-18,4
O05686,C0940,P050,2025-04-23,4
O05687,C1520,P093,2025-04-16,2
O05688,C1142,P058,2025-12-20,3
O05689,C0052,P059,2025-12-03,2
O05690,C1385,P010,2025-12-06,1
O05691,C0936,P001,2025-11-12,5
O05692,C0504,P027,2025-05-16,5
O05693,C0177,P023,2025-09-18,5
O05694,C0071,P062,2025-11-28,2
O05695,C0093,P070,2025-07-12,4
O05696,C1500,P052,2026-02-06,5
O05697,C0814,P055,2025-08-22,1
O05698,C0632,P089,2026-01-27,2
O05699,C0995,P044,2025-05-04,3
O05700,C0256,P014,2025-09-09,4
O05701,C0626,P026,2026-02-02,1
O05702,C0746,P073,2025-04-06,3
O05703,C1476,P035,2025-08-15,2
O05704,C0581,P038,2025-12-23,2
O05705,C0400,P061,2025-05-29,3
O05706,C1749,P062,2025-05-03,2
O05707,C0411,P037,2025-04-02,4
O05708,C1771,P061,2026-01-22,1
O05709,C0962,P065,2025-04-07,2
O05710,C0868,P058,2026-02-18,2
O05711,C0847,P092,2025-08-08,4
O05712,C0329,P092,2025-12-20,5
O05713,C0447,P057,2026-01-31,2
O05714,C1254,P003,2025-07-21,2
O05715,C0072,P022,2025-06-16,5
O05716,C1647,P039,2025-11-08,3
O05717,C1468,P084,2025-11-07,3
O05718,C0538,P036,2025-06-03,4
O05719,C1845,P034,2025-07-30,3
O05720,C1689,P085,2025-09-17,1
O05721,C1304,P071,2026-01-19,4
O05722,C1029,P089,2026-01-24,4
O05723,C1631,P037,2025-05-10,5
O05724,C1606,P030,2026-01-01,1
O05725,C1398,P058,2025-10-09,4
O05726,C0075,P042,2025-12-16,1
O05727,C1602,P078,2025-06-16,1
O05728,C0758,P027,2025-11-13,1
O05729,C1215,P020,2025-12-19,1
O05730,C1127,P067,2026-01-27,5
O05731,C0525,P057,2025-07-28,3
O05732,C1232,P050,2025-03-28,3
O05733,C0014,P038,2026-03-01,1
O05734,C0619,P068,2026-01-11,3
O05735,C1980,P085,2025-07-30,2
O05736,C1417,P048,2025-12-06,1
O05737,C0950,P014,2026-02-07,5
O05738,C1814,P053,2025-03-24,3
O05739,C0656,P081,2025-08-17,4
O05740,C1985,P065,2025-04-06,2
O05741,C0341,P033,2025-07-07,3
O05742,C1088,P090,2025-12-04,1
O05743,C1690,P085,2025-08-31,5
O05744,C0020,P076,2026-01-09,5
O05745,C0174,P017,2025-04-04,2
O05746,C0709,P021,2025-07-01,2
O05747,C0830,P070,2025-09-10,1
O05748,C1393,P034,2026-01-10,1
O05749,C1768,P022,2025-07-03,5
O05750,C0149,P046,2025-08-18,2
O05751,C1622,P051,2025-11-22,3
O05752,C1860,P054,2026-02-16,5
O05753,C0449,P017,2026-02-15,1
O05754,C0892,P078,2025-05-24,4
O05755,C0218,P098,2026-03-09,4
O05756,C0625,P098,2025-03-31,4
O05757,C1375,P029,2025-10-30,4
O05758,C1144,P048,2025-10-30,3
O05759,C1444,P077,2025-09-12,5
O05760,C1654,P069,2025-10-22,3
O05761,C0500,P002,2025-10-23,2
O05762,C1319,P098,2025-09-04,2
O05763,C1739,P025,2026-01-16,5
O05764,C1851,P043,2025-12-25,1
O05765,C0577,P038,2026-02-28,4
O05766,C0322,P048,2025-08-13,5
O05767,C0468,P069,2025-09-20,3
O05768,C0560,P059,2026-02-09,3
O05769,C0948,P048,2026-02-20,5
O05770,C0191,P062,2026-01-11,2
O05771,C1564,P015,2025-04-28,4
O05772,C1695,P082,2026-02-08,1
O05773,C0125,P024,2026-01-30,2
O05774,C1368,P093,2025-09-03,4
O05775,C1306,P091,2026-02-04,5
O05776,C0788,P073,2025-07-23,1
O05777,C1525,P071,2025-11-19,4
O05778,C1054,P051,2025-10-18,5
O05779,C0881,P043,2025-11-29,1
O05780,C1413,P040,2025-05-15,4
O05781,C1736,P026,2025-11-14,1
O05782,C0051,P059,2026-02-03,5
O05783,C0292,P068,2025-11-02,4
O05784,C1984,P091,2025-08-12,3
O05785,C1885,P003,2025-08-19,2
O05786,C1269,P080,2025-08-15,4
O05787,C0279,P017,2025-05-18,3
O05788,C0715,P095,2025-05-25,5
O05789,C0146,P098,2025-08-05,1
O05790,C0062,P019,2025-07-16,5
O05791,C1186,P076,2026-02-14,3
O05792,C0532,P028,2025-12-13,3
O05793,C0440,P087,2025-06-30,2
O05794,C1259,P088,2025-06-25,1
O05795,C0820,P026,2026-01-16,3
O05796,C0450,P017,2025-10-12,5
O05797,C0885,P076,2025-07-02,1
O05798,C0636,P023,2025-05-12,3
O05799,C1332,P078,2025-11-16,1
O05800,C0097,P085,2026-03-02,3
O05801,C0243,P086,2025-10-26,2
O05802,C0933,P078,2025-05-03,5
O05803,C0304,P019,2026-02-01,4
O05804,C1389,P026,2025-04-22,2
O05805,C1380,P066,2025-09-08,2
O05806,C0620,P067,2026-01-04,1
O05807,C0465,P032,2025-09-28,2
O05808,C1336,P099,2025-09-01,4
O05809,C1280,P044,2025-07-02,2
O05810,C0005,P079,2025-04-16,3
O05811,C1256,P007,2025-10-03,2
O05812,C0917,P083,2025-05-22,3
O05813,C1303,P058,2025-09-10,1
O05814,C1452,P019,2025-06-25,3
O05815,C0925,P096,2025-10-14,3
O05816,C1925,P003,2025-08-15,4
O05817,C0694,P076,2025-05-26,4
O05818,C0008,P085,2026-01-25,2
O05819,C0266,P029,2025-04-09,4
O05820,C1648,P043,2025-07-01,4
O05821,C1981,P010,2025-12-25,3
O05822,C1120,P045,2026-02-18,2
O05823,C0866,P065,2025-11-24,1
O05824,C1715,P083,2025-12-21,2
O05825,C1924,P084,2025-12-04,3
O05826,C0745,P004,2026-03-02,2
O05827,C0177,P087,2025-11-08,3
O05828,C0663,P090,2025-04-08,1
O05829,C1907,P075,2025-03-26,3
O05830,C0189,P017,2025-09-19,5
O05831,C1156,P089,2026-02-16,1
O05832,C0911,P055,2025-10-09,5
O05833,C1724,P053,2025-11-03,1
O05834,C1608,P012,2025-10-05,1
O05835,C0716,P013,2025-09-07,2
O05836,C1290,P007,2025-07-02,2
O05837,C1041,P097,2025-11-28,5
O05838,C0514,P067,2025-12-08,1
O05839,C0126,P003,2025-08-05,5
O05840,C1921,P098,2025-08-16,3
O05841,C1329,P071,2025-04-29,3
O05842,C0098,P029,2025-12-29,5
O05843,C0592,P099,2025-05-12,1
O05844,C1715,P068,2025-03-18,2
O05845,C1774,P027,2026-01-15,1
O05846,C0059,P040,2026-01-05,2
O05847,C0314,P050,2025-07-08,1
O05848,C0527,P047,2025-09-18,2
O05849,C0427,P040,2025-05-24,1
O05850,C1528,P091,2025-06-26,1
O05851,C0784,P090,2025-06-13,3
O05852,C1565,P063,2025-10-08,1
O05853,C1193,P088,2025-09-20,5
O05854,C1327,P034,2025-05-23,2
O05855,C1105,P094,2026-02-13,1
O05856,C0167,P074,2025-06-24,5
O05857,C0442,P060,2025-05-13,2
O05858,C0673,P043,2025-06-12,3
O05859,C0504,P083,2026-01-10,5
O05860,C1939,P019,2025-10-10,2
O05861,C1354,P044,2025-04-11,4
O05862,C0954,P088,2025-06-13,5
O05863,C1171,P053,2025-11-17,4
O05864,C1682,P049,2025-10-24,5
O05865,C0885,P011,2025-11-10,5
O05866,C0323,P078,2025-12-22,3
O05867,C0451,P065,2025-06-02,2
O05868,C0019,P055,2025-04-28,2
O05869,C0569,P090,2025-07-05,2
O05870,C0092,P090,2025-06-10,3
O05871,C1267,P079,2025-03-27,4
O05872,C0588,P051,2025-06-07,3
O05873,C1296,P052,2026-01-19,1
O05874,C1360,P028,2025-05-12,2
O05875,C0077,P034,2025-05-12,5
O05876,C1698,P049,2025-06-23,4
O05877,C0858,P068,2025-09-25,1
O05878,C0375,P093,2025-03-12,3
O05879,C1761,P004,2025-05-10,2
O05880,C0556,P083,2025-08-08,3
O05881,C1754,P079,2025-05-17,4
O05882,C0301,P020,2025-08-19,3
O05883,C1831,P096,2026-02-02,2
O05884,C1360,P032,2025-05-18,1
O05885,C1266,P003,2025-09-17,1
O05886,C0422,P043,2025-12-13,4
O05887,C1682,P069,2026-01-01,2
O05888,C0370,P097,2026-01-21,5
O05889,C1387,P041,2025-09-18,2
O05890,C0646,P099,2026-01-30,2
O05891,C0825,P070,2025-10-26,3
O05892,C1913,P057,2025-04-06,1
O05893,C1716,P026,2025-09-14,2
O05894,C0229,P017,2025-11-23,2
O05895,C0435,P051,2025-12-09,5
O05896,C0881,P046,2025-05-30,2
O05897,C0189,P039,2025-05-02,2
O05898,C0662,P065,2025-06-19,2
O05899,C0616,P021,2025-09-26,5
O05900,C1752,P080,2025-06-12,3
O05901,C1831,P076,2025-08-12,2
O05902,C0435,P046,2025-03-10,1
O05903,C1272,P091,2025-05-08,1
O05904,C0427,P056,2025-10-18,5
O05905,C1629,P057,2025-05-14,4
O05906,C0883,P049,2025-12-13,1
O05907,C0688,P062,2025-05-16,1
O05908,C1229,P051,2025-05-04,3
O05909,C0520,P085,2025-11-29,3
O05910,C0684,P003,2025-08-15,5
O05911,C1492,P013,2026-01-01,3
O05912,C0851,P039,2025-12-14,5
O05913,C0805,P083,2025-05-06,4
O05914,C1296,P065,2025-05-21,1
O05915,C0515,P097,2025-03-19,2
O05916,C1132,P034,2025-05-12,1
O05917,C0061,P065,2025-12-05,1
O05918,C0735,P084,2026-03-02,2
O05919,C1755,P080,2025-10-23,5
O05920,C1617,P094,2025-11-21,2
O05921,C0009,P089,2025-12-14,5
O05922,C1488,P083,2025-08-01,1
O05923,C1582,P075,2026-02-26,3
O05924,C0262,P003,2025-12-13,2
O05925,C0748,P076,2025-04-14,3
O05926,C1091,P050,2025-10-08,1
O05927,C1993,P037,2025-08-19,1
O05928,C0759,P018,2025-07-25,5
O05929,C0479,P095,2025-08-15,3
O05930,C0765,P064,2025-05-17,1
O05931,C1159,P027,2025-04-14,3
O05932,C0215,P075,2026-01-28,4
O05933,C0646,P093,2026-01-09,4
O05934,C0574,P036,2025-09-29,1
O05935,C1519,P069,2025-07-10,4
O05936,C0322,P038,2025-04-21,3
O05937,C1290,P051,2025-07-03,5
O05938,C0223,P057,2025-05-25,4
O05939,C1821,P083,2025-03-24,1
O05940,C1307,P044,2025-08-09,1
O05941,C1113,P092,2025-07-14,5
O05942,C1335,P097,2025-06-09,2
O05943,C1000,P052,2025-06-24,3
O05944,C1032,P095,2025-08-17,5
O05945,C1463,P016,2026-02-13,1
O05946,C0665,P004,2025-09-15,5
O05947,C1049,P059,2026-02-06,4
O05948,C0722,P039,2025-07-23,1
O05949,C1316,P085,2025-06-28,4
O05950,C1937,P090,2025-12-11,3
O05951,C1701,P057,2025-12-13,4
O05952,C0742,P075,2025-05-20,5
O05953,C1225,P081,2026-01-10,1
O05954,C0031,P097,2026-01-22,1
O05955,C1839,P034,2025-04-02,3
O05956,C0136,P040,2025-06-16,4
O05957,C1292,P046,2025-08-07,5
O05958,C0857,P075,2025-06-28,4
O05959,C1679,P036,2025-05-22,2
O05960,C1991,P063,2025-03-24,3
O05961,C0228,P097,2025-05-05,4
O05962,C0794,P054,2025-06-17,2
O05963,C0363,P023,2025-03-12,4
O05964,C1505,P077,2025-10-14,1
O05965,C1008,P051,2026-02-14,2
O05966,C1904,P034,2025-04-14,4
O05967,C0986,P055,2026-03-04,1
O05968,C0482,P073,2025-08-14,5
O05969,C0161,P071,2025-05-15,4
O05970,C0809,P007,2025-06-19,1
O05971,C1305,P089,2025-06-11,5
O05972,C1587,P034,2025-05-30,3
O05973,C1967,P028,2025-10-27,1
O05974,C0398,P031,2026-01-10,4
O05975,C1169,P060,2025-05-15,1
O05976,C0982,P017,2025-05-10,3
O05977,C0449,P048,2025-11-25,4
O05978,C1472,P092,2025-09-25,5
O05979,C1788,P026,2025-10-30,4
O05980,C1744,P066,2025-05-08,5
O05981,C1439,P024,2025-06-16,3
O05982,C1319,P053,2026-01-03,1
O05983,C0839,P060,2025-11-15,4
O05984,C0613,P062,2025-12-23,1
O05985,C1524,P084,2025-12-28,3
O05986,C1949,P031,2026-01-21,2
O05987,C1173,P002,2026-01-13,3
O05988,C0773,P048,2026-02-05,4
O05989,C1447,P021,2026-01-25,5
O05990,C0489,P047,2025-03-31,2
O05991,C1411,P095,2025-08-01,4
O05992,C1026,P084,2025-04-17,2
O05993,C1744,P008,2026-02-09,2
O05994,C1867,P025,2026-01-28,2
O05995,C1268,P012,2025-07-16,1
O05996,C1107,P064,2026-01-18,4
O05997,C0383,P021,2026-02-05,4
O05998,C1327,P079,2025-05-29,2
O05999,C1739,P075,2025-09-28,3
O06000,C0266,P025,2025-08-06,4
O06001,C1183,P033,2026-02-04,4
O06002,C1067,P098,2026-01-08,4
O06003,C0457,P030,2025-04-01,5
O06004,C0518,P015,2026-01-21,1
O06005,C1684,P053,2026-02-19,5
O06006,C0624,P080,2025-08-01,3
O06007,C0133,P014,2025-05-16,5
O06008,C1077,P084,2025-07-14,3
O06009,C0978,P010,2026-01-01,5
O06010,C0891,P010,2025-04-01,1
O06011,C1715,P022,2025-07-30,1
O06012,C1215,P016,2025-11-14,5
O06013,C0331,P059,2026-01-14,1
O06014,C1452,P044,2025-08-18,4
O06015,C0062,P018,2025-08-02,3
O06016,C0180,P086,2025-09-23,2
O06017,C1350,P032,2025-03-14,3
O06018,C0335,P005,2025-12-25,3
O06019,C1574,P034,2025-06-08,4
O06020,C0782,P065,2025-11-03,4
O06021,C0320,P085,2025-07-23,4
O06022,C1719,P100,2025-04-05,5
O06023,C0752,P022,2026-02-12,1
O06024,C0239,P072,2026-02-22,3
O06025,C0132,P006,2025-10-15,5
O06026,C0669,P061,2025-11-19,3
O06027,C1620,P047,2025-07-19,3
O06028,C0312,P036,2025-08-26,5
O06029,C0628,P075,2026-03-09,4
O06030,C0589,P058,2025-09-28,2
O06031,C0388,P066,2026-02-06,1
O06032,C0275,P076,2026-02-18,5
O06033,C1025,P090,2026-02-19,1
O06034,C1768,P094,2025-04-07,1
O06035,C0991,P030,2025-07-23,3
O06036,C0648,P036,2025-05-22,2
O06037,C1997,P071,2025-07-02,1
O06038,C0838,P095,2025-09-04,2
O06039,C1604,P093,2025-10-29,1
O06040,C1410,P052,2025-03-20,1
O06041,C1484,P083,2025-03-31,2
O06042,C1271,P082,2025-10-04,5
O06043,C0675,P044,2025-12-23,5
O06044,C0500,P026,2025-05-10,2
O06045,C1925,P097,2026-02-12,5
O06046,C0243,P089,2026-02-10,4
O06047,C1533,P062,2025-05-22,4
O06048,C0361,P007,2025-06-21,3
O06049,C1693,P071,2026-01-05,2
O06050,C1770,P062,2025-12-03,1
O06051,C1169,P004,2025-06-16,2
O06052,C1540,P049,2025-07-11,5
O06053,C1250,P069,2025-04-04,5
O06054,C1038,P090,2025-03-26,1
O06055,C0485,P048,2025-04-28,4
O06056,C1892,P011,2026-03-04,1
O06057,C0387,P035,2025-12-27,4
O06058,C0965,P031,2025-12-30,5
O06059,C0615,P073,2025-12-15,3
O06060,C1046,P004,2025-05-24,5
O06061,C1239,P018,2025-07-22,1
O06062,C0999,P003,2025-06-03,2
O06063,C1685,P063,2025-04-06,4
O06064,C1680,P072,2026-02-09,2
O06065,C1080,P059,2025-04-01,1
O06066,C0416,P065,2025-03-15,2
O06067,C0658,P083,2025-03-25,3
O06068,C0946,P074,2025-09-07,2
O06069,C0176,P010,2025-11-08,1
O06070,C0013,P064,2026-01-08,1
O06071,C0628,P090,2025-04-30,3
O06072,C1204,P007,2025-06-06,2
O06073,C1365,P058,2025-08-07,3
O06074,C1245,P004,2025-03-29,4
O06075,C1322,P098,2025-06-20,5
O06076,C0181,P075,2025-03-13,3
O06077,C1514,P072,2025-08-11,5
O06078,C0748,P038,2025-10-30,5
O06079,C1112,P063,2025-05-08,1
O06080,C0895,P060,2025-11-11,1
O06081,C0283,P046,2025-11-10,4
O06082,C0696,P097,2025-11-01,4
O06083,C1119,P077,2025-09-16,3
O06084,C1777,P008,2025-05-10,1
O06085,C1014,P001,2025-05-14,3
O06086,C1501,P005,2025-09-10,4
O06087,C1175,P007,2026-01-19,5
O06088,C1208,P076,2025-12-29,3
O06089,C0142,P026,2025-08-29,4
O06090,C0764,P072,2025-12-13,3
O06091,C1249,P080,2025-09-26,3
O06092,C1828,P047,2026-01-30,3
O06093,C0367,P069,2025-06-01,1
O06094,C0716,P092,2025-10-15,4
O06095,C1789,P076,2026-02-15,2
O06096,C0065,P041,2025-12-04,2
O06097,C1280,P084,2025-04-23,5
O06098,C1734,P075,2025-04-04,1
O06099,C1465,P001,2025-03-15,2
O06100,C0432,P092,2025-06-27,2
O06101,C1805,P011,2025-08-03,3
O06102,C1276,P026,2025-11-22,3
O06103,C0520,P063,2025-08-16,3
O06104,C1921,P080,2025-07-12,4
O06105,C0101,P031,2025-10-17,1
O06106,C1673,P040,2025-11-19,1
O06107,C1164,P084,2025-11-22,1
O06108,C1653,P047,2026-01-29,3
O06109,C0684,P078,2025-08-03,5
O06110,C1870,P056,2026-01-06,1
O06111,C0401,P026,2025-04-19,4
O06112,C1929,P007,2025-03-21,2
O06113,C0684,P065,2025-03-31,2
O06114,C1883,P025,2025-08-06,3
O06115,C1843,P019,2025-06-01,1
O06116,C1817,P059,2026-02-24,5
O06117,C0872,P096,2025-09-20,3
O06118,C1226,P085,2025-07-08,4
O06119,C0814,P038,2025-10-03,4
O06120,C1679,P093,2025-10-22,5
O06121,C1920,P086,2025-08-31,5
O06122,C0302,P031,2025-11-09,5
O06123,C0168,P045,2025-11-06,2
O06124,C0680,P042,2025-12-12,1
O06125,C0001,P004,2025-07-16,4
O06126,C1833,P040,2025-11-24,5
O06127,C0415,P072,2026-01-23,5
O06128,C0906,P019,2025-08-31,5
O06129,C1376,P058,2025-10-06,2
O06130,C1459,P007,2025-05-16,4
O06131,C1940,P013,2025-04-11,4
O06132,C0545,P027,2026-01-24,1
O06133,C0776,P073,2025-12-18,5
O06134,C1709,P030,2025-07-20,4
O06135,C0498,P088,2025-04-14,2
O06136,C0917,P049,2025-04-27,4
O06137,C1266,P096,2025-05-20,3
O06138,C1201,P092,2026-01-12,3
O06139,C1683,P089,2025-08-14,2
O06140,C0613,P058,2025-04-07,5
O06141,C1019,P071,2025-10-06,4
O06142,C0801,P001,2025-12-07,5
O06143,C1582,P002,2025-04-15,3
O06144,C0628,P045,2025-04-23,5
O06145,C1141,P005,2025-07-09,2
O06146,C0234,P045,2025-10-21,4
O06147,C1538,P070,2025-06-21,5
O06148,C0496,P003,2025-07-30,3
O06149,C1274,P047,2025-08-15,2
O06150,C1452,P005,2026-02-06,4
O06151,C1261,P067,2025-05-20,3
O06152,C0794,P043,2025-03-14,2
O06153,C1341,P084,2026-02-11,3
O06154,C1807,P050,2025-11-01,2
O06155,C0749,P023,2025-04-28,2
O06156,C1537,P040,2025-04-04,4
O06157,C1750,P058,2025-11-26,3
O06158,C1587,P090,2025-11-12,4
O06159,C1858,P046,2025-08-25,1
O06160,C1097,P076,2025-11-30,4
O06161,C0022,P089,2025-12-30,2
O06162,C0371,P018,2025-11-15,2
O06163,C1287,P074,2025-05-20,3
O06164,C1493,P007,2026-01-19,3
O06165,C0259,P024,2026-01-11,3
O06166,C1540,P099,2026-03-08,1
O06167,C0732,P029,2026-02-21,5
O06168,C0495,P068,2025-05-18,4
O06169,C0315,P095,2025-06-02,2
O06170,C1984,P081,2026-02-05,2
O06171,C0122,P019,2025-06-13,5
O06172,C0092,P030,2025-06-25,2
O06173,C1104,P047,2025-07-23,5
O06174,C0161,P067,2025-11-07,2
O06175,C0184,P048,2025-04-21,5
O06176,C1249,P070,2025-05-27,4
O06177,C0919,P007,2026-02-20,1
O06178,C0700,P080,2025-06-13,2
O06179,C0201,P099,2025-11-12,3
O06180,C1077,P090,2025-10-06,5
O06181,C0666,P019,2025-09-14,5
O06182,C0212,P061,2026-03-07,3
O06183,C0041,P037,2026-02-20,3
O06184,C1637,P007,2025-11-29,2
O06185,C0210,P024,2025-05-13,5
O06186,C0918,P029,2025-08-07,1
O06187,C0045,P035,2026-01-02,5
O06188,C0335,P098,2025-10-30,1
O06189,C1655,P037,2025-08-25,4
O06190,C1992,P057,2025-04-30,2
O06191,C1113,P002,2025-08-16,1
O06192,C1627,P089,2025-10-18,2
O06193,C1431,P010,2025-07-21,2
O06194,C1794,P030,2026-02-04,1
O06195,C0200,P066,2026-01-16,5
O06196,C0432,P099,2026-02-19,2
O06197,C1849,P073,2025-09-16,1
O06198,C1012,P005,2025-09-24,3
O06199,C1859,P073,2025-12-28,5
O06200,C0025,P053,2026-01-17,1
O06201,C0014,P047,2026-02-06,2
O06202,C0761,P056,2025-04-17,3
O06203,C0975,P072,2025-07-15,3
O06204,C1885,P014,2025-05-11,3
O06205,C1971,P043,2025-06-13,2
O06206,C1881,P039,2025-08-28,5
O06207,C0737,P023,2025-08-10,3
O06208,C0161,P065,2025-06-22,1
O06209,C1239,P093,2025-06-11,1
O06210,C1676,P038,2025-03-27,2
O06211,C0654,P041,2026-01-05,2
O06212,C0183,P089,2026-01-25,1
O06213,C1749,P036,2025-04-16,3
O06214,C0857,P012,2025-07-13,3
O06215,C0865,P034,2025-07-16,2
O06216,C1386,P007,2025-03-11,3
O06217,C1697,P076,2025-04-01,3
O06218,C0297,P033,2025-06-02,5
O06219,C0722,P028,2025-05-04,2
O06220,C1905,P048,2026-01-20,5
O06221,C1461,P036,2025-07-08,4
O06222,C1251,P041,2025-09-05,3
O06223,C1847,P030,2026-01-05,3
O06224,C0280,P022,2025-07-03,5
O06225,C0232,P028,2025-05-03,2
O06226,C0290,P014,2025-08-10,3
O06227,C0094,P057,2025-09-16,4
O06228,C0646,P071,2025-12-15,4
O06229,C1830,P086,2026-02-01,3
O06230,C0553,P089,2025-09-22,5
O06231,C0399,P008,2025-04-21,3
O06232,C0229,P024,2026-02-03,2
O06233,C1653,P088,2025-06-11,1
O06234,C1499,P012,2025-06-15,5
O06235,C0552,P081,2025-12-06,5
O06236,C1478,P076,2025-04-02,2
O06237,C0711,P029,2025-11-23,4
O06238,C1875,P100,2025-08-27,5
O06239,C0227,P057,2025-10-07,2
O06240,C1229,P014,2025-10-07,2
O06241,C0636,P023,2025-03-13,5
O06242,C0866,P098,2025-10-14,4
O06243,C0592,P080,2026-02-17,5
O06244,C1162,P004,2025-10-10,3
O06245,C1082,P086,2025-10-19,3
O06246,C1960,P050,2025-12-10,4
O06247,C0704,P014,2025-12-08,2
O06248,C0149,P005,2025-12-07,2
O06249,C0725,P031,2025-11-15,2
O06250,C1750,P098,2025-04-15,4
O06251,C1230,P074,2025-05-07,5
O06252,C1113,P012,2025-05-30,1
O06253,C1617,P099,2025-06-15,3
O06254,C0131,P043,2026-02-22,5
O06255,C0064,P077,2025-04-19,1
O06256,C0813,P007,2025-07-24,1
O06257,C1023,P100,2026-01-19,1
O06258,C0581,P021,2025-06-07,4
O06259,C1801,P061,2026-03-06,4
O06260,C1597,P088,2025-10-14,2
O06261,C1849,P095,2025-06-04,3
O06262,C1276,P031,2025-09-07,2
O06263,C1171,P074,2025-10-05,1
O06264,C1773,P047,2025-05-15,3
O06265,C0161,P043,2025-12-01,3
O06266,C1664,P098,2025-09-02,1
O06267,C0819,P082,2025-07-27,3
O06268,C1003,P044,2025-06-27,2
O06269,C1643,P068,2025-08-26,1
O06270,C1731,P076,2025-11-08,1
O06271,C1167,P032,2025-03-31,3
O06272,C0263,P067,2025-08-01,1
O06273,C1035,P087,2025-08-04,1
O06274,C1607,P071,2026-01-22,2
O06275,C1751,P036,2026-01-21,1
O06276,C1889,P037,2025-12-13,5
O06277,C0187,P072,2025-03-09,5
O06278,C0448,P080,2025-06-16,3
O06279,C0404,P012,2025-12-21,1
O06280,C0636,P031,2025-09-03,2
O06281,C0169,P026,2025-04-03,2
O06282,C1310,P094,2025-08-11,2
O06283,C1629,P074,2025-07-23,3
O06284,C1741,P013,2025-05-31,5
O06285,C0452,P091,2025-06-06,3
O06286,C1118,P012,2025-10-15,4
O06287,C0305,P022,2025-08-16,1
O06288,C0085,P061,2025-06-11,3
O06289,C1737,P056,2025-11-03,4
O06290,C0187,P011,2026-02-27,3
O06291,C1173,P079,2025-08-18,4
O06292,C0119,P005,2026-02-13,3
O06293,C0669,P087,2025-10-14,2
O06294,C0126,P030,2025-09-01,1
O06295,C1135,P075,2025-08-20,3
O06296,C1152,P056,2025-06-17,5
O06297,C0142,P037,2025-07-22,5
O06298,C1737,P055,2026-01-24,5
O06299,C1859,P055,2026-02-14,5
O06300,C0300,P096,2026-03-02,1
O06301,C1760,P077,2025-07-30,5
O06302,C1916,P023,2026-02-16,2
O06303,C0068,P073,2025-07-14,3
O06304,C1699,P061,2025-08-06,3
O06305,C0020,P027,2025-07-09,2
O06306,C1690,P016,2025-10-10,5
O06307,C1696,P073,2025-12-08,1
O06308,C1619,P032,2025-04-25,4
O06309,C0279,P024,2025-12-22,4
O06310,C1782,P032,2025-03-26,3
O06311,C1079,P054,2025-12-12,4
O06312,C1734,P064,2025-10-28,4
O06313,C1801,P089,2026-01-29,4
O06314,C0926,P057,2025-11-21,4
O06315,C1988,P063,2025-07-05,4
O06316,C0514,P086,2025-08-18,1
O06317,C1806,P050,2025-03-09,2
O06318,C1589,P010,2025-04-23,5
O06319,C1363,P086,2025-05-03,4
O06320,C0056,P031,2025-03-30,1
O06321,C0730,P021,2026-02-16,1
O06322,C1244,P036,2025-03-11,1
O06323,C0177,P026,2025-09-24,5
O06324,C1980,P093,2025-03-13,1
O06325,C1094,P046,2025-07-31,3
O06326,C1762,P041,2026-03-01,2
O06327,C1369,P022,2025-09-15,1
O06328,C1145,P067,2025-05-05,5
O06329,C0510,P022,2025-03-15,5
O06330,C1148,P019,2025-11-17,1
O06331,C0293,P093,2026-01-07,4
O06332,C1562,P065,2025-12-13,1
O06333,C0946,P021,2025-08-18,2
O06334,C1007,P063,2025-10-07,4
O06335,C0784,P015,2026-02-18,5
O06336,C1358,P041,2026-02-12,4
O06337,C0042,P003,2025-07-15,4
O06338,C0571,P074,2025-05-28,5
O06339,C0722,P062,2025-05-02,3
O06340,C1703,P095,2026-03-02,4
O06341,C0982,P072,2026-03-04,1
O06342,C0426,P067,2025-06-08,3
O06343,C1683,P006,2025-03-14,3
O06344,C1365,P043,2025-10-29,3
O06345,C1506,P080,2025-11-20,2
O06346,C0807,P068,2026-01-21,3
O06347,C0327,P085,2025-08-28,3
O06348,C1826,P060,2026-01-04,2
O06349,C0927,P038,2025-03-17,2
O06350,C1785,P019,2025-10-25,4
O06351,C1364,P021,2025-08-20,4
O06352,C1898,P082,2025-05-27,4
O06353,C0890,P070,2025-06-11,5
O06354,C1353,P030,2025-09-20,3
O06355,C1719,P100,2025-05-21,4
O06356,C0107,P024,2026-01-08,4
O06357,C0087,P097,2025-09-16,3
O06358,C0529,P061,2025-03-16,5
O06359,C0715,P037,2025-06-15,5
O06360,C1784,P003,2026-02-02,3
O06361,C0898,P079,2026-03-05,4
O06362,C0600,P087,2026-01-05,5
O06363,C0628,P098,2026-02-24,5
O06364,C1894,P099,2026-02-26,2
O06365,C1364,P017,2025-04-10,2
O06366,C1149,P014,2026-01-18,1
O06367,C0052,P046,2025-03-20,5
O06368,C1829,P095,2025-03-15,3
O06369,C1365,P094,2025-06-24,4
O06370,C1239,P036,2025-09-10,1
O06371,C0303,P081,2026-01-16,2
O06372,C1330,P086,2025-04-24,4
O06373,C1270,P030,2025-05-14,2
O06374,C0306,P004,2025-11-07,5
O06375,C1364,P032,2026-01-15,5
O06376,C0253,P020,2025-10-26,4
O06377,C0163,P079,2026-03-09,2
O06378,C1157,P067,2025-12-26,2
O06379,C1833,P033,2025-07-21,4
O06380,C1663,P093,2026-03-01,3
O06381,C1039,P034,2025-10-10,3
O06382,C1639,P018,2025-11-20,5
O06383,C0397,P066,2025-04-16,1
O06384,C0346,P005,2025-12-26,4
O06385,C1708,P078,2026-01-19,2
O06386,C1381,P058,2026-02-25,2
O06387,C0455,P009,2025-06-27,5
O06388,C1886,P077,2025-03-18,2
O06389,C0374,P052,2026-03-05,1
O06390,C0982,P082,2025-11-09,5
O06391,C0441,P042,2025-04-26,2
O06392,C0387,P067,2026-03-03,4
O06393,C0564,P069,2025-07-05,5
O06394,C0143,P038,2026-01-27,3
O06395,C1609,P028,2025-12-18,4
O06396,C0473,P042,2025-03-30,3
O06397,C1735,P098,2025-08-03,5
O06398,C1292,P066,2025-06-03,5
O06399,C0903,P085,2025-06-27,2
O06400,C1828,P013,2026-02-02,2
O06401,C1256,P003,2025-10-09,5
O06402,C0149,P063,2025-08-18,4
O06403,C0573,P019,2025-04-08,4
O06404,C0966,P084,2025-07-20,3
O06405,C1862,P046,2025-07-01,4
O06406,C0568,P002,2025-05-07,5
O06407,C0629,P058,2025-12-16,4
O06408,C0764,P075,2025-07-20,2
O06409,C1247,P016,2025-10-15,3
O06410,C1838,P075,2025-10-16,3
O06411,C1986,P029,2026-01-11,5
O06412,C0047,P011,2025-06-29,5
O06413,C0230,P092,2025-05-29,3
O06414,C1609,P042,2025-03-25,1
O06415,C0005,P049,2025-12-19,5
O06416,C0092,P065,2025-08-04,3
O06417,C1399,P068,2025-09-19,5
O06418,C0253,P052,2026-01-04,4
O06419,C1195,P096,2026-01-04,4
O06420,C1637,P008,2025-03-25,5
O06421,C0954,P092,2025-04-15,2
O06422,C0863,P051,2025-09-18,4
O06423,C0515,P054,2025-11-06,2
O06424,C0790,P074,2025-03-13,5
O06425,C0767,P040,2025-05-09,3
O06426,C1104,P089,2026-01-26,5
O06427,C1441,P076,2026-02-22,5
O06428,C0964,P070,2026-02-18,4
O06429,C1710,P022,2025-07-23,2
O06430,C1778,P062,2025-11-27,1
O06431,C1792,P070,2026-01-16,3
O06432,C1197,P044,2025-12-28,2
O06433,C0943,P028,2025-05-11,1
O06434,C0792,P070,2025-07-13,1
O06435,C1326,P015,2026-02-03,2
O06436,C0626,P033,2026-02-16,2
O06437,C0615,P022,2025-10-16,4
O06438,C1046,P083,2025-10-07,2
O06439,C0107,P054,2025-08-22,4
O06440,C0420,P006,2026-01-12,5
O06441,C0158,P054,2025-11-15,5
O06442,C0655,P097,2026-03-02,4
O06443,C0664,P035,2025-08-09,5
O06444,C1840,P061,2026-01-23,2
O06445,C1385,P023,2025-12-15,1
O06446,C1564,P021,2025-10-15,5
O06447,C0192,P006,2025-07-13,4
O06448,C0634,P058,2025-03-31,4
O06449,C1544,P041,2025-04-18,2
O06450,C0107,P061,2025-06-25,5
O06451,C1126,P097,2025-07-16,4
O06452,C1756,P015,2025-06-08,3
O06453,C0020,P031,2025-06-11,2
O06454,C0270,P023,2026-02-21,4
O06455,C1570,P063,2025-08-26,3
O06456,C0612,P058,2025-05-29,4
O06457,C1179,P098,2025-12-15,5
O06458,C0517,P038,2025-08-30,3
O06459,C1346,P035,2025-10-22,3
O06460,C0115,P052,2026-03-02,2
O06461,C1287,P100,2025-08-15,2
O06462,C0328,P062,2026-01-14,1
O06463,C1732,P005,2025-09-19,3
O06464,C0069,P078,2025-12-02,4
O06465,C1670,P013,2025-06-11,5
O06466,C0412,P044,2025-07-09,2
O06467,C0384,P035,2025-04-21,1
O06468,C1689,P065,2026-02-04,3
O06469,C0661,P056,2025-08-11,5
O06470,C1717,P063,2025-03-15,4
O06471,C1321,P052,2025-11-17,5
O06472,C1558,P098,2025-06-23,1
O06473,C1886,P056,2025-09-26,1
O06474,C0234,P076,2025-10-30,3
O06475,C0531,P012,2025-08-05,4
O06476,C1614,P042,2025-11-10,2
O06477,C1298,P094,2026-02-17,2
O06478,C0089,P082,2025-11-13,3
O06479,C0805,P065,2025-03-31,5
O06480,C1465,P022,2025-09-01,2
O06481,C0971,P066,2025-04-07,2
O06482,C1469,P086,2025-04-27,2
O06483,C0873,P047,2025-06-25,2
O06484,C0980,P025,2025-11-10,4
O06485,C1534,P096,2025-10-13,2
O06486,C0259,P035,2025-05-12,3
O06487,C1428,P090,2025-09-22,3
O06488,C0777,P001,2026-01-07,4
O06489,C1975,P068,2026-01-03,2
O06490,C0656,P010,2025-05-11,2
O06491,C0591,P085,2025-12-17,1
O06492,C1339,P022,2025-09-26,2
O06493,C1275,P092,2026-01-23,4
O06494,C1188,P070,2025-03-09,4
O06495,C1932,P040,2025-09-12,4
O06496,C0345,P062,2025-06-26,4
O06497,C1522,P074,2025-11-17,5
O06498,C0327,P090,2025-06-02,4
O06499,C0309,P018,2025-04-08,1
O06500,C0728,P092,2025-09-05,4
O06501,C1632,P047,2025-10-20,3
O06502,C1354,P084,2025-07-29,5
O06503,C1981,P013,2025-11-22,3
O06504,C1991,P038,2025-04-24,1
O06505,C1549,P072,2025-04-02,2
O06506,C1923,P050,2025-09-25,4
O06507,C0816,P019,2025-12-30,4
O06508,C1302,P026,2025-03-18,5
O06509,C0090,P036,2025-12-05,2
O06510,C0095,P085,2025-06-03,2
O06511,C1462,P091,2025-04-15,3
O06512,C0202,P020,2025-05-27,1
O06513,C1408,P009,2026-02-14,2
O06514,C0647,P032,2025-05-28,1
O06515,C1970,P046,2025-12-17,3
O06516,C1455,P089,2025-03-22,1
O06517,C1614,P041,2025-12-21,5
O06518,C0678,P039,2025-10-04,2
O06519,C1572,P056,2026-01-19,4
O06520,C0515,P092,2025-08-18,2
O06521,C0475,P022,2025-05-17,4
O06522,C0510,P086,2025-10-03,5
O06523,C0623,P029,2025-08-18,4
O06524,C1038,P087,2026-01-06,3
O06525,C1061,P037,2025-06-08,5
O06526,C1534,P083,2025-08-19,1
O06527,C0094,P089,2025-04-12,1
O06528,C1702,P081,2026-01-17,5
O06529,C1156,P015,2025-06-20,1
O06530,C0519,P041,2025-09-07,1
O06531,C1739,P090,2025-04-21,2
O06532,C0814,P049,2025-09-21,4
O06533,C0985,P096,2025-06-26,2
O06534,C0834,P032,2026-02-06,5
O06535,C0737,P039,2025-11-18,5
O06536,C0071,P004,2026-01-27,1
O06537,C0098,P037,2025-04-16,4
O06538,C0912,P041,2025-08-07,5
O06539,C0632,P100,2025-06-18,3
O06540,C0522,P031,2025-10-07,2
O06541,C1073,P045,2025-08-11,2
O06542,C1325,P095,2025-10-21,2
O06543,C1998,P036,2025-06-14,4
O06544,C0651,P012,2025-04-03,4
O06545,C0401,P039,2025-11-27,1
O06546,C1133,P065,2025-04-11,1
O06547,C1496,P027,2025-04-04,3
O06548,C1194,P092,2025-12-13,5
O06549,C1979,P004,2026-02-28,5
O06550,C0237,P030,2025-05-27,5
O06551,C0388,P040,2026-01-04,1
O06552,C1950,P095,2025-04-12,5
O06553,C0566,P005,2025-05-09,1
O06554,C1110,P053,2025-05-14,1
O06555,C1006,P094,2026-02-21,3
O06556,C0657,P077,2025-07-01,4
O06557,C1909,P015,2025-10-09,5
O06558,C0815,P084,2026-02-09,2
O06559,C1241,P016,2026-01-27,1
O06560,C0636,P086,2026-01-31,2
O06561,C1798,P003,2025-11-25,2
O06562,C1306,P067,2025-10-06,1
O06563,C1530,P045,2025-07-19,3
O06564,C0914,P058,2025-12-01,2
O06565,C1500,P024,2025-11-18,2
O06566,C1108,P051,2026-01-11,1
O06567,C1618,P020,2025-06-18,3
O06568,C0453,P013,2025-12-05,4
O06569,C0567,P094,2026-02-13,5
O06570,C1504,P022,2026-02-07,1
O06571,C1269,P067,2025-10-06,2
O06572,C0677,P057,2025-04-09,4
O06573,C1802,P044,2025-03-25,4
O06574,C1498,P062,2025-04-23,1
O06575,C0468,P019,2025-11-23,5
O06576,C1808,P078,2025-05-22,4
O06577,C1876,P022,2025-12-25,5
O06578,C1445,P055,2026-02-03,1
O06579,C0932,P024,2026-03-05,4
O06580,C1039,P023,2026-01-14,2
O06581,C0440,P099,2025-07-10,3
O06582,C1698,P067,2025-10-14,5
O06583,C1088,P025,2025-12-22,4
O06584,C0351,P030,2025-07-15,3
O06585,C1993,P048,2025-07-12,5
O06586,C0687,P016,2026-02-20,2
O06587,C0576,P010,2025-07-29,1
O06588,C1287,P043,2025-09-12,3
O06589,C0086,P073,2025-09-24,5
O06590,C1332,P040,2025-09-28,4
O06591,C0503,P024,2025-03-09,4
O06592,C0521,P056,2025-05-06,5
O06593,C1400,P076,2025-03-26,5
O06594,C0477,P010,2025-04-28,4
O06595,C1489,P037,2025-05-11,1
O06596,C0113,P054,2025-10-31,3
O06597,C0119,P065,2025-05-31,5
O06598,C1345,P053,2025-05-24,4
O06599,C1787,P084,2025-10-09,2
O06600,C1988,P030,2025-12-06,2
O06601,C0502,P064,2025-04-11,2
O06602,C1466,P009,2026-02-10,1
O06603,C0166,P048,2025-11-02,3
O06604,C1498,P070,2025-10-01,1
O06605,C0893,P013,2025-09-27,5
O06606,C1597,P053,2025-12-18,3
O06607,C1129,P034,2025-03-26,5
O06608,C1973,P086,2025-06-06,2
O06609,C1813,P076,2025-09-24,5
O06610,C1127,P060,2025-04-06,4
O06611,C1181,P048,2026-02-19,3
O06612,C0041,P087,2026-02-22,2
O06613,C1088,P017,2025-12-09,3
O06614,C1017,P050,2025-10-23,1
O06615,C0779,P039,2025-11-06,4
O06616,C1476,P089,2025-08-11,5
O06617,C1661,P052,2025-12-06,3
O06618,C0482,P034,2025-08-09,1
O06619,C0995,P062,2025-10-12,2
O06620,C1587,P009,2025-06-08,3
O06621,C0105,P013,2025-12-06,2
O06622,C0817,P057,2026-01-28,1
O06623,C0457,P029,2026-01-01,3
O06624,C0885,P073,2026-01-12,1
O06625,C1486,P076,2025-08-27,5
O06626,C0514,P044,2026-03-03,1
O06627,C0662,P067,2026-02-18,3
O06628,C0053,P078,2026-02-08,3
O06629,C0082,P025,2025-07-19,3
O06630,C1464,P076,2025-10-30,5
O06631,C0216,P046,2025-12-31,1
O06632,C0056,P022,2025-11-07,3
O06633,C0684,P029,2025-11-17,5
O06634,C0472,P061,2025-05-18,2
O06635,C0803,P023,2025-09-01,3
O06636,C1110,P006,2025-07-02,1
O06637,C1225,P058,2025-07-16,4
O06638,C1862,P064,2025-04-13,2
O06639,C1681,P068,2025-09-30,2
O06640,C1641,P051,2025-10-05,2
O06641,C1811,P078,2025-10-05,4
O06642,C1787,P084,2025-07-30,5
O06643,C1400,P001,2025-09-05,4
O06644,C0406,P019,2025-05-30,1
O06645,C1437,P017,2025-07-11,5
O06646,C1720,P057,2025-09-30,3
O06647,C1323,P060,2025-05-14,2
O06648,C1949,P035,2025-05-13,2
O06649,C1232,P021,2025-09-25,3
O06650,C0541,P045,2026-02-13,2
O06651,C1855,P064,2025-04-10,1
O06652,C0583,P057,2026-02-02,2
O06653,C0811,P085,2026-01-05,1
O06654,C0051,P001,2025-08-27,2
O06655,C1388,P022,2026-01-08,1
O06656,C1865,P097,2025-06-30,5
O06657,C1705,P007,2025-12-28,5
O06658,C0754,P096,2025-04-27,1
O06659,C0566,P005,2026-02-11,5
O06660,C0580,P094,2025-05-07,4
O06661,C1973,P030,2025-03-31,5
O06662,C0223,P072,2025-08-18,2
O06663,C0299,P065,2025-05-16,2
O06664,C0581,P002,2026-01-10,2
O06665,C1572,P020,2025-06-08,2
O06666,C0992,P069,2026-01-12,3
O06667,C0574,P004,2026-01-23,2
O06668,C1291,P027,2025-07-01,2
O06669,C0510,P046,2025-10-23,1
O06670,C1374,P076,2025-07-12,5
O06671,C1639,P006,2026-02-27,5
O06672,C1650,P053,2025-05-09,5
O06673,C1015,P017,2025-04-29,4
O06674,C0581,P043,2026-02-02,3
O06675,C0948,P096,2026-01-24,5
O06676,C0230,P009,2025-04-01,3
O06677,C0278,P024,2026-02-10,5
O06678,C1575,P022,2025-10-01,3
O06679,C1120,P009,2025-07-13,2
O06680,C0402,P015,2025-12-25,5
O06681,C1324,P084,2025-12-29,3
O06682,C1765,P060,2025-08-10,4
O06683,C1065,P093,2026-02-19,4
O06684,C0775,P008,2026-02-21,1
O06685,C1376,P029,2026-02-27,5
O06686,C0245,P089,2025-09-02,1
O06687,C1353,P094,2026-01-22,1
O06688,C1075,P086,2025-12-25,1
O06689,C1132,P048,2025-03-23,4
O06690,C1471,P095,2025-07-26,4
O06691,C0212,P010,2025-08-09,1
O06692,C0304,P067,2025-11-09,5
O06693,C1460,P024,2026-02-14,1
O06694,C1938,P006,2025-12-09,5
O06695,C0914,P014,2025-12-29,4
O06696,C0917,P064,2026-02-17,1
O06697,C0246,P095,2025-04-10,2
O06698,C0242,P070,2026-01-17,4
O06699,C0693,P055,2025-11-13,2
O06700,C0633,P068,2026-03-09,2
O06701,C0220,P037,2025-05-07,3
O06702,C0495,P057,2025-12-20,1
O06703,C1127,P074,2025-04-26,1
O06704,C0629,P098,2025-05-03,5
O06705,C1904,P009,2025-10-30,1
O06706,C1833,P066,2026-02-05,5
O06707,C0856,P097,2026-02-15,1
O06708,C1135,P019,2025-08-12,5
O06709,C1340,P010,2025-06-04,5
O06710,C0199,P004,2025-08-16,2
O06711,C0566,P042,2025-05-21,1
O06712,C1969,P049,2025-09-04,4
O06713,C0094,P078,2025-11-01,2
O06714,C1737,P055,2025-10-26,2
O06715,C0040,P069,2026-01-28,4
O06716,C1781,P083,2025-03-20,4
O06717,C1820,P067,2025-10-12,1
O06718,C1534,P019,2025-07-04,1
O06719,C1311,P039,2025-12-11,2
O06720,C1352,P077,2025-04-15,3
O06721,C1166,P086,2025-05-14,5
O06722,C0082,P025,2026-03-04,3
O06723,C1446,P043,2025-11-23,3
O06724,C0091,P031,2025-09-16,4
O06725,C0452,P035,2025-10-28,5
O06726,C1595,P010,2025-07-25,1
O06727,C0344,P084,2025-06-26,4
O06728,C1938,P033,2025-07-07,4
O06729,C0890,P067,2025-06-18,3
O06730,C1634,P071,2026-01-08,3
O06731,C1378,P053,2025-12-09,2
O06732,C0266,P062,2026-01-13,3
O06733,C1166,P091,2025-05-23,1
O06734,C1027,P021,2025-08-19,2
O06735,C0213,P066,2025-08-11,2
O06736,C0242,P002,2025-11-18,1
O06737,C0660,P060,2025-06-07,3
O06738,C1108,P083,2026-01-25,1
O06739,C1062,P099,2025-06-01,1
O06740,C1779,P078,2025-03-21,4
O06741,C1441,P061,2025-06-19,2
O06742,C0257,P065,2025-06-04,5
O06743,C1264,P044,2025-06-11,2
O06744,C0628,P046,2025-11-14,4
O06745,C1648,P074,2025-12-26,5
O06746,C1366,P088,2025-03-25,3
O06747,C1181,P004,2026-01-22,3
O06748,C1650,P060,2025-06-28,5
O06749,C1984,P012,2025-07-04,1
O06750,C0468,P057,2025-10-13,5
O06751,C0956,P007,2025-09-15,1
O06752,C1019,P057,2025-07-24,2
O06753,C1289,P100,2025-05-27,5
O06754,C0217,P088,2025-10-09,1
O06755,C1354,P021,2025-12-24,5
O06756,C1673,P058,2025-06-28,2
O06757,C1323,P028,2025-12-13,4
O06758,C0668,P093,2025-10-18,1
O06759,C1081,P042,2025-04-22,3
O06760,C0564,P070,2025-08-23,1
O06761,C0967,P095,2026-02-07,5
O06762,C0615,P001,2025-10-24,2
O06763,C0480,P020,2025-08-20,2
O06764,C0826,P077,2025-10-21,1
O06765,C1630,P023,2025-03-22,4
O06766,C1276,P045,2025-05-01,3
O06767,C0934,P097,2025-05-07,2
O06768,C0829,P045,2025-10-25,3
O06769,C1249,P088,2026-02-25,3
O06770,C0722,P079,2025-09-14,2
O06771,C0762,P017,2025-03-16,4
O06772,C0351,P047,2026-01-15,5
O06773,C1258,P069,2025-12-12,3
O06774,C1163,P084,2025-07-24,4
O06775,C1684,P065,2025-05-12,5
O06776,C0329,P094,2025-06-19,5
O06777,C0476,P022,2026-02-17,5
O06778,C0014,P055,2025-04-12,2
O06779,C1186,P072,2025-04-21,2
O06780,C1004,P060,2025-10-15,1
O06781,C0359,P036,2025-09-17,1
O06782,C0730,P060,2025-10-02,4
O06783,C1291,P070,2025-03-28,2
O06784,C0355,P006,2026-03-07,5
O06785,C1044,P077,2025-06-19,4
O06786,C0986,P047,2025-11-04,3
O06787,C0566,P014,2026-02-22,2
O06788,C1236,P078,2025-05-11,3
O06789,C0383,P074,2025-06-04,4
O06790,C1684,P053,2025-11-19,2
O06791,C0745,P088,2025-07-11,3
O06792,C1894,P023,2025-05-18,3
O06793,C0989,P099,2025-11-01,2
O06794,C0788,P022,2025-04-28,3
O06795,C1051,P048,2025-10-14,2
O06796,C1214,P078,2025-09-13,3
O06797,C0098,P096,2025-05-10,4
O06798,C0501,P034,2026-01-12,1
O06799,C0649,P022,2025-06-02,1
O06800,C1615,P063,2025-09-02,1
O06801,C1425,P047,2025-11-26,5
O06802,C1948,P044,2025-06-24,4
O06803,C1139,P068,2025-05-14,1
O06804,C1481,P093,2025-07-20,5
O06805,C0601,P083,2025-06-01,1
O06806,C1304,P099,2025-08-10,4
O06807,C0466,P025,2025-03-25,4
O06808,C1589,P074,2026-01-09,3
O06809,C1222,P001,2026-01-07,5
O06810,C0733,P041,2025-10-10,3
O06811,C0726,P097,2025-09-19,2
O06812,C0629,P093,2025-06-30,5
O06813,C1854,P086,2026-01-03,2
O06814,C1613,P052,2025-12-08,2
O06815,C1056,P084,2025-06-06,5
O06816,C0248,P006,2025-09-16,3
O06817,C0409,P080,2026-01-16,1
O06818,C1306,P083,2025-07-28,3
O06819,C0741,P031,2025-12-19,1
O06820,C1036,P097,2025-11-26,4
O06821,C1716,P091,2025-12-30,3
O06822,C1545,P032,2025-05-06,2
O06823,C0831,P024,2025-03-16,2
O06824,C0332,P038,2025-08-19,1
O06825,C1885,P084,2025-08-21,4
O06826,C0876,P003,2025-04-10,5
O06827,C0958,P071,2025-08-26,3
O06828,C1304,P029,2025-12-08,2
O06829,C0456,P065,2025-04-09,5
O06830,C0601,P084,2025-03-27,4
O06831,C1040,P019,2025-03-29,2
O06832,C0886,P013,2025-11-28,4
O06833,C0187,P071,2025-10-14,5
O06834,C0028,P014,2025-06-30,4
O06835,C1418,P046,2025-06-29,3
O06836,C1027,P026,2025-12-12,2
O06837,C1269,P019,2025-11-15,4
O06838,C0489,P063,2025-11-18,1
O06839,C0449,P092,2025-05-21,5
O06840,C1162,P075,2025-09-27,3
O06841,C1881,P027,2025-09-19,2
O06842,C0890,P024,2025-12-12,4
O06843,C0915,P090,2025-12-22,5
O06844,C1838,P097,2026-02-20,5
O06845,C0922,P028,2026-03-01,3
O06846,C0852,P081,2025-06-02,1
O06847,C0716,P016,2025-03-24,4
O06848,C0609,P057,2025-07-14,3
O06849,C0218,P037,2025-04-28,5
O06850,C1204,P090,2025-04-10,2
O06851,C1730,P031,2026-02-20,5
O06852,C0159,P078,2025-07-27,2
O06853,C1567,P099,2025-11-25,2
O06854,C1288,P070,2025-08-13,4
O06855,C1558,P077,2025-06-29,4
O06856,C1738,P025,2025-06-25,2
O06857,C1471,P021,2025-11-19,1
O06858,C1219,P058,2026-03-05,1
O06859,C1621,P058,2026-01-18,5
O06860,C0620,P035,2025-04-13,5
O06861,C0347,P084,2025-12-29,1
O06862,C1095,P031,2025-12-30,3
O06863,C0861,P069,2025-08-26,4
O06864,C0788,P097,2026-01-23,1
O06865,C0707,P086,2025-04-22,3
O06866,C0053,P025,2025-06-11,5
O06867,C0579,P037,2026-02-10,5
O06868,C1511,P081,2025-07-16,2
O06869,C0836,P055,2025-08-31,5
O06870,C0041,P018,2025-05-30,1
O06871,C1192,P071,2025-11-01,5
O06872,C1656,P046,2026-02-16,4
O06873,C1234,P001,2025-05-03,5
O06874,C0107,P058,2025-05-06,1
O06875,C1874,P005,2025-12-09,5
O06876,C1011,P090,2025-12-31,5
O06877,C1805,P033,2025-06-19,3
O06878,C0141,P066,2025-08-16,1
O06879,C0858,P051,2025-04-23,4
O06880,C0238,P004,2025-03-09,4
O06881,C1561,P081,2025-04-11,5
O06882,C1533,P071,2025-10-18,2
O06883,C0928,P031,2025-09-23,3
O06884,C0436,P014,2025-03-24,3
O06885,C0014,P051,2026-02-03,2
O06886,C0077,P095,2026-03-07,2
O06887,C1414,P008,2025-12-19,5
O06888,C0087,P055,2026-03-02,3
O06889,C0555,P065,2026-02-02,1
O06890,C1767,P045,2025-05-02,5
O06891,C0939,P089,2025-12-23,4
O06892,C1168,P058,2025-11-03,1
O06893,C1510,P050,2025-08-02,4
O06894,C0526,P039,2025-11-02,4
O06895,C0321,P073,2025-04-08,1
O06896,C0987,P080,2025-10-31,2
O06897,C1626,P018,2026-02-02,1
O06898,C0878,P089,2025-09-13,3
O06899,C1007,P068,2025-05-05,2
O06900,C0222,P056,2025-11-16,5
O06901,C0346,P026,2026-01-17,1
O06902,C1717,P038,2025-09-01,2
O06903,C1069,P040,2025-04-30,1
O06904,C0626,P086,2025-05-30,5
O06905,C0811,P084,2025-05-09,3
O06906,C0633,P035,2025-05-03,1
O06907,C0783,P076,2025-07-03,2
O06908,C0166,P051,2025-07-26,1
O06909,C1422,P099,2026-02-26,3
O06910,C0354,P088,2025-07-04,5
O06911,C0113,P017,2025-07-29,4
O06912,C0020,P067,2025-07-31,2
O06913,C1464,P048,2025-08-15,5
O06914,C0848,P013,2025-10-19,2
O06915,C0180,P083,2025-11-18,1
O06916,C0667,P095,2025-10-16,2
O06917,C1843,P022,2025-11-18,5
O06918,C0913,P025,2026-01-11,2
O06919,C1153,P082,2026-02-19,2
O06920,C0261,P014,2025-03-28,4
O06921,C1742,P091,2025-05-09,1
O06922,C1374,P032,2025-09-17,3
O06923,C0282,P045,2025-12-27,2
O06924,C0545,P016,2025-10-24,2
O06925,C0512,P042,2025-12-16,1
O06926,C0157,P016,2025-10-24,3
O06927,C1775,P034,2025-07-18,1
O06928,C0107,P080,2025-05-23,1
O06929,C0685,P043,2025-06-26,3
O06930,C0954,P031,2025-07-27,1
O06931,C1129,P087,2025-04-08,1
O06932,C0169,P060,2025-07-22,5
O06933,C1518,P056,2025-09-01,5
O06934,C0784,P021,2025-09-09,2
O06935,C0804,P010,2025-06-07,4
O06936,C1231,P030,2026-01-16,5
O06937,C1002,P004,2025-06-25,2
O06938,C1410,P099,2025-05-05,5
O06939,C1025,P014,2026-01-19,4
O06940,C1841,P076,2025-08-21,3
O06941,C1507,P048,2026-02-02,5
O06942,C0257,P043,2025-07-08,1
O06943,C1666,P060,2025-11-23,3
O06944,C0932,P046,2025-12-07,5
O06945,C1071,P004,2025-08-24,5
O06946,C1363,P085,2025-06-28,4
O06947,C1781,P030,2025-11-13,3
O06948,C1548,P030,2025-07-28,3
O06949,C1175,P099,2025-09-20,4
O06950,C1353,P053,2025-06-07,2
O06951,C1465,P024,2025-06-11,5
O06952,C0971,P007,2025-09-16,3
O06953,C1874,P037,2025-11-12,5
O06954,C0061,P003,2025-09-04,1
O06955,C1160,P093,2025-10-10,4
O06956,C1026,P038,2025-12-13,4
O06957,C1971,P053,2025-12-20,5
O06958,C0392,P024,2025-11-28,4
O06959,C0373,P086,2025-04-04,5
O06960,C0156,P095,2025-06-16,3
O06961,C0786,P064,2025-06-02,3
O06962,C0956,P005,2026-03-05,3
O06963,C1655,P060,2026-01-23,1
O06964,C1066,P045,2025-06-30,5
O06965,C1389,P063,2026-01-10,2
O06966,C1211,P040,2025-06-23,4
O06967,C0478,P039,2025-03-23,2
O06968,C1353,P061,2025-04-09,1
O06969,C1356,P095,2025-04-08,1
O06970,C1357,P068,2025-07-14,4
O06971,C0951,P075,2025-11-06,4
O06972,C0835,P024,2025-09-08,4
O06973,C0198,P033,2025-09-09,4
O06974,C1644,P091,2025-07-11,1
O06975,C1483,P060,2025-10-10,5
O06976,C0777,P099,2026-01-27,2
O06977,C1620,P042,2025-12-18,1
O06978,C0252,P057,2025-05-05,4
O06979,C0275,P099,2025-03-26,2
O06980,C1220,P071,2025-05-22,2
O06981,C1904,P086,2026-01-26,4
O06982,C0867,P033,2025-08-19,5
O06983,C0495,P070,2025-12-15,1
O06984,C0871,P098,2026-01-18,2
O06985,C1170,P064,2025-11-15,1
O06986,C0252,P093,2026-02-25,3
O06987,C0717,P100,2025-12-01,2
O06988,C0474,P096,2025-12-02,4
O06989,C1183,P021,2025-07-09,2
O06990,C0520,P001,2025-09-03,5
O06991,C1582,P096,2025-12-30,2
O06992,C0865,P085,2025-04-22,4
O06993,C0360,P099,2025-04-27,5
O06994,C0617,P019,2025-09-28,4
O06995,C1968,P052,2025-04-04,2
O06996,C0886,P079,2026-03-09,4
O06997,C1032,P059,2025-12-25,5
O06998,C1417,P095,2025-12-09,3
O06999,C0248,P099,2025-04-11,5
O07000,C1886,P003,2025-08-13,5
O07001,C1525,P017,2026-01-12,2
O07002,C0673,P026,2025-04-06,1
O07003,C0693,P099,2025-04-22,3
O07004,C0111,P085,2025-05-17,3
O07005,C1522,P028,2025-03-22,4
O07006,C0185,P090,2025-12-25,3
O07007,C0069,P061,2025-03-17,2
O07008,C0290,P004,2025-10-16,5
O07009,C0161,P075,2025-11-21,3
O07010,C1578,P009,2025-06-06,3
O07011,C1058,P079,2025-06-07,3
O07012,C0730,P023,2026-01-13,3
O07013,C1860,P027,2025-10-12,5
O07014,C0685,P087,2025-06-02,4
O07015,C1369,P082,2025-09-14,2
O07016,C0837,P056,2026-02-11,1
O07017,C0044,P023,2025-04-22,2
O07018,C0542,P067,2025-07-17,4
O07019,C0731,P048,2025-11-16,3
O07020,C1006,P042,2025-06-11,3
O07021,C0666,P007,2025-09-23,3
O07022,C1291,P080,2025-11-10,2
O07023,C1712,P008,2026-01-24,3
O07024,C1320,P026,2025-08-03,3
O07025,C0057,P036,2026-01-21,5
O07026,C0525,P015,2025-04-03,5
O07027,C0334,P061,2026-01-04,4
O07028,C1516,P023,2026-01-29,4
O07029,C1317,P066,2025-12-06,5
O07030,C1036,P004,2025-04-15,2
O07031,C0185,P038,2025-03-17,1
O07032,C1942,P100,2025-11-28,2
O07033,C1005,P053,2026-02-17,2
O07034,C1787,P078,2025-07-23,4
O07035,C1465,P093,2026-01-06,1
O07036,C1221,P051,2025-04-05,3
O07037,C0501,P025,2025-07-13,2
O07038,C1632,P035,2025-05-27,1
O07039,C0662,P002,2025-03-18,2
O07040,C0326,P023,2025-06-29,4
O07041,C0853,P016,2025-03-21,5
O07042,C0378,P018,2025-07-03,5
O07043,C0814,P018,2025-10-25,4
O07044,C1020,P023,2025-12-02,4
O07045,C1247,P040,2026-01-26,3
O07046,C1913,P088,2025-04-18,3
O07047,C1590,P034,2025-09-02,5
O07048,C1649,P016,2025-08-31,2
O07049,C0084,P003,2025-05-11,3
O07050,C0364,P072,2025-08-06,3
O07051,C0885,P092,2025-04-28,5
O07052,C1511,P062,2025-12-03,1
O07053,C1479,P050,2025-09-16,3
O07054,C1723,P030,2025-08-10,4
O07055,C0842,P005,2025-10-20,4
O07056,C0028,P078,2025-08-04,5
O07057,C1808,P030,2025-08-12,2
O07058,C0775,P005,2025-10-07,5
O07059,C0062,P034,2025-05-09,4
O07060,C1706,P087,2025-11-21,2
O07061,C1148,P076,2025-09-28,3
O07062,C0647,P079,2025-04-15,3
O07063,C1633,P078,2025-10-13,1
O07064,C1749,P043,2025-07-25,5
O07065,C0465,P098,2026-01-23,1
O07066,C0835,P001,2025-06-10,4
O07067,C0658,P084,2025-08-23,2
O07068,C1994,P083,2025-12-21,1
O07069,C1195,P035,2025-12-28,4
O07070,C0254,P011,2025-05-19,5
O07071,C1625,P078,2025-04-07,2
O07072,C0681,P060,2026-01-22,1
O07073,C0165,P016,2026-03-07,4
O07074,C1213,P091,2026-01-30,1
O07075,C1904,P025,2025-10-08,1
O07076,C0284,P053,2025-05-28,1
O07077,C0028,P070,2025-12-14,1
O07078,C0429,P087,2026-02-25,5
O07079,C0355,P010,2025-12-19,1
O07080,C1643,P041,2026-02-16,1
O07081,C1191,P066,2025-06-24,3
O07082,C1991,P038,2025-09-06,2
O07083,C0299,P015,2025-12-28,1
O07084,C1938,P023,2025-09-17,4
O07085,C1703,P010,2025-08-11,4
O07086,C0492,P025,2026-01-11,3
O07087,C0972,P088,2025-07-01,3
O07088,C1091,P049,2026-01-21,4
O07089,C0655,P010,2025-10-30,1
O07090,C0012,P064,2025-05-24,1
O07091,C1008,P088,2025-07-29,4
O07092,C1363,P027,2025-03-12,4
O07093,C0180,P026,2026-02-02,2
O07094,C1817,P039,2025-03-29,1
O07095,C1978,P009,2025-07-04,5
O07096,C0754,P014,2025-11-04,4
O07097,C0809,P030,2025-11-01,5
O07098,C1197,P094,2025-05-04,3
O07099,C1160,P031,2025-12-06,5
O07100,C1665,P026,2025-08-19,3
O07101,C0428,P039,2025-04-17,1
O07102,C1164,P040,2025-08-17,3
O07103,C0076,P090,2025-11-12,3
O07104,C0796,P003,2026-03-05,2
O07105,C1948,P063,2026-02-02,5
O07106,C1048,P029,2025-10-06,4
O07107,C0654,P092,2025-10-05,5
O07108,C0658,P095,2025-09-30,1
O07109,C0687,P008,2025-05-24,5
O07110,C1276,P030,2025-08-06,4
O07111,C1384,P035,2025-12-19,3
O07112,C0934,P060,2025-04-27,5
O07113,C1822,P085,2025-05-02,2
O07114,C0021,P007,2025-05-19,3
O07115,C1802,P039,2026-01-15,2
O07116,C1704,P010,2025-06-05,4
O07117,C0389,P023,2025-10-12,3
O07118,C0497,P003,2026-01-11,3
O07119,C1597,P099,2025-03-10,4
O07120,C0097,P029,2025-04-27,3
O07121,C0473,P016,2025-06-04,1
O07122,C0802,P100,2026-03-08,1
O07123,C1526,P023,2025-08-19,1
O07124,C1219,P089,2026-02-24,2
O07125,C1031,P013,2026-02-28,3
O07126,C1963,P057,2025-08-30,3
O07127,C1415,P065,2025-11-11,3
O07128,C0238,P060,2025-07-08,4
O07129,C0104,P100,2025-11-20,3
O07130,C0828,P096,2025-10-11,1
O07131,C1738,P046,2025-03-28,2
O07132,C0924,P093,2025-04-20,5
O07133,C0117,P037,2025-07-19,1
O07134,C1106,P079,2025-04-27,4
O07135,C0252,P057,2025-10-23,3
O07136,C0598,P015,2025-05-21,3
O07137,C1960,P033,2025-08-06,3
O07138,C0592,P079,2025-05-03,5
O07139,C1361,P098,2026-01-22,1
O07140,C1933,P022,2026-02-25,4
O07141,C1117,P096,2026-02-14,2
O07142,C0182,P021,2025-09-11,3
O07143,C1039,P034,2026-01-16,2
O07144,C0053,P067,2025-10-22,1
O07145,C1074,P027,2025-06-24,4
O07146,C0111,P048,2026-01-22,2
O07147,C1977,P030,2025-11-13,2
O07148,C1515,P036,2026-03-05,5
O07149,C0185,P067,2025-09-13,5
O07150,C1926,P096,2025-12-11,5
O07151,C1459,P039,2026-01-15,5
O07152,C1432,P028,2025-06-23,2
O07153,C0229,P041,2025-07-06,2
O07154,C1673,P011,2025-05-03,5
O07155,C1149,P047,2026-03-07,1
O07156,C1040,P042,2025-08-12,5
O07157,C0609,P031,2025-09-26,2
O07158,C1506,P017,2025-08-11,5
O07159,C0839,P017,2025-12-15,2
O07160,C0863,P019,2025-10-19,2
O07161,C0070,P071,2025-08-13,1
O07162,C0015,P053,2025-10-14,4
O07163,C0001,P096,2025-07-27,3
O07164,C1081,P024,2025-11-28,4
O07165,C1840,P033,2025-11-03,2
O07166,C1181,P063,2025-06-03,3
O07167,C0006,P006,2025-09-11,1
O07168,C1743,P029,2026-01-01,4
O07169,C0244,P089,2025-08-09,3
O07170,C1281,P084,2026-01-06,2
O07171,C0506,P025,2025-08-12,3
O07172,C0105,P011,2026-02-05,1
O07173,C0318,P085,2025-10-21,1
O07174,C1073,P097,2025-07-04,5
O07175,C0424,P033,2025-11-23,2
O07176,C0210,P034,2025-12-25,5
O07177,C1082,P023,2026-01-07,3
O07178,C0800,P007,2026-02-06,1
O07179,C1330,P057,2025-04-30,4
O07180,C1772,P013,2026-01-07,2
O07181,C0338,P034,2025-03-31,1
O07182,C0626,P034,2025-05-13,3
O07183,C1288,P009,2025-04-03,4
O07184,C1330,P035,2025-11-27,2
O07185,C0989,P032,2025-03-27,1
O07186,C1357,P086,2026-02-14,4
O07187,C1496,P012,2025-07-19,2
O07188,C1134,P031,2025-11-08,2
O07189,C0238,P029,2025-07-10,2
O07190,C0139,P032,2025-07-22,2
O07191,C1605,P081,2026-01-20,1
O07192,C1050,P053,2026-01-27,5
O07193,C1917,P005,2025-04-05,5
O07194,C1759,P088,2025-11-28,4
O07195,C1248,P030,2025-09-22,1
O07196,C0342,P082,2025-03-23,1
O07197,C1075,P066,2025-06-05,5
O07198,C0332,P059,2025-11-24,5
O07199,C0038,P019,2025-12-06,2
O07200,C0490,P083,2025-04-26,5
O07201,C1873,P091,2025-10-02,4
O07202,C0348,P081,2025-06-08,3
O07203,C1045,P021,2026-02-25,4
O07204,C0151,P082,2026-03-06,3
O07205,C1623,P096,2025-04-30,3
O07206,C1558,P100,2025-11-14,1
O07207,C1901,P097,2026-01-02,4
O07208,C0344,P020,2025-12-12,3
O07209,C0907,P092,2025-07-26,5
O07210,C0302,P026,2025-05-18,4
O07211,C1827,P008,2025-05-16,2
O07212,C1746,P023,2025-12-08,4
O07213,C0173,P013,2025-03-27,4
O07214,C1927,P031,2025-08-05,4
O07215,C0810,P036,2025-11-03,4
O07216,C0024,P049,2025-07-16,4
O07217,C1513,P080,2026-01-25,1
O07218,C0303,P008,2025-04-05,5
O07219,C1326,P035,2025-10-02,3
O07220,C1232,P052,2025-04-15,5
O07221,C0157,P009,2025-08-28,5
O07222,C1428,P052,2025-06-19,2
O07223,C0114,P064,2025-11-09,1
O07224,C0635,P019,2025-12-14,2
O07225,C0855,P029,2025-08-13,4
O07226,C0041,P099,2025-10-09,2
O07227,C1843,P100,2025-06-21,4
O07228,C0699,P035,2025-06-15,2
O07229,C0569,P020,2025-11-23,4
O07230,C0361,P077,2026-01-22,2
O07231,C0611,P085,2025-07-17,4
O07232,C1716,P038,2025-12-17,5
O07233,C1403,P100,2025-10-03,3
O07234,C1053,P038,2025-06-01,3
O07235,C1739,P037,2025-07-14,1
O07236,C0301,P010,2025-12-03,2
O07237,C0527,P091,2025-12-20,5
O07238,C0763,P013,2026-03-02,3
O07239,C1284,P066,2026-01-21,2
O07240,C1123,P051,2025-10-04,1
O07241,C0721,P055,2025-07-13,4
O07242,C0831,P065,2025-12-30,4
O07243,C0106,P056,2025-06-20,2
O07244,C1561,P064,2025-06-02,4
O07245,C1313,P075,2025-08-27,5
O07246,C1012,P066,2025-07-29,4
O07247,C1012,P093,2025-11-30,1
O07248,C1746,P098,2025-09-26,2
O07249,C1557,P013,2025-07-05,4
O07250,C1879,P040,2025-11-22,1
O07251,C1933,P096,2026-01-13,3
O07252,C0741,P008,2025-12-22,3
O07253,C1168,P039,2025-11-06,4
O07254,C1052,P049,2025-05-14,5
O07255,C0963,P069,2025-12-23,2
O07256,C0547,P081,2025-04-09,2
O07257,C1371,P071,2025-06-17,4
O07258,C1521,P089,2025-05-14,2
O07259,C0381,P056,2025-03-29,3
O07260,C1839,P021,2025-11-17,1
O07261,C0388,P022,2025-11-11,4
O07262,C0315,P056,2025-10-11,3
O07263,C0220,P039,2025-11-21,1
O07264,C0259,P006,2026-02-24,1
O07265,C1799,P071,2025-05-25,5
O07266,C1599,P064,2025-06-11,4
O07267,C0093,P081,2025-08-20,2
O07268,C0463,P077,2025-11-20,5
O07269,C1912,P042,2025-09-18,5
O07270,C0467,P085,2026-03-08,3
O07271,C1255,P076,2025-09-18,2
O07272,C1049,P004,2025-05-11,2
O07273,C0343,P012,2026-01-21,3
O07274,C0155,P058,2025-12-10,1
O07275,C1363,P061,2025-03-24,1
O07276,C1751,P043,2025-11-08,2
O07277,C1951,P029,2025-12-30,4
O07278,C0965,P086,2025-03-29,3
O07279,C0111,P019,2025-09-28,1
O07280,C0771,P091,2025-07-29,2
O07281,C0831,P048,2025-06-21,2
O07282,C1498,P061,2025-08-21,3
O07283,C0527,P084,2025-06-16,1
O07284,C0887,P080,2025-12-11,5
O07285,C0505,P059,2026-01-19,5
O07286,C1311,P082,2026-01-08,3
O07287,C0918,P043,2025-09-24,2
O07288,C1243,P073,2026-02-05,4
O07289,C0620,P066,2025-12-18,5
O07290,C1178,P078,2026-02-16,1
O07291,C1516,P095,2025-04-25,4
O07292,C1302,P016,2026-02-19,1
O07293,C0407,P060,2025-12-21,3
O07294,C1841,P024,2025-03-10,3
O07295,C1485,P028,2025-11-04,5
O07296,C1950,P060,2026-03-08,4
O07297,C1331,P068,2025-11-25,5
O07298,C1747,P067,2025-05-17,3
O07299,C0917,P044,2026-03-01,5
O07300,C0495,P013,2025-06-17,4
O07301,C0632,P039,2025-10-17,4
O07302,C0722,P051,2026-03-05,2
O07303,C0774,P065,2026-02-04,4
O07304,C0148,P005,2025-06-06,1
O07305,C0798,P071,2025-08-10,1
O07306,C0456,P059,2025-12-14,1
O07307,C0358,P066,2026-01-13,2
O07308,C0103,P094,2025-04-24,2
O07309,C0089,P001,2025-10-18,4
O07310,C0224,P047,2026-02-09,1
O07311,C0002,P022,2025-07-06,3
O07312,C1570,P063,2026-02-08,5
O07313,C0095,P074,2025-07-16,5
O07314,C0829,P037,2025-11-25,3
O07315,C1524,P048,2025-05-08,2
O07316,C0120,P060,2025-08-23,3
O07317,C0656,P061,2025-11-18,5
O07318,C1370,P035,2026-01-04,2
O07319,C1462,P022,2025-08-30,2
O07320,C1869,P058,2025-09-22,5
O07321,C1334,P085,2025-04-21,1
O07322,C0447,P027,2025-05-31,2
O07323,C1540,P097,2025-06-09,2
O07324,C1632,P095,2025-04-09,2
O07325,C1244,P070,2025-11-18,1
O07326,C1707,P005,2025-09-17,1
O07327,C1707,P011,2025-10-15,5
O07328,C0064,P055,2025-10-31,4
O07329,C0463,P098,2025-11-06,4
O07330,C1456,P070,2025-09-21,1
O07331,C1120,P036,2025-03-22,5
O07332,C0176,P015,2026-02-10,3
O07333,C1116,P096,2025-09-27,3
O07334,C1499,P051,2025-06-23,5
O07335,C1015,P082,2026-01-27,2
O07336,C1419,P066,2025-03-31,5
O07337,C0718,P050,2025-04-07,5
O07338,C0985,P100,2025-06-13,1
O07339,C0826,P037,2026-02-17,4
O07340,C1728,P070,2025-05-18,5
O07341,C0806,P079,2025-12-05,4
O07342,C0881,P066,2025-12-06,2
O07343,C0701,P029,2025-06-22,2
O07344,C1316,P011,2025-08-29,5
O07345,C0299,P080,2025-10-16,2
O07346,C1902,P088,2025-11-17,4
O07347,C0884,P041,2025-12-26,5
O07348,C1165,P010,2025-09-13,2
O07349,C0195,P047,2025-04-14,5
O07350,C0725,P017,2025-09-10,2
O07351,C0655,P041,2025-06-11,2
O07352,C1874,P011,2025-06-17,3
O07353,C1092,P067,2025-03-20,5
O07354,C1982,P040,2025-12-31,4
O07355,C0967,P027,2026-02-11,5
O07356,C1938,P032,2026-02-15,5
O07357,C1666,P062,2025-03-09,1
O07358,C1277,P046,2026-03-04,2
O07359,C0102,P060,2025-04-02,4
O07360,C1438,P046,2026-01-24,1
O07361,C0189,P047,2026-02-08,1
O07362,C1795,P019,2025-07-20,5
O07363,C1676,P002,2025-04-26,5
O07364,C1242,P012,2025-05-04,2
O07365,C1179,P079,2025-03-15,1
O07366,C0563,P005,2025-04-06,4
O07367,C1599,P095,2025-09-23,1
O07368,C1982,P080,2025-07-17,3
O07369,C1403,P094,2025-06-27,2
O07370,C1054,P024,2025-12-18,1
O07371,C0563,P037,2025-07-31,1
O07372,C1526,P098,2025-09-11,1
O07373,C1675,P018,2025-05-15,2
O07374,C0445,P025,2025-04-11,2
O07375,C1696,P070,2026-01-03,5
O07376,C0552,P059,2025-06-02,3
O07377,C1336,P065,2025-10-27,1
O07378,C0246,P091,2025-12-20,4
O07379,C0276,P031,2025-12-30,3
O07380,C1515,P008,2025-11-03,4
O07381,C1158,P060,2025-05-23,5
O07382,C1878,P044,2025-05-08,4
O07383,C1093,P047,2026-01-25,2
O07384,C0996,P039,2025-05-14,2
O07385,C1083,P055,2025-10-28,4
O07386,C0492,P009,2025-04-26,3
O07387,C1758,P096,2025-12-06,1
O07388,C0905,P022,2025-11-23,3
O07389,C0948,P085,2025-08-13,2
O07390,C1750,P066,2025-08-06,5
O07391,C0737,P013,2025-05-05,3
O07392,C1234,P042,2025-06-24,2
O07393,C1110,P054,2025-10-21,5
O07394,C1618,P038,2025-05-17,5
O07395,C1388,P066,2025-10-12,5
O07396,C0959,P015,2025-09-26,4
O07397,C0776,P029,2025-09-18,4
O07398,C1967,P042,2025-11-30,1
O07399,C0411,P008,2025-03-13,4
O07400,C1368,P058,2026-03-08,2
O07401,C0084,P048,2025-06-28,1
O07402,C1084,P042,2025-10-28,1
O07403,C1626,P048,2025-04-08,4
O07404,C0305,P045,2026-01-25,3
O07405,C1857,P050,2026-01-02,4
O07406,C0670,P065,2025-06-06,2
O07407,C0808,P058,2025-03-21,4
O07408,C0735,P028,2025-06-23,4
O07409,C0864,P034,2025-06-03,1
O07410,C1852,P011,2025-05-10,2
O07411,C1695,P005,2026-02-25,4
O07412,C0470,P020,2025-03-15,1
O07413,C1947,P053,2025-06-04,3
O07414,C0993,P085,2025-12-22,5
O07415,C1601,P024,2025-10-29,4
O07416,C0083,P093,2025-12-31,4
O07417,C0628,P018,2025-06-04,4
O07418,C1308,P099,2025-09-03,4
O07419,C1746,P012,2025-10-19,4
O07420,C0349,P050,2025-05-06,2
O07421,C1619,P024,2025-09-04,4
O07422,C1487,P011,2025-05-23,5
O07423,C0339,P070,2025-11-13,4
O07424,C0339,P001,2025-09-05,1
O07425,C0486,P008,2026-02-21,5
O07426,C1139,P087,2025-06-08,5
O07427,C1929,P087,2025-12-17,2
O07428,C1915,P017,2025-09-09,1
O07429,C0629,P004,2025-03-18,4
O07430,C1229,P014,2026-01-08,4
O07431,C1964,P050,2025-04-17,1
O07432,C1884,P011,2025-04-02,1
O07433,C0992,P090,2026-01-02,3
O07434,C0849,P040,2025-07-15,1
O07435,C0982,P026,2025-11-13,3
O07436,C1454,P060,2025-08-19,4
O07437,C0655,P074,2025-09-20,4
O07438,C0947,P086,2025-12-24,4
O07439,C0198,P076,2025-10-01,2
O07440,C1341,P095,2025-10-19,5
O07441,C0759,P032,2025-09-25,1
O07442,C1211,P039,2025-12-09,2
O07443,C1184,P050,2025-06-19,4
O07444,C0177,P001,2025-12-22,1
O07445,C0964,P005,2026-02-14,2
O07446,C1410,P014,2025-05-06,1
O07447,C0420,P080,2025-09-21,5
O07448,C0005,P076,2025-08-04,2
O07449,C0840,P092,2025-07-08,3
O07450,C1722,P090,2025-04-09,3
O07451,C1967,P024,2026-01-13,2
O07452,C0096,P091,2025-06-23,3
O07453,C0917,P084,2025-04-07,1
O07454,C0872,P081,2025-07-31,2
O07455,C1423,P074,2025-08-29,1
O07456,C1880,P038,2025-08-22,4
O07457,C0175,P091,2025-04-11,5
O07458,C0566,P049,2025-09-22,2
O07459,C1523,P066,2026-01-07,4
O07460,C1551,P008,2025-07-01,5
O07461,C1966,P091,2025-07-20,2
O07462,C1996,P071,2026-02-12,5
O07463,C0072,P053,2025-11-05,3
O07464,C0527,P028,2025-09-18,2
O07465,C0876,P006,2026-02-19,3
O07466,C1613,P003,2025-12-21,3
O07467,C0547,P019,2025-10-22,5
O07468,C0505,P019,2025-06-16,5
O07469,C0934,P064,2025-10-15,3
O07470,C1639,P006,2025-07-04,1
O07471,C1066,P042,2025-06-02,3
O07472,C0832,P042,2026-01-12,1
O07473,C1822,P085,2025-11-01,3
O07474,C0364,P081,2025-06-22,3
O07475,C0830,P084,2025-09-27,3
O07476,C1011,P040,2025-12-21,2
O07477,C0434,P071,2025-05-02,5
O07478,C1188,P072,2025-04-01,5
O07479,C0160,P071,2025-06-12,1
O07480,C0723,P040,2026-03-08,3
O07481,C0073,P071,2025-11-08,1
O07482,C1489,P086,2025-06-21,4
O07483,C0847,P005,2025-08-31,2
O07484,C0423,P063,2025-03-18,5
O07485,C0426,P016,2025-10-27,5
O07486,C0549,P022,2025-10-02,4
O07487,C0400,P087,2025-04-07,1
O07488,C1379,P043,2025-08-22,4
O07489,C0634,P048,2025-06-04,2
O07490,C1279,P055,2025-11-16,1
O07491,C0795,P067,2026-01-07,2
O07492,C1225,P083,2026-01-29,5
O07493,C1548,P004,2025-08-19,2
O07494,C0776,P001,2025-11-08,2
O07495,C1381,P018,2025-10-03,2
O07496,C0008,P004,2025-12-31,4
O07497,C1573,P067,2025-09-13,1
O07498,C0149,P025,2025-11-29,2
O07499,C1256,P063,2026-02-16,1
O07500,C1653,P084,2026-03-01,1
O07501,C0586,P010,2025-10-21,3
O07502,C1633,P029,2025-10-31,5
O07503,C1885,P007,2025-09-20,2
O07504,C0234,P100,2025-03-20,4
O07505,C0312,P005,2025-03-19,3
O07506,C0806,P069,2025-03-22,4
O07507,C0639,P038,2025-04-30,1
O07508,C1498,P097,2025-03-20,1
O07509,C1741,P060,2025-03-17,2
O07510,C0753,P056,2025-05-14,4
O07511,C1982,P072,2025-08-05,4
O07512,C0252,P053,2025-05-25,1
O07513,C0475,P083,2025-08-22,2
O07514,C1454,P012,2025-08-12,1
O07515,C1208,P057,2025-08-19,1
O07516,C0460,P100,2025-07-21,2
O07517,C0620,P071,2026-01-07,5
O07518,C1182,P056,2025-03-25,1
O07519,C0451,P004,2025-08-29,1
O07520,C0108,P042,2025-06-28,2
O07521,C0879,P009,2025-08-15,3
O07522,C0755,P096,2025-12-10,1
O07523,C0938,P097,2025-04-02,1
O07524,C0573,P052,2025-12-25,4
O07525,C1287,P096,2026-03-04,1
O07526,C0999,P083,2026-01-06,5
O07527,C0685,P042,2025-12-16,2
O07528,C0948,P030,2025-09-21,1
O07529,C1593,P055,2025-10-21,1
O07530,C0264,P001,2026-01-05,5
O07531,C0423,P007,2025-04-23,5
O07532,C0339,P099,2025-04-13,5
O07533,C0732,P013,2025-04-02,5
O07534,C1202,P093,2025-03-22,1
O07535,C1837,P025,2025-08-20,5
O07536,C0678,P048,2025-07-01,1
O07537,C0383,P075,2025-05-03,5
O07538,C0238,P054,2026-02-05,1
O07539,C1296,P061,2025-03-27,2
O07540,C0553,P053,2025-11-12,3
O07541,C1857,P074,2025-05-12,1
O07542,C1882,P038,2025-08-01,1
O07543,C1101,P085,2025-06-07,1
O07544,C1308,P038,2025-08-05,3
O07545,C0943,P055,2026-01-09,2
O07546,C0990,P056,2025-04-19,3
O07547,C1190,P038,2025-04-30,3
O07548,C0050,P021,2025-12-17,1
O07549,C1471,P075,2025-12-05,3
O07550,C1986,P010,2026-02-14,1
O07551,C1862,P097,2025-04-16,1
O07552,C0472,P088,2025-03-26,1
O07553,C0969,P084,2025-03-11,2
O07554,C0560,P019,2025-04-21,3
O07555,C1482,P072,2025-05-08,1
O07556,C0721,P007,2025-07-31,1
O07557,C0411,P099,2025-06-20,2
O07558,C0135,P018,2025-05-28,3
O07559,C1754,P017,2025-06-23,3
O07560,C1833,P055,2025-11-01,4
O07561,C0030,P042,2026-02-11,2
O07562,C1705,P038,2025-03-12,4
O07563,C0218,P053,2025-07-28,2
O07564,C0559,P062,2025-06-07,3
O07565,C0132,P018,2025-04-05,2
O07566,C0001,P082,2025-04-05,2
O07567,C1965,P008,2025-08-27,4
O07568,C0142,P086,2025-04-15,1
O07569,C0167,P048,2025-11-23,3
O07570,C0633,P091,2025-10-17,5
O07571,C0656,P069,2025-05-29,4
O07572,C1433,P083,2025-08-02,1
O07573,C0315,P001,2025-03-09,5
O07574,C0060,P091,2026-01-16,5
O07575,C1720,P064,2025-11-24,1
O07576,C0006,P097,2025-07-20,3
O07577,C1168,P060,2025-08-15,5
O07578,C0344,P009,2025-07-21,1
O07579,C1300,P049,2025-07-18,1
O07580,C0978,P049,2025-07-13,1
O07581,C1897,P048,2025-07-04,3
O07582,C0617,P051,2025-09-14,4
O07583,C0881,P042,2025-11-08,2
O07584,C0097,P046,2025-03-15,5
O07585,C1590,P029,2025-08-02,1
O07586,C0318,P066,2025-08-19,4
O07587,C1078,P068,2025-07-05,1
O07588,C1478,P099,2025-12-07,2
O07589,C1229,P074,2025-11-02,3
O07590,C1962,P099,2025-05-16,5
O07591,C1666,P074,2025-07-23,1
O07592,C1569,P063,2026-02-17,5
O07593,C0089,P055,2025-03-10,1
O07594,C0904,P087,2025-10-30,4
O07595,C1882,P032,2025-05-08,2
O07596,C1623,P088,2025-11-15,5
O07597,C1811,P069,2025-07-23,4
O07598,C0302,P094,2026-02-17,2
O07599,C1014,P067,2026-03-09,2
O07600,C1060,P015,2025-09-17,1
O07601,C0044,P012,2025-09-04,2
O07602,C0523,P056,2025-04-16,4
O07603,C0487,P005,2025-10-25,2
O07604,C0272,P052,2025-10-27,1
O07605,C0922,P092,2025-04-28,1
O07606,C1668,P100,2025-08-09,4
O07607,C1214,P011,2025-12-24,3
O07608,C1297,P025,2026-02-10,4
O07609,C0950,P084,2025-03-28,4
O07610,C0373,P027,2025-04-17,5
O07611,C1192,P015,2025-10-21,5
O07612,C1474,P043,2025-08-05,5
O07613,C0492,P069,2025-09-09,3
O07614,C0055,P035,2025-11-10,5
O07615,C1177,P001,2026-02-22,4
O07616,C0735,P081,2025-05-19,5
O07617,C1333,P025,2025-11-14,4
O07618,C0929,P039,2026-01-09,5
O07619,C1810,P045,2025-10-25,1
O07620,C1464,P013,2026-02-19,3
O07621,C0993,P089,2025-09-19,2
O07622,C0713,P052,2025-04-20,4
O07623,C1553,P095,2025-09-05,2
O07624,C1549,P045,2025-04-04,5
O07625,C1547,P005,2026-01-29,2
O07626,C0860,P091,2026-01-02,3
O07627,C0907,P042,2025-10-30,1
O07628,C0061,P047,2025-04-09,4
O07629,C0040,P092,2025-04-17,3
O07630,C1416,P052,2025-05-22,4
O07631,C0017,P012,2025-10-22,2
O07632,C1874,P014,2025-07-31,2
O07633,C1013,P074,2025-03-29,3
O07634,C0192,P052,2025-08-21,4
O07635,C1538,P096,2025-09-11,5
O07636,C0115,P099,2025-09-09,5
O07637,C0568,P006,2026-02-26,1
O07638,C1470,P072,2025-03-28,3
O07639,C1716,P041,2025-08-17,2
O07640,C0743,P069,2025-03-24,5
O07641,C1803,P092,2025-04-24,2
O07642,C1399,P049,2025-06-08,5
O07643,C1298,P020,2025-07-31,1
O07644,C0960,P054,2026-02-05,5
O07645,C0045,P030,2025-11-25,3
O07646,C0752,P063,2025-03-21,5
O07647,C1897,P085,2025-12-09,3
O07648,C0210,P082,2025-05-17,2
O07649,C1620,P016,2026-01-02,3
O07650,C1394,P085,2025-08-02,4
O07651,C0192,P057,2025-05-09,1
O07652,C0139,P048,2026-02-21,3
O07653,C0163,P084,2025-07-07,2
O07654,C1679,P085,2025-09-17,2
O07655,C1717,P007,2026-03-01,1
O07656,C1043,P043,2025-10-11,3
O07657,C0502,P013,2025-10-19,3
O07658,C0799,P005,2026-01-02,5
O07659,C0664,P047,2025-04-26,5
O07660,C0167,P048,2026-02-15,5
O07661,C0662,P062,2025-07-15,4
O07662,C0140,P040,2025-12-25,1
O07663,C1272,P022,2025-08-16,3
O07664,C0017,P007,2025-05-04,5
O07665,C1775,P027,2025-04-19,2
O07666,C1504,P023,2025-05-25,3
O07667,C0809,P042,2025-08-02,2
O07668,C1006,P039,2025-11-08,3
O07669,C1232,P100,2026-01-06,1
O07670,C1791,P024,2025-10-07,1
O07671,C0810,P041,2025-12-16,2
O07672,C0325,P079,2025-07-13,3
O07673,C0159,P017,2025-09-15,4
O07674,C0021,P077,2026-02-25,5
O07675,C1719,P082,2025-07-16,3
O07676,C0524,P075,2025-03-14,3
O07677,C1804,P004,2025-11-04,3
O07678,C1839,P016,2025-10-10,3
O07679,C0041,P008,2025-07-27,2
O07680,C1317,P098,2025-09-25,5
O07681,C0015,P098,2026-02-26,1
O07682,C1680,P060,2025-08-01,2
O07683,C0500,P081,2026-01-18,4
O07684,C0817,P082,2025-05-18,3
O07685,C1427,P094,2025-12-31,4
O07686,C0968,P049,2025-09-23,1
O07687,C1666,P048,2026-02-14,1
O07688,C1102,P031,2025-05-05,4
O07689,C0406,P054,2025-11-29,3
O07690,C0877,P034,2025-11-14,3
O07691,C0453,P041,2025-08-09,4
O07692,C0989,P050,2026-01-09,5
O07693,C1515,P004,2025-05-12,1
O07694,C1555,P034,2025-05-31,1
O07695,C0240,P040,2025-11-19,1
O07696,C1015,P059,2025-04-17,4
O07697,C0412,P029,2026-02-17,3
O07698,C1583,P100,2025-04-06,1
O07699,C0466,P048,2025-11-25,1
O07700,C0380,P066,2026-02-04,4
O07701,C0789,P095,2026-02-14,3
O07702,C0400,P011,2025-11-06,1
O07703,C1615,P078,2025-08-10,4
O07704,C0728,P020,2025-08-15,5
O07705,C0301,P035,2025-04-05,2
O07706,C0760,P048,2025-05-19,1
O07707,C0303,P017,2025-07-01,1
O07708,C1243,P048,2025-05-15,5
O07709,C0748,P006,2025-09-11,3
O07710,C0516,P068,2025-03-30,5
O07711,C1144,P100,2025-10-20,5
O07712,C0682,P058,2025-12-24,5
O07713,C1350,P059,2025-09-29,3
O07714,C1997,P080,2025-08-26,4
O07715,C1133,P073,2025-04-12,4
O07716,C0414,P021,2025-11-13,5
O07717,C0132,P008,2025-06-13,3
O07718,C0931,P094,2026-02-20,3
O07719,C0505,P060,2026-03-07,2
O07720,C1272,P014,2026-01-19,2
O07721,C1384,P100,2025-12-26,4
O07722,C0861,P085,2026-02-02,4
O07723,C1771,P100,2026-01-07,4
O07724,C0641,P020,2025-12-13,5
O07725,C0752,P095,2025-05-07,2
O07726,C1698,P040,2025-07-09,3
O07727,C1347,P097,2025-09-25,5
O07728,C1593,P020,2025-07-15,4
O07729,C1956,P039,2025-12-07,1
O07730,C1954,P087,2025-10-27,4
O07731,C1337,P005,2025-10-27,2
O07732,C1184,P035,2025-08-13,2
O07733,C0002,P086,2025-11-02,2
O07734,C0629,P073,2026-01-24,1
O07735,C0077,P085,2025-04-11,2
O07736,C1724,P038,2026-01-26,2
O07737,C1666,P097,2025-06-09,4
O07738,C0070,P029,2026-01-19,4
O07739,C0144,P043,2025-06-23,5
O07740,C1121,P079,2025-12-07,2
O07741,C0347,P035,2025-06-09,2
O07742,C1113,P048,2025-09-05,4
O07743,C0680,P055,2025-04-13,2
O07744,C0354,P021,2025-06-03,2
O07745,C1263,P023,2026-01-18,5
O07746,C0075,P002,2025-04-05,2
O07747,C0159,P078,2025-06-23,2
O07748,C1696,P046,2026-03-05,4
O07749,C0974,P089,2025-05-08,4
O07750,C1520,P061,2025-04-14,1
O07751,C0733,P044,2026-01-09,4
O07752,C0101,P047,2025-11-01,4
O07753,C1263,P052,2025-06-27,3
O07754,C1048,P043,2025-11-23,1
O07755,C1676,P099,2025-05-10,3
O07756,C1994,P071,2025-06-22,1
O07757,C1284,P020,2025-04-28,5
O07758,C0457,P055,2025-09-09,4
O07759,C0492,P049,2025-10-30,4
O07760,C1597,P002,2025-12-15,1
O07761,C0317,P048,2025-09-10,1
O07762,C0222,P002,2025-05-25,3
O07763,C1776,P087,2026-02-27,2
O07764,C1186,P088,2026-02-24,4
O07765,C0515,P060,2025-05-25,2
O07766,C1535,P017,2025-07-09,2
O07767,C1730,P028,2025-11-25,4
O07768,C1616,P076,2025-09-28,4
O07769,C1691,P036,2026-02-21,4
O07770,C1864,P046,2025-12-27,3
O07771,C0591,P055,2026-01-04,5
O07772,C0543,P047,2025-09-03,5
O07773,C1764,P074,2025-09-14,2
O07774,C0341,P009,2025-05-28,4
O07775,C0323,P034,2025-05-02,1
O07776,C1403,P003,2025-12-11,4
O07777,C1376,P012,2026-02-16,4
O07778,C1054,P087,2025-09-14,5
O07779,C1731,P040,2025-11-24,5
O07780,C0957,P086,2025-03-19,2
O07781,C1219,P097,2025-06-06,2
O07782,C0817,P037,2025-04-11,3
O07783,C0468,P052,2025-07-03,2
O07784,C1695,P029,2025-06-29,1
O07785,C1130,P021,2026-02-04,4
O07786,C1530,P076,2025-12-21,4
O07787,C1397,P052,2025-04-10,5
O07788,C1569,P060,2025-08-15,1
O07789,C1066,P058,2026-01-13,2
O07790,C1646,P024,2025-05-15,2
O07791,C1769,P019,2025-12-03,2
O07792,C0251,P092,2025-11-29,5
O07793,C0664,P041,2026-02-02,1
O07794,C1325,P054,2025-05-26,4
O07795,C1724,P044,2025-07-14,3
O07796,C1227,P057,2025-06-20,4
O07797,C1709,P070,2025-12-10,5
O07798,C1619,P050,2026-02-15,4
O07799,C0384,P091,2025-11-10,1
O07800,C0682,P055,2026-01-06,4
O07801,C0474,P064,2025-04-16,1
O07802,C0901,P049,2025-03-14,2
O07803,C1710,P076,2025-07-27,5
O07804,C0846,P034,2025-09-15,1
O07805,C0461,P019,2025-06-18,4
O07806,C1437,P074,2025-05-14,2
O07807,C0126,P094,2025-06-27,2
O07808,C1649,P073,2025-08-18,2
O07809,C1134,P086,2025-04-10,3
O07810,C0044,P020,2026-02-22,2
O07811,C1702,P001,2025-11-30,4
O07812,C0910,P051,2025-09-19,3
O07813,C0875,P041,2025-04-09,1
O07814,C0304,P091,2026-03-04,1
O07815,C1263,P095,2026-01-07,5
O07816,C1687,P029,2025-05-25,2
O07817,C0863,P099,2025-05-14,3
O07818,C1149,P015,2025-08-13,1
O07819,C1438,P069,2025-11-10,5
O07820,C1099,P089,2026-01-06,1
O07821,C0226,P092,2025-05-14,4
O07822,C1100,P073,2025-08-28,4
O07823,C0316,P083,2025-10-02,2
O07824,C0712,P022,2026-02-09,1
O07825,C1039,P082,2025-07-03,5
O07826,C1849,P025,2025-05-25,4
O07827,C1831,P052,2025-08-02,1
O07828,C1803,P007,2025-05-25,5
O07829,C0352,P038,2025-12-05,3
O07830,C0229,P073,2026-03-01,4
O07831,C1075,P080,2025-05-04,2
O07832,C0931,P021,2026-01-21,2
O07833,C1613,P093,2025-05-16,5
O07834,C0085,P090,2025-03-15,2
O07835,C1990,P035,2025-04-29,4
O07836,C0157,P089,2026-01-23,4
O07837,C0966,P087,2025-04-11,2
O07838,C1570,P026,2025-10-27,4
O07839,C1301,P057,2025-08-17,4
O07840,C0727,P100,2025-09-13,3
O07841,C0340,P031,2025-10-01,3
O07842,C0365,P092,2025-08-22,2
O07843,C0001,P044,2025-11-02,1
O07844,C1718,P014,2026-03-02,1
O07845,C0807,P077,2026-02-20,3
O07846,C1990,P064,2025-04-19,3
O07847,C1978,P029,2025-03-26,4
O07848,C0567,P012,2025-06-07,2
O07849,C0075,P018,2026-01-25,3
O07850,C0203,P071,2025-11-22,2
O07851,C1065,P100,2025-08-30,3
O07852,C0557,P082,2025-10-11,3
O07853,C0236,P063,2025-03-28,4
O07854,C1209,P089,2025-07-22,2
O07855,C1615,P079,2025-04-20,3
O07856,C1166,P010,2025-11-09,3
O07857,C1918,P043,2025-11-06,3
O07858,C1531,P043,2025-08-26,5
O07859,C1505,P082,2025-05-24,4
O07860,C0512,P009,2025-10-18,5
O07861,C1049,P038,2025-03-12,1
O07862,C0734,P076,2026-02-06,2
O07863,C0188,P078,2026-02-22,3
O07864,C0328,P021,2025-06-30,2
O07865,C0845,P064,2025-08-17,5
O07866,C0837,P011,2025-05-04,5
O07867,C0047,P016,2025-06-11,1
O07868,C1434,P077,2025-10-03,2
O07869,C1418,P031,2025-08-13,3
O07870,C1063,P009,2026-01-17,3
O07871,C1163,P065,2025-06-18,5
O07872,C0143,P059,2026-01-26,1
O07873,C0967,P087,2026-03-01,4
O07874,C0156,P065,2025-07-04,2
O07875,C0807,P030,2025-08-30,5
O07876,C1624,P003,2025-06-14,1
O07877,C0621,P005,2025-06-30,3
O07878,C0774,P017,2025-12-28,4
O07879,C0826,P069,2025-05-30,5
O07880,C1126,P090,2025-12-10,4
O07881,C0839,P043,2025-04-15,4
O07882,C1717,P050,2025-03-19,1
O07883,C0453,P044,2025-03-11,1
O07884,C0667,P045,2025-12-11,3
O07885,C1720,P031,2025-09-17,4
O07886,C1377,P045,2025-08-27,2
O07887,C1567,P076,2025-03-31,3
O07888,C1268,P024,2025-09-21,4
O07889,C1516,P006,2025-10-27,4
O07890,C1831,P093,2025-04-05,5
O07891,C1714,P050,2026-02-22,2
O07892,C1836,P012,2025-07-28,5
O07893,C0661,P058,2025-07-03,3
O07894,C0067,P030,2025-07-14,5
O07895,C0471,P027,2025-07-14,3
O07896,C0281,P039,2025-03-12,4
O07897,C1996,P037,2025-04-03,4
O07898,C1974,P034,2025-08-10,2
O07899,C1994,P036,2026-02-11,5
O07900,C0499,P066,2025-07-24,4
O07901,C0982,P011,2025-07-03,2
O07902,C1635,P060,2025-07-09,5
O07903,C1780,P065,2026-01-08,5
O07904,C1786,P067,2025-06-04,2
O07905,C1276,P074,2025-09-14,3
O07906,C1444,P026,2025-09-13,2
O07907,C0319,P010,2025-09-03,2
O07908,C0001,P058,2025-07-16,2
O07909,C0143,P086,2025-10-13,1
O07910,C0630,P067,2026-02-19,1
O07911,C1510,P067,2025-03-19,3
O07912,C1927,P029,2025-08-24,4
O07913,C1980,P079,2026-02-07,3
O07914,C1370,P024,2025-10-19,1
O07915,C0328,P012,2025-04-22,2
O07916,C0257,P046,2025-06-11,3
O07917,C1331,P030,2026-02-06,2
O07918,C0830,P035,2025-10-01,1
O07919,C1359,P025,2025-04-28,4
O07920,C1597,P050,2025-11-12,4
O07921,C1408,P073,2025-09-24,1
O07922,C0044,P055,2026-02-17,3
O07923,C1925,P087,2025-06-11,2
O07924,C1359,P020,2025-08-02,4
O07925,C1725,P034,2025-08-25,5
O07926,C0488,P034,2025-04-08,5
O07927,C0347,P060,2025-04-29,5
O07928,C0991,P020,2025-09-11,5
O07929,C0923,P072,2025-12-26,5
O07930,C1531,P049,2025-06-26,3
O07931,C0048,P056,2025-05-29,3
O07932,C0491,P099,2025-08-11,4
O07933,C1803,P023,2025-12-06,4
O07934,C1325,P074,2025-11-02,1
O07935,C0993,P085,2025-09-01,1
O07936,C0629,P031,2025-07-16,3
O07937,C1689,P026,2026-01-27,3
O07938,C0307,P040,2025-05-14,1
O07939,C0824,P012,2025-12-13,3
O07940,C1588,P030,2025-12-23,4
O07941,C0407,P046,2025-09-13,1
O07942,C1993,P082,2025-03-19,4
O07943,C1767,P042,2025-08-31,5
O07944,C0895,P056,2026-02-27,2
O07945,C0505,P051,2025-06-10,5
O07946,C0140,P098,2025-04-18,5
O07947,C0575,P063,2026-01-15,1
O07948,C1006,P044,2025-07-08,3
O07949,C0669,P073,2026-02-21,5
O07950,C1545,P089,2025-06-17,2
O07951,C0307,P036,2025-08-15,3
O07952,C0495,P026,2026-02-03,1
O07953,C0467,P067,2025-08-14,3
O07954,C1579,P036,2025-08-14,3
O07955,C1466,P080,2025-09-07,1
O07956,C1189,P044,2026-03-01,3
O07957,C1942,P040,2025-04-14,4
O07958,C1598,P061,2026-01-02,4
O07959,C0852,P070,2025-03-31,5
O07960,C1155,P099,2025-03-21,3
O07961,C1559,P070,2026-01-14,5
O07962,C1083,P059,2025-11-20,1
O07963,C0756,P010,2025-07-22,4
O07964,C0131,P081,2026-01-08,4
O07965,C1852,P035,2025-09-29,3
O07966,C1306,P049,2025-11-03,3
O07967,C1884,P035,2025-11-30,3
O07968,C1531,P038,2025-05-04,5
O07969,C1486,P061,2025-07-01,5
O07970,C1442,P052,2025-12-25,1
O07971,C0095,P027,2025-04-18,5
O07972,C0822,P020,2025-07-16,2
O07973,C1627,P030,2025-08-25,5
O07974,C0796,P069,2026-02-27,2
O07975,C0229,P002,2025-11-22,2
O07976,C1961,P061,2025-08-22,2
O07977,C0317,P056,2025-05-17,3
O07978,C0713,P095,2025-09-11,5
O07979,C1893,P012,2026-02-20,1
O07980,C1357,P081,2026-01-05,1
O07981,C0856,P099,2025-04-12,2
O07982,C1877,P005,2025-09-18,4
O07983,C0897,P067,2025-11-08,1
O07984,C1994,P020,2025-04-10,5
O07985,C0092,P059,2025-07-17,3
O07986,C0215,P023,2025-09-27,4
O07987,C0829,P011,2025-05-08,5
O07988,C1172,P084,2025-11-15,3
O07989,C1143,P071,2025-10-23,3
O07990,C0937,P034,2025-12-03,3
O07991,C0259,P036,2025-08-13,5
O07992,C1570,P022,2026-02-08,4
O07993,C0795,P018,2025-05-04,5
O07994,C0026,P060,2025-05-05,2
O07995,C0664,P068,2025-03-09,5
O07996,C1587,P012,2026-01-18,5
O07997,C0974,P079,2025-08-30,4
O07998,C1313,P061,2026-01-16,3
O07999,C0511,P011,2026-01-20,1
O08000,C1841,P069,2026-01-07,3
O08001,C1593,P037,2025-05-08,3
O08002,C1247,P042,2025-03-31,4
O08003,C0935,P065,2025-12-26,2
O08004,C1089,P022,2025-11-08,2
O08005,C0651,P061,2026-01-17,2
O08006,C0235,P022,2025-11-17,5
O08007,C1758,P064,2025-04-04,5
O08008,C1787,P003,2025-05-09,2
O08009,C0011,P089,2025-05-27,2
O08010,C1052,P099,2025-06-19,5
O08011,C1168,P026,2025-06-28,5
O08012,C1862,P036,2025-06-14,1
O08013,C1609,P032,2025-04-14,5
O08014,C1070,P095,2025-08-26,5
O08015,C0214,P056,2025-10-22,3
O08016,C0903,P065,2025-04-13,3
O08017,C0677,P070,2025-06-19,2
O08018,C1488,P039,2025-11-05,2
O08019,C0599,P100,2025-09-18,2
O08020,C0585,P031,2025-09-12,5
O08021,C1826,P073,2026-01-13,2
O08022,C0702,P003,2025-11-01,1
O08023,C1426,P098,2025-11-19,4
O08024,C0058,P048,2025-04-04,5
O08025,C1870,P095,2025-06-25,1
O08026,C1137,P008,2026-01-12,1
O08027,C1546,P058,2025-04-17,4
O08028,C1492,P012,2026-02-14,5
O08029,C1031,P066,2026-02-25,4
O08030,C0813,P039,2025-12-23,2
O08031,C0785,P057,2025-05-18,4
O08032,C1968,P086,2026-02-11,1
O08033,C0310,P048,2025-05-12,5
O08034,C0283,P053,2025-05-06,3
O08035,C0692,P039,2025-05-24,1
O08036,C1154,P056,2025-07-16,4
O08037,C1140,P022,2025-05-17,5
O08038,C1531,P026,2025-11-09,5
O08039,C1581,P055,2025-10-10,5
O08040,C0039,P016,2025-09-14,5
O08041,C1491,P048,2025-12-13,2
O08042,C0323,P093,2025-10-23,5
O08043,C1765,P082,2025-11-02,4
O08044,C1104,P059,2026-02-19,5
O08045,C1401,P077,2025-07-08,4
O08046,C0829,P056,2025-09-02,1
O08047,C0169,P002,2025-05-08,4
O08048,C0452,P001,2026-02-25,2
O08049,C1718,P007,2025-05-19,2
O08050,C1660,P051,2025-03-11,3
O08051,C1997,P035,2025-11-17,2
O08052,C0721,P047,2026-02-06,1
O08053,C1808,P017,2025-10-08,3
O08054,C1158,P086,2025-06-13,1
O08055,C1653,P037,2026-03-01,5
O08056,C0635,P083,2026-01-21,2
O08057,C0073,P079,2025-08-06,5
O08058,C0158,P063,2025-07-21,4
O08059,C0797,P001,2025-12-11,4
O08060,C1236,P047,2026-01-04,3
O08061,C1246,P067,2025-11-19,4
O08062,C0933,P090,2025-10-24,5
O08063,C0005,P024,2026-02-08,5
O08064,C0304,P030,2025-10-13,4
O08065,C0207,P003,2025-10-07,5
O08066,C1295,P034,2025-08-01,3
O08067,C0008,P079,2026-01-22,3
O08068,C0146,P076,2025-11-23,5
O08069,C1250,P073,2026-03-04,3
O08070,C0659,P061,2025-06-25,2
O08071,C1401,P018,2025-07-21,2
O08072,C0323,P085,2025-08-30,1
O08073,C0159,P081,2025-03-23,4
O08074,C1450,P008,2025-03-26,2
O08075,C0076,P095,2026-02-13,2
O08076,C0994,P066,2025-09-07,3
O08077,C1268,P069,2025-08-22,2
O08078,C0623,P016,2025-11-08,3
O08079,C1835,P031,2025-06-14,2
O08080,C1246,P058,2025-04-17,5
O08081,C0565,P014,2025-04-05,1
O08082,C1385,P069,2025-03-16,4
O08083,C1339,P067,2025-12-06,1
O08084,C0855,P011,2025-07-01,2
O08085,C1034,P100,2025-08-25,4
O08086,C0642,P041,2025-07-02,5
O08087,C0222,P035,2025-08-01,5
O08088,C1641,P047,2025-11-10,4
O08089,C1738,P059,2025-04-12,4
O08090,C0454,P051,2025-06-15,2
O08091,C0276,P087,2025-09-02,1
O08092,C0682,P060,2026-01-15,2
O08093,C1175,P079,2025-04-13,3
O08094,C0361,P037,2025-07-01,3
O08095,C1292,P027,2026-03-02,2
O08096,C1727,P016,2026-01-13,5
O08097,C1946,P100,2025-09-14,5
O08098,C0114,P052,2026-03-07,3
O08099,C0942,P037,2025-11-21,4
O08100,C0979,P100,2026-01-03,3
O08101,C0855,P004,2025-04-01,5
O08102,C1103,P059,2025-05-19,3
O08103,C1933,P037,2025-08-15,5
O08104,C0039,P029,2025-06-06,3
O08105,C1655,P093,2025-06-05,5
O08106,C1493,P032,2025-09-14,4
O08107,C1379,P065,2025-09-20,3
O08108,C0431,P073,2025-11-22,5
O08109,C1005,P005,2026-01-04,5
O08110,C0088,P004,2026-03-02,2
O08111,C1020,P065,2025-12-02,4
O08112,C1455,P052,2025-03-27,1
O08113,C1057,P021,2025-08-23,3
O08114,C0977,P025,2026-02-19,5
O08115,C0324,P096,2025-12-17,1
O08116,C0645,P094,2025-09-25,3
O08117,C1962,P077,2025-04-11,1
O08118,C1403,P066,2025-03-24,5
O08119,C1702,P080,2025-09-13,3
O08120,C0958,P040,2025-10-28,2
O08121,C0967,P003,2025-06-12,3
O08122,C0808,P026,2025-11-03,5
O08123,C1633,P045,2025-12-25,5
O08124,C0330,P004,2025-05-16,2
O08125,C1266,P020,2026-02-11,4
O08126,C0689,P060,2025-05-04,2
O08127,C1068,P085,2025-09-13,1
O08128,C0491,P073,2025-08-05,5
O08129,C0581,P023,2025-09-26,2
O08130,C0592,P027,2025-09-13,5
O08131,C1969,P096,2025-04-09,2
O08132,C1388,P080,2025-08-18,1
O08133,C0789,P030,2025-05-23,1
O08134,C0061,P042,2025-04-11,2
O08135,C0301,P029,2025-05-18,1
O08136,C0189,P008,2026-01-15,4
O08137,C0638,P052,2025-06-12,2
O08138,C0409,P064,2025-12-01,4
O08139,C1253,P023,2025-11-29,3
O08140,C1402,P032,2026-01-17,3
O08141,C0722,P090,2026-02-17,3
O08142,C0292,P060,2026-01-19,4
O08143,C1945,P071,2026-01-18,2
O08144,C1914,P028,2025-07-29,4
O08145,C0109,P035,2025-03-10,5
O08146,C0025,P043,2025-03-29,3
O08147,C0165,P002,2026-02-24,3
O08148,C1536,P010,2026-01-10,4
O08149,C1770,P082,2025-12-11,3
O08150,C1658,P040,2026-01-03,5
O08151,C0945,P065,2025-10-17,4
O08152,C0650,P005,2025-05-23,3
O08153,C0355,P044,2025-05-31,2
O08154,C1549,P048,2025-05-20,1
O08155,C1951,P070,2026-02-22,1
O08156,C1786,P095,2025-04-18,5
O08157,C1184,P002,2025-03-27,5
O08158,C1720,P078,2025-10-14,4
O08159,C0152,P041,2025-06-27,1
O08160,C0311,P003,2025-11-12,3
O08161,C0011,P049,2025-11-07,3
O08162,C0718,P004,2025-05-04,3
O08163,C0565,P071,2025-07-04,1
O08164,C0653,P039,2025-10-16,5
O08165,C0655,P085,2025-11-16,3
O08166,C0955,P026,2025-05-10,4
O08167,C0981,P057,2025-05-22,5
O08168,C0890,P004,2025-06-23,4
O08169,C0743,P069,2025-07-26,5
O08170,C1931,P065,2025-10-22,3
O08171,C0450,P065,2025-04-03,3
O08172,C1488,P018,2025-09-17,1
O08173,C0047,P087,2025-10-26,5
O08174,C0118,P064,2026-01-02,5
O08175,C1191,P034,2025-05-23,3
O08176,C0362,P099,2025-11-25,5
O08177,C1449,P025,2025-12-12,2
O08178,C1187,P053,2025-05-20,3
O08179,C0662,P012,2026-01-13,1
O08180,C1737,P029,2025-12-01,5
O08181,C0730,P099,2025-07-27,3
O08182,C1747,P013,2025-03-16,5
O08183,C1070,P050,2025-06-09,3
O08184,C0772,P081,2025-06-25,3
O08185,C0626,P083,2025-12-06,2
O08186,C0631,P086,2025-11-28,4
O08187,C0544,P100,2025-06-09,2
O08188,C1242,P029,2025-05-21,5
O08189,C1218,P078,2026-01-29,4
O08190,C1398,P083,2025-06-01,2
O08191,C1574,P092,2026-02-27,1
O08192,C1827,P007,2026-01-03,4
O08193,C1932,P022,2025-06-25,1
O08194,C1600,P003,2025-10-18,5
O08195,C1848,P019,2025-06-20,1
O08196,C0674,P078,2025-09-01,3
O08197,C0827,P039,2025-10-12,4
O08198,C0401,P072,2025-08-12,5
O08199,C0983,P042,2025-11-07,3
O08200,C0855,P045,2025-11-19,5
O08201,C1895,P002,2025-05-29,4
O08202,C1015,P065,2026-01-23,5
O08203,C0529,P034,2025-11-27,4
O08204,C1680,P078,2025-05-05,2
O08205,C1654,P069,2025-07-02,3
O08206,C1793,P071,2025-08-28,3
O08207,C0197,P070,2025-08-23,2
O08208,C1056,P017,2025-12-12,3
O08209,C1653,P090,2025-10-31,2
O08210,C1897,P081,2025-10-28,5
O08211,C0325,P042,2025-04-03,3
O08212,C1088,P047,2025-11-11,4
O08213,C1994,P022,2025-08-13,3
O08214,C0217,P052,2025-06-16,1
O08215,C1415,P054,2025-07-07,2
O08216,C0131,P058,2025-12-09,4
O08217,C1846,P016,2025-10-28,3
O08218,C0085,P002,2025-12-24,1
O08219,C1918,P075,2025-06-15,1
O08220,C1747,P062,2025-11-09,1
O08221,C0738,P079,2025-04-16,3
O08222,C0959,P021,2026-03-02,1
O08223,C1878,P033,2025-07-08,3
O08224,C1066,P093,2025-05-19,2
O08225,C1147,P018,2025-12-01,2
O08226,C0384,P032,2026-01-01,1
O08227,C1069,P045,2026-01-09,4
O08228,C1579,P034,2025-05-27,5
O08229,C1863,P032,2025-04-25,4
O08230,C1250,P062,2025-11-03,4
O08231,C0711,P089,2025-04-21,2
O08232,C1115,P069,2026-02-02,4
O08233,C1161,P057,2026-01-06,2
O08234,C0763,P009,2026-02-19,2
O08235,C0959,P062,2025-03-22,4
O08236,C1428,P073,2025-09-01,5
O08237,C1337,P048,2025-04-08,1
O08238,C0374,P018,2025-03-27,5
O08239,C1109,P011,2025-06-09,3
O08240,C0544,P063,2026-02-22,4
O08241,C0164,P028,2025-05-30,3
O08242,C0939,P049,2026-01-27,4
O08243,C0416,P025,2026-01-11,5
O08244,C0095,P060,2025-04-15,3
O08245,C0716,P096,2025-12-09,3
O08246,C0913,P093,2025-03-27,4
O08247,C1240,P100,2025-10-03,4
O08248,C1649,P099,2025-03-12,4
O08249,C1852,P088,2025-08-15,1
O08250,C0423,P069,2025-07-19,1
O08251,C1102,P057,2026-02-18,3
O08252,C0179,P079,2025-10-12,4
O08253,C1786,P039,2026-03-01,1
O08254,C0048,P031,2025-06-26,1
O08255,C0544,P007,2025-11-15,5
O08256,C1194,P067,2026-03-06,4
O08257,C1013,P092,2025-07-27,4
O08258,C1276,P049,2025-12-28,1
O08259,C0792,P098,2025-08-02,5
O08260,C1452,P010,2025-07-25,4
O08261,C0057,P003,2026-02-26,1
O08262,C0761,P009,2025-09-08,2
O08263,C1806,P089,2025-06-10,5
O08264,C1238,P044,2025-08-31,1
O08265,C0230,P015,2025-05-28,4
O08266,C1593,P090,2025-04-25,4
O08267,C1185,P027,2025-08-02,3
O08268,C1505,P066,2025-10-28,5
O08269,C1771,P005,2026-02-12,3
O08270,C1847,P007,2025-10-01,1
O08271,C0779,P019,2025-09-28,5
O08272,C1991,P087,2026-03-07,3
O08273,C0360,P100,2026-03-02,2
O08274,C0898,P044,2026-01-23,1
O08275,C0723,P073,2026-03-04,5
O08276,C0459,P034,2025-06-24,4
O08277,C1827,P065,2025-08-03,4
O08278,C0735,P052,2025-11-10,5
O08279,C1896,P067,2025-08-02,5
O08280,C1858,P032,2025-11-18,4
O08281,C0140,P088,2025-10-08,3
O08282,C0900,P081,2025-05-21,2
O08283,C0928,P052,2025-10-18,3
O08284,C0242,P079,2025-10-05,1
O08285,C0340,P044,2025-03-19,1
O08286,C0523,P091,2025-04-05,1
O08287,C1847,P001,2026-01-23,2
O08288,C1518,P053,2026-02-18,3
O08289,C0129,P072,2025-05-07,3
O08290,C1667,P031,2025-12-16,3
O08291,C0075,P066,2025-07-04,4
O08292,C1783,P085,2025-09-06,5
O08293,C1214,P028,2025-09-25,4
O08294,C0354,P040,2025-12-03,5
O08295,C0060,P020,2025-05-19,5
O08296,C0575,P062,2026-02-18,4
O08297,C0478,P021,2026-02-22,2
O08298,C0095,P051,2025-05-27,2
O08299,C1177,P040,2025-12-24,2
O08300,C0992,P016,2025-12-23,3
O08301,C0887,P072,2025-05-30,3
O08302,C0610,P030,2025-10-31,1
O08303,C1752,P091,2026-01-27,2
O08304,C0726,P042,2025-10-06,3
O08305,C0254,P074,2025-06-09,1
O08306,C1062,P041,2026-01-08,4
O08307,C1761,P072,2025-10-30,1
O08308,C0213,P002,2025-06-01,4
O08309,C0094,P099,2025-03-14,1
O08310,C1808,P095,2025-04-23,5
O08311,C0406,P073,2026-01-31,1
O08312,C1236,P027,2025-06-15,4
O08313,C1084,P080,2025-03-09,3
O08314,C0506,P029,2025-11-28,4
O08315,C1524,P065,2025-09-17,1
O08316,C1058,P034,2025-07-02,3
O08317,C0316,P044,2026-01-29,1
O08318,C0354,P091,2025-11-23,3
O08319,C1280,P004,2025-08-08,5
O08320,C1999,P018,2025-09-28,3
O08321,C1981,P071,2025-07-27,2
O08322,C1352,P020,2026-02-07,3
O08323,C1066,P098,2025-06-30,4
O08324,C0557,P044,2026-02-19,1
O08325,C0308,P052,2025-05-30,4
O08326,C0946,P039,2025-09-21,5
O08327,C1808,P034,2025-04-09,3
O08328,C1339,P086,2026-01-03,4
O08329,C0609,P056,2025-03-28,3
O08330,C0351,P062,2025-09-28,5
O08331,C0186,P057,2026-02-03,3
O08332,C1044,P100,2025-04-05,1
O08333,C0573,P065,2025-10-06,5
O08334,C1826,P079,2025-04-12,2
O08335,C1435,P067,2025-11-03,4
O08336,C0201,P059,2026-01-28,3
O08337,C0120,P072,2025-07-28,3
O08338,C1561,P081,2025-11-13,5
O08339,C0569,P006,2025-11-30,1
O08340,C1726,P034,2025-10-17,2
O08341,C0305,P072,2025-06-07,4
O08342,C0809,P011,2026-01-21,4
O08343,C1868,P063,2025-10-29,1
O08344,C0457,P044,2025-04-29,2
O08345,C1307,P038,2025-08-02,4
O08346,C1027,P050,2026-01-28,1
O08347,C0545,P039,2025-08-31,5
O08348,C1731,P082,2025-09-02,1
O08349,C0311,P025,2025-04-20,3
O08350,C1074,P064,2025-03-12,5
O08351,C0588,P085,2026-01-25,3
O08352,C0853,P055,2025-09-25,2
O08353,C1019,P006,2025-07-22,5
O08354,C0808,P057,2025-08-31,4
O08355,C0442,P052,2025-07-02,3
O08356,C0629,P099,2025-08-01,1
O08357,C1268,P091,2025-11-30,3
O08358,C0965,P023,2025-09-30,1
O08359,C0878,P041,2025-10-27,2
O08360,C1703,P099,2025-10-10,2
O08361,C1324,P091,2026-02-15,3
O08362,C1313,P039,2025-12-11,3
O08363,C1626,P094,2025-11-09,5
O08364,C0799,P067,2026-02-19,3
O08365,C0120,P061,2025-05-14,3
O08366,C1335,P017,2025-09-02,2
O08367,C0226,P053,2025-08-03,5
O08368,C1740,P080,2025-05-03,3
O08369,C1923,P079,2025-11-09,5
O08370,C1254,P082,2025-11-04,3
O08371,C0280,P069,2025-07-20,5
O08372,C1836,P053,2025-12-15,3
O08373,C1081,P062,2025-07-18,3
O08374,C1209,P036,2025-12-14,3
O08375,C0104,P093,2025-11-02,5
O08376,C1918,P056,2025-05-12,4
O08377,C0200,P081,2025-04-21,5
O08378,C1632,P001,2025-05-22,2
O08379,C1552,P057,2025-03-19,4
O08380,C0987,P027,2025-09-18,2
O08381,C1906,P100,2025-06-22,3
O08382,C1570,P042,2026-02-02,2
O08383,C0229,P086,2025-12-09,1
O08384,C0195,P076,2025-04-07,4
O08385,C1789,P008,2025-04-19,2
O08386,C0229,P034,2025-04-26,4
O08387,C1721,P075,2025-08-15,2
O08388,C0455,P040,2025-07-05,3
O08389,C0936,P084,2025-10-19,5
O08390,C1204,P082,2025-09-23,4
O08391,C0257,P095,2025-06-22,1
O08392,C0642,P019,2025-08-19,1
O08393,C0084,P036,2025-11-11,5
O08394,C1296,P091,2026-01-07,5
O08395,C1735,P030,2025-12-29,1
O08396,C0258,P034,2025-12-09,2
O08397,C1211,P082,2025-09-04,5
O08398,C0026,P045,2025-09-28,2
O08399,C0458,P024,2025-03-10,4
O08400,C1344,P034,2025-07-07,2
O08401,C0050,P050,2025-08-08,2
O08402,C1042,P072,2025-10-06,1
O08403,C0118,P023,2025-11-09,4
O08404,C1090,P053,2025-11-09,5
O08405,C0488,P066,2025-09-02,1
O08406,C1951,P090,2025-10-15,5
O08407,C1085,P083,2025-09-13,2
O08408,C0821,P048,2025-09-12,5
O08409,C0734,P005,2025-03-31,2
O08410,C1446,P054,2025-11-09,3
O08411,C1111,P008,2026-01-07,1
O08412,C1029,P062,2025-11-09,2
O08413,C0473,P100,2026-01-05,3
O08414,C0430,P048,2025-10-05,1
O08415,C1800,P044,2025-10-07,2
O08416,C0995,P056,2026-01-19,2
O08417,C1166,P006,2025-05-10,5
O08418,C0159,P005,2026-01-22,4
O08419,C1392,P012,2026-03-08,4
O08420,C1227,P053,2026-03-08,1
O08421,C0105,P025,2025-06-04,1
O08422,C1474,P002,2025-06-10,4
O08423,C0098,P052,2025-11-07,2
O08424,C1880,P033,2025-06-02,4
O08425,C1089,P025,2025-06-19,5
O08426,C0524,P005,2025-07-05,4
O08427,C0904,P052,2026-01-19,3
O08428,C1568,P017,2025-10-09,5
O08429,C0166,P079,2025-08-06,1
O08430,C0735,P008,2025-06-24,2
O08431,C1211,P018,2025-07-15,5
O08432,C1576,P049,2025-05-12,5
O08433,C0189,P062,2025-07-23,4
O08434,C1041,P026,2025-08-19,4
O08435,C0870,P008,2025-09-01,3
O08436,C1098,P023,2025-08-05,4
O08437,C0829,P071,2025-05-10,4
O08438,C1012,P023,2025-04-13,5
O08439,C0007,P006,2025-12-10,3
O08440,C1628,P002,2026-02-28,4
O08441,C0597,P083,2025-09-21,5
O08442,C1870,P012,2025-04-04,5
O08443,C0121,P015,2025-11-05,3
O08444,C0444,P069,2025-05-02,5
O08445,C0932,P010,2025-03-25,4
O08446,C1273,P051,2025-10-10,5
O08447,C1074,P017,2025-11-24,4
O08448,C0100,P075,2025-10-28,2
O08449,C0108,P019,2025-07-02,5
O08450,C0897,P049,2025-05-27,5
O08451,C1822,P073,2026-02-14,5
O08452,C0312,P015,2025-05-21,3
O08453,C0431,P020,2025-10-22,3
O08454,C0032,P025,2025-04-16,2
O08455,C0391,P072,2025-10-08,1
O08456,C1266,P024,2025-06-11,4
O08457,C1574,P017,2025-12-05,2
O08458,C1632,P044,2025-05-16,4
O08459,C1038,P088,2025-12-29,3
O08460,C0763,P055,2025-04-28,4
O08461,C0664,P018,2025-05-22,5
O08462,C1589,P035,2025-06-01,3
O08463,C0742,P073,2025-06-03,5
O08464,C1702,P043,2025-09-19,5
O08465,C0145,P061,2025-08-22,5
O08466,C0859,P069,2025-10-19,3
O08467,C0176,P032,2025-09-21,1
O08468,C1432,P059,2025-08-23,2
O08469,C1009,P035,2025-08-14,4
O08470,C1497,P060,2025-10-30,2
O08471,C1523,P054,2025-12-27,1
O08472,C1317,P078,2026-02-20,2
O08473,C0295,P056,2025-08-17,1
O08474,C1000,P035,2025-04-17,1
O08475,C1880,P095,2025-12-30,2
O08476,C1280,P064,2025-09-29,2
O08477,C0226,P067,2025-09-14,5
O08478,C0713,P075,2026-01-13,5
O08479,C1533,P033,2025-09-03,3
O08480,C1599,P080,2026-02-23,2
O08481,C1447,P045,2026-01-01,4
O08482,C1729,P059,2025-07-18,4
O08483,C1526,P032,2025-11-29,2
O08484,C1315,P064,2025-05-19,4
O08485,C1366,P094,2025-06-04,5
O08486,C1954,P026,2026-01-04,4
O08487,C1024,P086,2025-04-28,5
O08488,C1410,P066,2025-07-07,1
O08489,C1503,P088,2025-04-17,4
O08490,C0864,P043,2025-12-21,4
O08491,C0880,P028,2025-03-09,3
O08492,C0070,P091,2026-01-04,1
O08493,C0253,P053,2026-02-09,4
O08494,C0871,P086,2025-10-29,2
O08495,C0246,P042,2025-09-08,5
O08496,C1479,P098,2026-02-13,3
O08497,C0982,P089,2025-12-26,4
O08498,C0077,P059,2025-06-06,1
O08499,C1037,P045,2025-05-13,5
O08500,C0618,P068,2026-03-08,4
O08501,C1176,P092,2026-01-01,5
O08502,C1903,P001,2025-09-23,1
O08503,C1191,P026,2026-01-14,3
O08504,C1457,P033,2025-09-26,1
O08505,C1585,P052,2026-02-12,5
O08506,C1244,P062,2025-09-05,5
O08507,C0584,P024,2025-11-07,1
O08508,C1082,P085,2025-03-11,3
O08509,C0844,P016,2025-05-18,3
O08510,C0050,P088,2025-12-01,1
O08511,C1995,P082,2025-11-22,2
O08512,C0379,P041,2025-08-21,2
O08513,C1532,P075,2025-07-23,1
O08514,C1286,P097,2025-12-02,3
O08515,C0669,P030,2025-04-21,4
O08516,C0968,P088,2025-09-28,2
O08517,C0801,P094,2025-08-14,1
O08518,C1494,P087,2025-05-03,3
O08519,C0220,P034,2025-11-12,3
O08520,C0085,P008,2025-07-20,1
O08521,C1675,P025,2025-11-11,3
O08522,C0783,P080,2025-10-10,2
O08523,C1796,P001,2025-06-02,5
O08524,C0635,P023,2026-02-11,5
O08525,C0548,P075,2025-11-01,4
O08526,C1469,P036,2025-04-28,2
O08527,C0328,P004,2025-04-28,4
O08528,C0440,P057,2025-11-14,2
O08529,C0044,P031,2025-07-11,3
O08530,C1444,P042,2025-07-16,2
O08531,C0689,P011,2025-04-27,1
O08532,C1444,P021,2025-11-14,1
O08533,C0683,P045,2025-11-25,1
O08534,C1703,P031,2025-08-27,4
O08535,C0533,P089,2025-10-10,5
O08536,C1759,P052,2025-07-24,2
O08537,C0386,P017,2025-08-12,5
O08538,C1659,P009,2025-07-09,5
O08539,C0749,P048,2025-09-21,1
O08540,C0648,P092,2026-01-01,3
O08541,C1637,P039,2025-10-12,1
O08542,C0897,P087,2025-12-15,4
O08543,C1276,P071,2025-11-10,4
O08544,C1002,P099,2025-06-21,1
O08545,C0107,P002,2025-10-24,3
O08546,C1060,P070,2026-01-26,5
O08547,C1915,P029,2025-04-29,1
O08548,C1927,P038,2026-01-29,2
O08549,C1325,P091,2026-01-03,5
O08550,C0067,P079,2025-11-19,5
O08551,C2000,P054,2025-03-28,4
O08552,C0936,P017,2025-06-03,2
O08553,C1884,P061,2026-01-20,2
O08554,C0906,P035,2025-10-16,2
O08555,C0452,P074,2025-08-28,3
O08556,C0644,P019,2025-09-18,2
O08557,C0712,P050,2025-12-22,5
O08558,C1190,P027,2025-03-29,2
O08559,C1572,P072,2025-11-10,5
O08560,C0094,P009,2025-07-08,3
O08561,C0757,P079,2025-09-21,3
O08562,C0226,P009,2025-05-21,4
O08563,C1220,P085,2025-11-02,2
O08564,C0944,P034,2025-11-25,4
O08565,C1721,P008,2025-12-15,3
O08566,C1098,P033,2026-02-25,5
O08567,C0402,P032,2026-01-28,5
O08568,C1679,P074,2025-11-25,2
O08569,C0881,P049,2026-03-07,5
O08570,C1563,P028,2025-10-26,3
O08571,C1833,P086,2025-12-19,5
O08572,C0618,P006,2025-08-13,1
O08573,C1599,P056,2026-02-14,3
O08574,C0938,P027,2025-05-15,3
O08575,C0228,P066,2025-10-29,5
O08576,C1840,P099,2025-11-26,4
O08577,C0167,P037,2026-03-04,2
O08578,C1744,P098,2025-05-02,1
O08579,C1519,P049,2025-06-07,3
O08580,C1480,P048,2025-03-13,2
O08581,C1915,P024,2025-08-29,2
O08582,C1023,P052,2026-02-11,4
O08583,C0712,P012,2025-11-12,2
O08584,C1616,P031,2025-07-30,5
O08585,C1307,P038,2026-01-22,4
O08586,C1556,P037,2026-02-25,3
O08587,C0368,P091,2025-08-05,3
O08588,C1530,P010,2025-04-20,3
O08589,C0816,P046,2025-04-30,2
O08590,C0546,P025,2025-10-13,3
O08591,C0367,P052,2026-01-20,4
O08592,C0434,P020,2025-07-16,4
O08593,C1874,P023,2025-07-28,4
O08594,C0344,P020,2025-10-09,3
O08595,C0458,P017,2025-07-13,1
O08596,C0769,P060,2025-07-23,5
O08597,C1373,P024,2025-10-11,5
O08598,C0524,P084,2025-11-01,2
O08599,C1753,P069,2025-05-06,4
O08600,C0059,P024,2025-12-28,1
O08601,C1404,P091,2026-03-06,4
O08602,C1194,P073,2026-01-06,3
O08603,C0428,P071,2025-12-15,1
O08604,C1091,P040,2025-03-24,3
O08605,C0188,P046,2025-04-23,1
O08606,C0742,P059,2026-01-03,5
O08607,C1563,P021,2025-11-14,1
O08608,C1245,P090,2025-09-27,4
O08609,C0635,P056,2025-06-14,4
O08610,C0787,P015,2025-05-25,4
O08611,C0024,P065,2025-09-18,2
O08612,C0827,P031,2025-07-01,4
O08613,C0603,P020,2025-07-28,4
O08614,C1243,P060,2025-06-23,2
O08615,C1749,P030,2025-03-26,3
O08616,C1662,P046,2025-08-10,1
O08617,C0481,P032,2025-11-28,2
O08618,C1239,P012,2025-12-21,1
O08619,C0386,P088,2026-03-07,4
O08620,C1315,P051,2025-05-06,3
O08621,C0976,P055,2025-09-27,4
O08622,C0322,P002,2026-02-01,5
O08623,C1960,P098,2026-02-01,2
O08624,C0650,P090,2025-11-29,2
O08625,C1266,P008,2025-03-11,5
O08626,C1038,P056,2025-11-07,2
O08627,C0882,P052,2025-03-29,5
O08628,C0144,P028,2025-12-10,1
O08629,C0807,P085,2026-03-07,4
O08630,C0354,P017,2025-12-15,2
O08631,C0739,P028,2025-08-27,4
O08632,C0707,P024,2025-07-04,1
O08633,C0937,P049,2025-06-26,3
O08634,C0965,P054,2025-08-06,3
O08635,C1428,P020,2025-03-28,1
O08636,C1362,P060,2026-03-07,2
O08637,C0317,P062,2025-10-15,4
O08638,C0449,P076,2025-11-17,1
O08639,C1632,P035,2025-09-21,5
O08640,C1227,P040,2025-10-14,2
O08641,C0453,P072,2025-05-21,1
O08642,C1161,P084,2025-03-16,1
O08643,C1710,P048,2025-03-25,3
O08644,C0670,P008,2025-10-29,1
O08645,C0415,P063,2026-01-22,5
O08646,C1163,P087,2026-01-07,5
O08647,C0130,P009,2025-11-11,3
O08648,C1089,P001,2025-11-15,5
O08649,C0019,P064,2026-02-11,2
O08650,C0976,P083,2025-03-20,3
O08651,C0490,P024,2025-10-07,4
O08652,C0724,P074,2025-10-16,1
O08653,C0260,P044,2025-11-16,1
O08654,C0745,P064,2025-03-30,4
O08655,C1026,P034,2025-11-12,1
O08656,C0609,P037,2025-04-12,3
O08657,C0064,P015,2025-03-10,5
O08658,C0297,P047,2026-01-07,4
O08659,C1226,P004,2025-03-19,1
O08660,C1747,P035,2025-11-07,2
O08661,C0862,P067,2025-06-18,2
O08662,C1808,P085,2026-01-08,4
O08663,C1017,P096,2025-09-08,4
O08664,C1150,P035,2026-03-07,2
O08665,C0677,P063,2025-04-14,1
O08666,C1949,P008,2025-05-23,2
O08667,C1029,P013,2025-04-05,2
O08668,C1193,P056,2026-01-24,1
O08669,C0334,P043,2025-07-24,4
O08670,C1035,P019,2026-01-07,2
O08671,C1307,P019,2025-04-07,2
O08672,C0164,P001,2025-09-10,4
O08673,C0943,P059,2025-04-17,4
O08674,C0352,P100,2026-03-07,5
O08675,C1738,P097,2025-08-09,4
O08676,C1691,P075,2025-10-12,2
O08677,C1755,P051,2025-04-28,1
O08678,C1427,P091,2025-07-30,3
O08679,C1305,P011,2026-03-02,2
O08680,C0802,P031,2025-08-24,3
O08681,C1937,P006,2025-11-28,2
O08682,C0344,P058,2025-09-18,3
O08683,C0401,P063,2025-04-26,2
O08684,C1413,P041,2025-07-08,5
O08685,C1260,P073,2025-10-23,5
O08686,C0852,P031,2026-02-09,1
O08687,C1382,P065,2026-03-02,4
O08688,C0554,P020,2025-08-18,4
O08689,C0676,P036,2026-01-19,3
O08690,C1586,P016,2025-08-10,4
O08691,C1293,P043,2025-05-13,3
O08692,C0041,P036,2025-11-01,3
O08693,C0287,P057,2026-02-01,4
O08694,C0987,P092,2025-09-22,3
O08695,C1971,P045,2026-01-25,1
O08696,C0323,P067,2025-11-22,1
O08697,C0824,P041,2025-06-13,5
O08698,C1401,P020,2026-01-23,1
O08699,C1031,P076,2025-06-29,2
O08700,C0503,P089,2025-06-20,5
O08701,C0884,P049,2025-10-29,2
O08702,C0469,P062,2025-05-13,4
O08703,C0990,P013,2025-10-22,3
O08704,C1391,P086,2025-07-10,5
O08705,C1437,P038,2025-09-15,3
O08706,C0986,P096,2026-02-28,3
O08707,C1987,P060,2025-11-03,5
O08708,C1239,P044,2025-12-19,4
O08709,C0140,P037,2025-03-30,4
O08710,C1699,P079,2025-05-17,2
O08711,C1666,P069,2026-01-26,3
O08712,C1787,P027,2025-12-25,1
O08713,C1402,P023,2026-01-22,5
O08714,C1836,P100,2025-08-16,1
O08715,C0444,P019,2026-02-02,3
O08716,C0921,P051,2026-02-20,4
O08717,C1319,P087,2025-03-11,2
O08718,C1505,P079,2025-11-13,3
O08719,C1567,P001,2026-03-01,4
O08720,C0742,P035,2025-10-14,1
O08721,C0390,P012,2025-12-18,2
O08722,C0504,P079,2025-04-07,4
O08723,C0361,P049,2025-11-29,2
O08724,C1143,P031,2025-12-08,4
O08725,C0828,P049,2025-08-09,4
O08726,C1819,P024,2025-05-18,2
O08727,C0057,P089,2026-01-14,4
O08728,C1032,P065,2025-12-02,4
O08729,C0595,P017,2025-10-04,1
O08730,C0886,P069,2025-04-07,5
O08731,C1638,P048,2025-06-27,1
O08732,C1113,P030,2025-08-15,5
O08733,C1028,P067,2025-07-11,3
O08734,C1307,P045,2025-07-25,2
O08735,C1522,P063,2025-08-03,3
O08736,C0210,P008,2025-05-24,2
O08737,C1505,P055,2025-10-15,2
O08738,C0682,P010,2025-08-12,5
O08739,C0811,P006,2025-05-11,4
O08740,C1310,P013,2025-05-21,2
O08741,C1884,P003,2025-11-13,4
O08742,C0021,P032,2025-07-24,5
O08743,C0009,P056,2025-09-19,3
O08744,C0301,P092,2025-09-26,3
O08745,C1169,P080,2025-04-29,1
O08746,C1367,P014,2025-09-27,2
O08747,C1386,P032,2025-05-07,2
O08748,C0675,P098,2025-04-11,1
O08749,C0376,P072,2025-04-05,4
O08750,C0091,P036,2025-12-26,1
O08751,C1768,P061,2026-01-31,4
O08752,C0092,P059,2025-05-02,3
O08753,C0684,P060,2025-06-11,3
O08754,C1929,P016,2025-12-13,4
O08755,C1910,P092,2025-04-04,3
O08756,C0549,P038,2026-01-20,4
O08757,C1720,P041,2025-12-27,1
O08758,C1202,P100,2025-11-07,1
O08759,C1641,P085,2025-07-18,1
O08760,C0769,P044,2026-01-22,4
O08761,C1689,P067,2025-09-26,5
O08762,C0075,P009,2025-06-30,3
O08763,C0413,P031,2025-06-04,4
O08764,C0507,P073,2025-06-04,1
O08765,C1618,P065,2025-08-20,2
O08766,C0283,P027,2026-01-17,1
O08767,C1322,P078,2025-11-16,3
O08768,C1291,P073,2025-08-11,3
O08769,C1077,P018,2025-11-01,2
O08770,C0138,P069,2025-11-06,4
O08771,C0481,P083,2025-12-28,3
O08772,C0881,P084,2026-01-27,4
O08773,C0564,P023,2026-03-07,1
O08774,C1779,P011,2025-07-02,2
O08775,C0678,P065,2025-06-07,4
O08776,C1234,P024,2025-10-08,2
O08777,C1047,P043,2025-08-05,5
O08778,C1743,P001,2025-05-22,2
O08779,C0438,P005,2025-04-11,4
O08780,C0099,P047,2025-03-15,2
O08781,C1826,P071,2025-06-17,5
O08782,C0125,P001,2026-02-02,4
O08783,C0047,P041,2025-11-28,4
O08784,C1446,P075,2025-08-25,2
O08785,C0085,P033,2025-04-22,2
O08786,C1766,P099,2026-01-20,5
O08787,C0751,P071,2025-06-28,2
O08788,C1135,P051,2025-04-09,1
O08789,C0695,P031,2025-06-05,5
O08790,C0559,P084,2025-05-05,2
O08791,C0201,P056,2025-09-22,4
O08792,C0404,P040,2025-11-26,1
O08793,C1552,P074,2025-08-17,4
O08794,C0113,P075,2026-02-10,5
O08795,C1918,P086,2025-07-26,1
O08796,C1328,P010,2025-06-26,5
O08797,C0641,P004,2025-08-07,3
O08798,C1253,P044,2025-07-29,3
O08799,C0936,P064,2026-02-04,3
O08800,C1655,P038,2025-03-11,5
O08801,C1828,P062,2025-12-12,3
O08802,C1393,P047,2025-06-20,4
O08803,C0410,P021,2025-06-19,1
O08804,C1103,P018,2025-11-07,1
O08805,C1992,P009,2025-05-06,2
O08806,C0233,P086,2025-04-20,5
O08807,C0213,P079,2025-06-17,1
O08808,C0527,P087,2025-06-25,3
O08809,C0032,P098,2025-10-02,4
O08810,C0497,P087,2025-08-06,2
O08811,C1081,P090,2025-08-31,2
O08812,C1549,P003,2025-10-15,5
O08813,C0488,P077,2025-08-12,5
O08814,C0430,P086,2025-08-17,1
O08815,C1672,P081,2026-03-06,1
O08816,C0840,P002,2025-06-15,5
O08817,C0804,P088,2025-09-09,3
O08818,C0520,P006,2025-05-23,3
O08819,C1832,P055,2025-06-18,5
O08820,C1180,P089,2025-09-04,2
O08821,C1917,P090,2026-01-28,2
O08822,C1066,P011,2025-12-13,2
O08823,C0504,P072,2026-01-06,1
O08824,C0504,P043,2025-09-16,1
O08825,C0367,P079,2026-02-08,5
O08826,C0214,P029,2026-01-07,5
O08827,C1942,P063,2025-06-11,4
O08828,C1905,P059,2025-03-29,1
O08829,C0736,P049,2025-09-13,3
O08830,C1587,P019,2025-05-12,5
O08831,C0387,P009,2026-02-12,1
O08832,C1837,P048,2025-09-13,2
O08833,C1308,P022,2026-01-25,4
O08834,C0383,P088,2025-10-21,5
O08835,C1732,P092,2025-06-06,5
O08836,C1489,P062,2025-10-19,3
O08837,C0393,P073,2025-08-24,1
O08838,C1717,P007,2025-03-13,4
O08839,C1830,P035,2025-05-20,4
O08840,C0818,P030,2026-02-16,2
O08841,C0475,P002,2026-01-08,1
O08842,C0094,P031,2025-05-02,4
O08843,C1538,P022,2025-12-16,5
O08844,C1212,P097,2025-07-28,2
O08845,C1243,P046,2025-09-03,2
O08846,C0682,P067,2025-04-02,5
O08847,C1940,P075,2025-10-06,4
O08848,C0631,P074,2025-08-15,3
O08849,C0879,P017,2025-07-20,4
O08850,C1003,P082,2025-12-30,2
O08851,C1582,P044,2025-12-20,3
O08852,C0149,P048,2026-02-15,3
O08853,C1674,P083,2025-10-31,1
O08854,C0970,P041,2025-10-16,5
O08855,C1962,P011,2025-11-28,2
O08856,C1334,P037,2025-08-25,5
O08857,C0413,P014,2025-04-12,2
O08858,C1500,P003,2026-01-01,5
O08859,C0875,P093,2025-12-27,3
O08860,C0131,P039,2025-10-21,4
O08861,C0496,P013,2025-06-08,1
O08862,C1478,P084,2025-07-24,2
O08863,C1419,P055,2025-03-13,2
O08864,C1965,P094,2025-12-18,5
O08865,C0572,P029,2025-10-16,1
O08866,C1778,P035,2025-09-18,1
O08867,C1485,P033,2025-09-19,1
O08868,C1213,P030,2026-01-14,3
O08869,C1122,P079,2025-10-21,2
O08870,C1390,P012,2025-12-25,1
O08871,C1021,P051,2025-03-16,1
O08872,C0978,P075,2025-08-14,3
O08873,C1240,P022,2025-05-15,2
O08874,C0527,P057,2025-06-16,1
O08875,C1182,P097,2025-06-13,1
O08876,C0153,P021,2025-09-06,4
O08877,C0321,P030,2025-10-19,5
O08878,C1949,P049,2025-06-16,3
O08879,C0440,P091,2025-06-30,5
O08880,C0201,P076,2025-08-27,5
O08881,C0118,P093,2025-09-24,3
O08882,C1105,P042,2025-12-17,4
O08883,C0543,P071,2025-08-20,1
O08884,C0686,P074,2025-09-15,1
O08885,C1694,P088,2025-12-10,2
O08886,C1234,P009,2025-04-14,2
O08887,C1761,P006,2025-05-19,1
O08888,C1580,P021,2025-06-16,1
O08889,C1076,P064,2025-03-12,3
O08890,C1961,P046,2025-08-24,5
O08891,C1359,P012,2025-10-20,5
O08892,C1765,P024,2025-05-02,5
O08893,C1925,P024,2025-03-11,2
O08894,C0738,P008,2025-10-17,5
O08895,C1740,P062,2026-02-02,1
O08896,C1736,P048,2025-09-04,5
O08897,C1345,P065,2025-08-16,3
O08898,C1614,P065,2025-08-09,1
O08899,C0173,P005,2025-07-29,5
O08900,C0331,P006,2025-08-05,1
O08901,C1646,P028,2025-10-10,2
O08902,C0522,P095,2025-10-19,2
O08903,C1901,P021,2025-05-15,5
O08904,C0566,P021,2025-05-14,4
O08905,C1874,P018,2025-09-06,2
O08906,C0956,P058,2025-03-19,2
O08907,C1628,P001,2025-07-06,2
O08908,C0653,P053,2025-08-27,4
O08909,C1597,P018,2026-02-04,1
O08910,C0066,P085,2025-04-15,4
O08911,C0199,P030,2025-05-22,4
O08912,C0794,P014,2026-01-21,3
O08913,C1552,P086,2025-06-09,3
O08914,C1404,P044,2025-09-29,1
O08915,C1971,P064,2025-05-26,3
O08916,C1491,P008,2026-01-03,1
O08917,C0440,P005,2025-07-16,4
O08918,C0310,P038,2025-07-07,1
O08919,C1440,P049,2025-11-12,5
O08920,C1362,P052,2025-07-07,1
O08921,C0877,P043,2025-04-25,5
O08922,C1361,P083,2025-10-21,2
O08923,C1237,P022,2025-11-18,3
O08924,C0354,P042,2025-12-12,1
O08925,C1519,P007,2025-03-22,2
O08926,C0423,P028,2025-06-15,2
O08927,C0404,P060,2026-01-02,4
O08928,C1496,P065,2025-10-07,3
O08929,C0361,P093,2025-05-16,3
O08930,C0619,P027,2025-07-30,2
O08931,C0170,P098,2025-03-29,3
O08932,C1371,P018,2026-01-07,1
O08933,C1934,P093,2026-02-06,4
O08934,C0058,P009,2025-05-29,1
O08935,C1622,P020,2025-08-02,3
O08936,C0738,P026,2025-06-20,3
O08937,C0613,P032,2025-07-09,2
O08938,C0790,P059,2025-04-04,2
O08939,C0684,P047,2025-05-06,5
O08940,C0737,P070,2025-10-14,1
O08941,C0307,P014,2025-08-14,2
O08942,C1281,P042,2025-12-16,5
O08943,C1961,P013,2026-02-26,3
O08944,C0359,P091,2025-05-04,3
O08945,C0657,P054,2025-07-09,4
O08946,C1735,P066,2025-06-07,1
O08947,C1493,P006,2025-12-22,5
O08948,C1721,P007,2026-02-20,2
O08949,C1996,P057,2026-01-04,2
O08950,C1529,P034,2026-01-14,2
O08951,C0933,P074,2025-10-02,5
O08952,C1025,P058,2025-12-03,2
O08953,C0331,P012,2025-09-25,4
O08954,C0735,P041,2025-11-16,1
O08955,C0128,P014,2025-06-14,1
O08956,C0601,P092,2025-10-01,2
O08957,C1710,P034,2025-07-30,5
O08958,C0056,P001,2025-03-14,4
O08959,C0847,P078,2025-03-19,2
O08960,C1180,P084,2025-10-24,2
O08961,C1851,P099,2025-06-13,1
O08962,C0420,P046,2025-09-12,3
O08963,C0869,P022,2025-04-14,5
O08964,C1874,P031,2025-03-26,4
O08965,C1648,P035,2025-03-31,1
O08966,C0230,P035,2025-08-29,1
O08967,C1726,P042,2025-04-25,3
O08968,C1007,P013,2025-10-06,2
O08969,C0328,P044,2025-09-01,2
O08970,C0481,P075,2025-08-23,3
O08971,C1644,P043,2025-06-10,5
O08972,C0396,P044,2025-03-30,2
O08973,C0387,P028,2026-03-04,2
O08974,C1691,P089,2025-08-21,3
O08975,C0015,P020,2025-06-27,3
O08976,C1713,P094,2025-08-23,4
O08977,C1997,P096,2025-11-11,5
O08978,C1947,P046,2025-07-10,2
O08979,C1208,P038,2025-10-04,2
O08980,C1301,P002,2026-02-15,4
O08981,C1760,P041,2025-04-15,4
O08982,C1848,P056,2025-08-20,4
O08983,C0431,P078,2025-03-27,5
O08984,C0486,P006,2026-03-07,5
O08985,C1902,P064,2025-06-15,1
O08986,C1009,P048,2025-11-11,5
O08987,C0900,P071,2025-06-12,1
O08988,C0514,P050,2025-06-11,2
O08989,C0367,P006,2025-10-04,5
O08990,C1782,P037,2025-10-04,2
O08991,C1830,P048,2026-02-17,1
O08992,C1631,P057,2025-12-20,1
O08993,C0722,P020,2025-03-22,2
O08994,C1628,P053,2025-07-24,5
O08995,C1415,P029,2025-10-20,2
O08996,C1188,P070,2025-04-25,5
O08997,C0448,P022,2025-05-25,3
O08998,C1852,P052,2025-06-21,1
O08999,C1589,P015,2025-09-02,3
O09000,C0996,P089,2025-08-27,5
O09001,C1197,P073,2025-04-25,3
O09002,C0584,P080,2025-06-11,4
O09003,C0847,P021,2025-05-05,2
O09004,C1393,P032,2025-11-28,3
O09005,C1890,P038,2025-10-30,1
O09006,C1718,P069,2025-12-31,5
O09007,C0607,P063,2025-07-23,5
O09008,C0854,P015,2025-03-19,1
O09009,C0979,P029,2025-06-17,1
O09010,C0313,P067,2025-04-07,3
O09011,C0492,P026,2025-08-25,5
O09012,C1129,P067,2025-07-04,1
O09013,C0199,P008,2025-08-07,2
O09014,C1398,P083,2025-09-03,1
O09015,C0077,P087,2025-06-17,4
O09016,C1705,P008,2025-06-12,3
O09017,C1510,P065,2025-09-12,1
O09018,C1480,P075,2025-03-22,5
O09019,C0810,P071,2025-06-30,5
O09020,C0145,P089,2025-07-22,4
O09021,C1389,P035,2025-05-14,5
O09022,C1043,P056,2025-07-25,1
O09023,C1633,P042,2025-07-11,4
O09024,C0788,P080,2025-11-13,2
O09025,C1244,P051,2025-07-14,5
O09026,C0439,P003,2025-08-10,4
O09027,C0131,P076,2025-06-11,1
O09028,C0421,P072,2025-06-06,3
O09029,C1323,P042,2026-02-04,1
O09030,C0578,P081,2025-11-27,1
O09031,C0495,P028,2026-01-15,4
O09032,C0985,P050,2025-05-21,4
O09033,C0302,P047,2025-07-26,3
O09034,C0521,P021,2025-10-17,2
O09035,C1041,P056,2026-01-10,2
O09036,C0535,P047,2025-08-10,5
O09037,C0348,P069,2026-01-09,2
O09038,C0770,P013,2025-03-13,5
O09039,C0712,P095,2025-07-31,4
O09040,C1162,P074,2025-03-11,4
O09041,C0497,P054,2025-12-25,4
O09042,C0891,P030,2025-10-08,4
O09043,C0377,P022,2026-02-10,5
O09044,C0023,P077,2025-08-05,3
O09045,C1435,P096,2025-10-28,2
O09046,C0637,P059,2025-06-21,3
O09047,C0478,P099,2025-10-01,2
O09048,C0935,P096,2025-11-23,4
O09049,C0411,P066,2025-06-26,2
O09050,C0236,P024,2025-09-05,5
O09051,C1378,P074,2025-08-01,1
O09052,C0255,P091,2025-08-01,4
O09053,C1447,P062,2026-01-28,5
O09054,C1188,P025,2025-10-31,3
O09055,C1378,P011,2025-10-13,4
O09056,C0805,P081,2025-10-26,3
O09057,C1947,P036,2025-06-16,1
O09058,C1031,P023,2025-08-24,3
O09059,C1315,P070,2026-01-07,4
O09060,C1301,P011,2026-02-05,3
O09061,C0630,P029,2026-03-01,2
O09062,C1944,P008,2025-12-04,5
O09063,C1860,P077,2025-06-27,2
O09064,C1591,P051,2026-01-02,2
O09065,C1145,P091,2025-12-31,1
O09066,C1157,P032,2025-12-23,1
O09067,C1421,P074,2025-12-24,3
O09068,C1219,P085,2025-09-01,4
O09069,C1547,P035,2025-07-11,1
O09070,C0317,P016,2025-09-03,2
O09071,C1764,P080,2026-02-10,2
O09072,C0621,P024,2025-12-09,2
O09073,C0227,P020,2026-01-30,1
O09074,C1144,P026,2025-10-29,2
O09075,C0759,P018,2025-10-15,5
O09076,C0147,P020,2025-11-04,1
O09077,C0075,P053,2025-10-04,3
O09078,C1741,P037,2025-06-21,2
O09079,C0775,P054,2025-03-14,1
O09080,C1452,P042,2025-11-22,3
O09081,C0843,P028,2025-06-18,4
O09082,C0472,P005,2025-11-17,3
O09083,C1012,P018,2025-07-05,2
O09084,C0381,P031,2025-05-16,5
O09085,C0211,P053,2025-05-24,2
O09086,C1087,P085,2025-12-24,2
O09087,C0366,P058,2026-01-26,5
O09088,C0312,P004,2026-01-31,5
O09089,C1788,P046,2025-07-17,2
O09090,C1045,P025,2025-12-02,3
O09091,C0968,P071,2026-01-19,5
O09092,C0754,P032,2026-01-27,3
O09093,C0457,P089,2025-03-10,2
O09094,C1963,P060,2026-03-09,2
O09095,C1468,P014,2025-08-24,4
O09096,C0489,P035,2026-02-19,3
O09097,C1106,P025,2025-05-20,4
O09098,C0605,P075,2025-05-05,3
O09099,C0521,P043,2026-01-26,2
O09100,C1887,P036,2025-06-11,5
O09101,C1631,P086,2025-12-19,4
O09102,C0415,P069,2026-02-27,2
O09103,C1761,P017,2026-01-22,1
O09104,C0738,P098,2025-11-07,1
O09105,C0736,P021,2026-01-18,3
O09106,C0406,P059,2026-02-13,1
O09107,C0741,P040,2025-12-20,4
O09108,C0901,P097,2025-05-31,3
O09109,C0522,P044,2025-05-19,2
O09110,C1515,P096,2025-04-06,4
O09111,C1328,P085,2025-11-04,1
O09112,C0470,P087,2025-11-03,1
O09113,C0195,P026,2025-03-17,2
O09114,C1421,P011,2025-12-22,5
O09115,C1894,P010,2026-03-07,3
O09116,C0957,P091,2025-05-16,3
O09117,C1035,P099,2025-09-09,5
O09118,C0201,P051,2025-05-20,2
O09119,C1570,P099,2025-06-14,2
O09120,C1778,P091,2025-10-28,3
O09121,C0427,P052,2025-06-24,5
O09122,C0360,P075,2025-12-27,3
O09123,C0337,P061,2026-01-23,2
O09124,C0582,P038,2025-11-19,4
O09125,C1976,P091,2025-12-24,4
O09126,C1416,P053,2025-12-23,4
O09127,C0155,P092,2025-07-29,1
O09128,C0861,P058,2025-11-21,5
O09129,C1206,P040,2025-05-08,5
O09130,C0819,P044,2025-06-16,4
O09131,C1703,P076,2025-08-19,4
O09132,C1676,P038,2026-01-30,4
O09133,C1702,P071,2025-07-19,1
O09134,C1198,P008,2025-11-01,2
O09135,C0567,P018,2025-08-20,4
O09136,C1421,P011,2025-11-28,2
O09137,C1566,P062,2025-07-15,1
O09138,C1655,P014,2025-10-24,2
O09139,C0020,P056,2025-03-09,5
O09140,C1412,P057,2025-09-17,4
O09141,C1081,P096,2025-08-14,5
O09142,C1004,P100,2025-09-18,1
O09143,C1892,P011,2025-07-21,2
O09144,C1402,P051,2025-09-14,3
O09145,C1799,P079,2025-09-26,2
O09146,C0224,P048,2025-09-23,1
O09147,C0529,P091,2025-10-25,5
O09148,C0178,P071,2025-05-30,5
O09149,C0964,P099,2025-12-03,4
O09150,C0784,P084,2025-06-12,5
O09151,C1765,P086,2025-11-30,3
O09152,C1720,P064,2025-11-01,4
O09153,C0024,P085,2026-01-16,3
O09154,C0111,P049,2025-11-05,4
O09155,C0749,P003,2025-06-05,5
O09156,C0574,P022,2025-08-10,5
O09157,C1471,P069,2025-04-04,2
O09158,C0916,P066,2025-06-30,2
O09159,C0463,P042,2025-10-02,2
O09160,C1372,P096,2025-05-31,5
O09161,C0776,P077,2025-08-15,5
O09162,C0686,P065,2026-01-08,2
O09163,C1342,P016,2025-12-03,2
O09164,C0084,P094,2025-09-27,1
O09165,C1239,P064,2025-07-20,3
O09166,C1673,P041,2026-01-22,5
O09167,C1436,P030,2025-06-20,3
O09168,C0658,P071,2025-12-09,2
O09169,C0059,P033,2025-11-28,5
O09170,C0845,P027,2025-06-24,5
O09171,C1222,P049,2025-08-13,1
O09172,C1983,P035,2025-04-06,4
O09173,C1361,P060,2025-12-21,1
O09174,C0625,P038,2025-12-05,5
O09175,C0414,P064,2025-07-04,5
O09176,C0920,P005,2025-09-29,4
O09177,C0746,P085,2025-06-23,4
O09178,C0058,P099,2025-06-01,5
O09179,C1368,P021,2025-09-29,3
O09180,C0883,P025,2026-02-22,5
O09181,C0899,P012,2025-09-20,2
O09182,C1332,P044,2025-06-14,5
O09183,C0407,P092,2025-07-11,4
O09184,C0755,P025,2026-01-06,5
O09185,C0192,P100,2026-01-16,4
O09186,C0466,P022,2025-04-15,1
O09187,C0871,P063,2025-07-16,2
O09188,C1937,P092,2026-01-02,4
O09189,C1379,P090,2026-01-20,4
O09190,C1901,P028,2026-02-11,1
O09191,C1859,P088,2025-06-29,2
O09192,C0160,P050,2025-04-14,1
O09193,C0155,P048,2025-11-14,2
O09194,C0639,P072,2025-12-26,4
O09195,C0421,P013,2025-07-21,5
O09196,C1919,P070,2025-08-25,2
O09197,C0327,P096,2025-09-11,5
O09198,C0887,P046,2025-10-14,5
O09199,C1829,P081,2025-06-22,5
O09200,C1074,P015,2025-10-08,2
O09201,C1142,P018,2025-07-24,1
O09202,C1799,P074,2026-01-06,5
O09203,C1572,P008,2025-06-20,1
O09204,C0436,P062,2025-09-19,2
O09205,C0981,P023,2025-08-13,1
O09206,C1525,P071,2025-04-13,3
O09207,C0303,P063,2025-12-22,5
O09208,C1799,P009,2025-07-23,4
O09209,C0213,P079,2025-12-20,2
O09210,C1836,P022,2025-08-29,2
O09211,C1575,P091,2026-01-29,1
O09212,C0482,P067,2025-10-10,2
O09213,C1662,P053,2025-06-16,4
O09214,C1308,P026,2025-11-04,1
O09215,C0469,P053,2025-03-19,3
O09216,C1638,P004,2025-10-15,3
O09217,C0087,P093,2025-04-12,3
O09218,C0394,P046,2025-03-26,1
O09219,C1929,P001,2025-11-21,2
O09220,C1043,P066,2025-11-30,1
O09221,C0864,P052,2025-04-29,1
O09222,C0497,P062,2025-07-24,3
O09223,C0845,P015,2026-02-06,5
O09224,C1011,P046,2026-03-09,2
O09225,C1407,P077,2025-07-29,1
O09226,C0373,P079,2025-07-08,2
O09227,C0391,P093,2026-02-01,5
O09228,C0597,P066,2026-02-17,2
O09229,C1346,P037,2025-07-20,1
O09230,C1710,P093,2025-05-11,3
O09231,C1684,P015,2025-12-22,4
O09232,C1097,P020,2025-04-21,2
O09233,C0273,P047,2025-12-09,5
O09234,C0387,P009,2025-07-02,1
O09235,C0971,P072,2026-02-24,4
O09236,C1083,P035,2025-03-26,2
O09237,C1541,P056,2025-12-09,3
O09238,C0294,P022,2026-02-13,2
O09239,C1504,P003,2025-04-09,1
O09240,C0029,P088,2025-08-27,1
O09241,C1586,P080,2025-09-21,5
O09242,C0666,P014,2025-05-17,2
O09243,C1624,P047,2025-08-11,2
O09244,C1941,P073,2025-03-16,2
O09245,C0773,P080,2026-01-18,5
O09246,C0074,P099,2026-02-10,2
O09247,C1255,P050,2025-08-25,1
O09248,C1731,P078,2025-03-16,4
O09249,C0004,P030,2026-01-03,1
O09250,C0564,P080,2025-11-15,1
O09251,C0865,P024,2025-03-22,4
O09252,C0916,P052,2025-11-26,4
O09253,C1047,P008,2026-01-03,5
O09254,C0760,P079,2025-08-15,4
O09255,C1046,P009,2025-12-14,2
O09256,C0887,P039,2026-02-17,3
O09257,C1398,P003,2025-11-06,4
O09258,C1643,P046,2025-05-14,1
O09259,C1786,P091,2025-10-24,5
O09260,C1429,P046,2025-05-19,3
O09261,C1562,P087,2025-05-24,1
O09262,C1884,P027,2025-06-11,1
O09263,C0318,P100,2025-08-21,5
O09264,C1920,P088,2025-12-10,3
O09265,C0484,P056,2025-04-16,3
O09266,C1332,P075,2026-02-19,2
O09267,C1023,P089,2026-02-17,2
O09268,C1362,P032,2025-12-31,5
O09269,C0866,P033,2025-08-03,4
O09270,C1553,P030,2025-12-11,1
O09271,C0704,P014,2025-07-09,5
O09272,C0505,P061,2025-11-14,1
O09273,C1028,P034,2025-05-30,2
O09274,C1699,P059,2025-04-03,5
O09275,C0463,P041,2025-12-09,4
O09276,C1482,P030,2026-01-02,3
O09277,C1823,P084,2025-04-26,5
O09278,C0336,P047,2026-03-01,5
O09279,C1213,P084,2025-05-14,5
O09280,C0978,P069,2025-03-31,1
O09281,C0430,P069,2025-10-16,4
O09282,C0124,P085,2025-05-13,1
O09283,C1514,P069,2025-11-07,4
O09284,C0081,P097,2025-08-14,3
O09285,C0115,P038,2025-07-27,2
O09286,C0287,P030,2025-11-04,1
O09287,C0800,P045,2025-07-26,4
O09288,C0959,P064,2025-06-30,3
O09289,C0522,P005,2026-02-12,3
O09290,C0580,P030,2025-04-08,5
O09291,C0482,P085,2025-08-10,4
O09292,C0068,P072,2026-01-25,5
O09293,C1102,P038,2026-02-06,4
O09294,C0836,P063,2025-12-02,2
O09295,C0823,P025,2025-04-09,3
O09296,C0974,P008,2026-01-22,5
O09297,C0311,P051,2025-03-15,4
O09298,C1684,P061,2025-08-11,5
O09299,C1408,P026,2026-01-14,1
O09300,C1443,P001,2025-04-29,3
O09301,C0174,P009,2025-05-25,3
O09302,C0084,P047,2025-12-13,5
O09303,C1412,P098,2025-09-25,1
O09304,C1483,P049,2025-07-27,1
O09305,C1674,P022,2025-05-16,1
O09306,C0235,P073,2025-06-05,4
O09307,C1291,P022,2025-05-29,2
O09308,C0428,P017,2025-09-24,3
O09309,C0892,P062,2025-09-20,2
O09310,C0603,P045,2025-11-18,1
O09311,C1938,P053,2025-08-02,2
O09312,C1054,P079,2025-05-30,3
O09313,C1311,P044,2025-04-08,4
O09314,C1778,P074,2026-03-08,3
O09315,C0234,P091,2025-06-18,5
O09316,C1267,P058,2025-07-21,5
O09317,C0914,P050,2025-07-26,1
O09318,C0529,P094,2025-07-07,3
O09319,C1170,P089,2026-02-20,2
O09320,C0463,P080,2025-03-29,2
O09321,C0278,P063,2025-10-11,1
O09322,C1103,P046,2025-04-06,5
O09323,C1159,P003,2025-08-19,5
O09324,C1901,P027,2026-03-06,1
O09325,C1745,P035,2025-07-03,1
O09326,C1879,P064,2025-04-11,1
O09327,C0437,P016,2025-05-26,2
O09328,C1100,P044,2025-11-24,2
O09329,C1375,P024,2025-03-20,5
O09330,C0531,P085,2026-01-21,2
O09331,C1665,P059,2025-11-13,4
O09332,C0662,P087,2025-10-29,2
O09333,C1352,P100,2025-09-17,2
O09334,C1761,P013,2025-08-12,2
O09335,C1050,P058,2025-05-17,4
O09336,C1263,P097,2025-07-02,5
O09337,C1039,P074,2025-11-30,3
O09338,C1446,P067,2025-06-19,1
O09339,C0780,P071,2025-03-21,4
O09340,C0446,P066,2025-08-09,3
O09341,C0245,P001,2025-12-05,3
O09342,C1968,P041,2025-06-12,5
O09343,C0541,P069,2025-04-20,1
O09344,C0670,P099,2025-04-21,4
O09345,C0581,P081,2025-07-07,5
O09346,C0071,P072,2025-04-25,2
O09347,C0060,P014,2025-04-21,3
O09348,C0303,P033,2025-12-23,3
O09349,C1614,P015,2025-12-30,5
O09350,C0259,P049,2025-04-26,3
O09351,C0860,P086,2025-11-06,5
O09352,C1841,P033,2025-03-10,1
O09353,C1472,P085,2025-07-14,1
O09354,C1667,P019,2026-01-12,3
O09355,C0818,P070,2026-01-18,3
O09356,C0630,P092,2026-02-15,3
O09357,C1227,P059,2025-11-02,2
O09358,C0116,P097,2025-06-27,5
O09359,C0876,P053,2025-09-11,1
O09360,C1221,P068,2025-10-21,2
O09361,C0262,P058,2025-04-16,4
O09362,C0861,P076,2025-10-29,2
O09363,C0774,P052,2025-04-15,5
O09364,C1296,P058,2025-10-29,2
O09365,C0144,P043,2025-12-23,3
O09366,C1497,P073,2026-01-22,3
O09367,C0027,P083,2025-07-23,1
O09368,C1952,P005,2025-03-16,3
O09369,C0403,P078,2025-07-05,1
O09370,C0615,P056,2026-02-14,5
O09371,C1227,P089,2026-02-15,4
O09372,C0789,P019,2025-11-22,2
O09373,C0787,P042,2025-10-31,4
O09374,C1195,P051,2026-03-09,1
O09375,C1442,P066,2026-01-17,1
O09376,C0223,P023,2025-05-24,4
O09377,C1111,P028,2025-06-01,5
O09378,C0061,P077,2025-10-02,4
O09379,C1279,P036,2025-06-02,1
O09380,C1410,P028,2025-08-14,2
O09381,C0172,P081,2026-02-22,1
O09382,C1318,P091,2025-08-18,4
O09383,C0127,P066,2025-09-11,1
O09384,C1903,P073,2025-12-06,5
O09385,C1768,P072,2026-01-21,2
O09386,C1876,P002,2025-08-17,1
O09387,C0321,P003,2025-08-28,3
O09388,C0620,P027,2025-06-18,2
O09389,C0691,P078,2025-04-27,1
O09390,C0579,P052,2025-12-13,5
O09391,C1315,P008,2025-11-04,5
O09392,C0368,P059,2025-05-07,3
O09393,C1631,P057,2025-03-21,2
O09394,C1975,P083,2025-12-25,4
O09395,C1022,P025,2025-04-24,1
O09396,C0757,P076,2025-09-12,2
O09397,C0656,P035,2025-08-31,3
O09398,C0086,P001,2026-03-07,3
O09399,C0610,P049,2025-10-01,2
O09400,C0813,P053,2025-06-05,2
O09401,C0317,P013,2026-02-09,5
O09402,C0726,P002,2025-03-29,3
O09403,C1823,P068,2025-10-19,1
O09404,C0494,P098,2025-10-10,2
O09405,C0205,P022,2026-02-28,4
O09406,C0977,P059,2025-10-29,4
O09407,C1733,P080,2025-04-06,3
O09408,C1076,P006,2025-10-22,2
O09409,C0445,P062,2025-04-20,5
O09410,C1954,P077,2025-05-22,3
O09411,C1268,P047,2025-09-07,4
O09412,C1196,P048,2025-07-11,2
O09413,C0226,P057,2025-06-30,3
O09414,C1548,P096,2025-08-27,2
O09415,C1874,P082,2026-02-10,2
O09416,C0508,P081,2025-09-22,3
O09417,C0259,P074,2025-11-19,2
O09418,C0868,P080,2026-01-21,4
O09419,C0888,P050,2025-10-23,2
O09420,C1594,P068,2025-07-24,4
O09421,C0794,P049,2026-03-07,1
O09422,C0391,P052,2026-01-12,3
O09423,C1385,P060,2025-06-19,4
O09424,C0684,P039,2025-03-15,5
O09425,C0695,P008,2025-12-13,5
O09426,C0821,P011,2025-10-29,3
O09427,C0930,P037,2025-05-06,4
O09428,C1270,P017,2025-12-18,4
O09429,C1715,P015,2026-02-12,3
O09430,C0961,P051,2025-09-22,4
O09431,C1500,P024,2025-04-27,1
O09432,C0503,P003,2025-12-29,4
O09433,C1623,P092,2025-03-13,5
O09434,C0256,P091,2025-12-25,1
O09435,C1174,P092,2026-02-20,3
O09436,C0492,P073,2025-05-19,2
O09437,C1203,P091,2026-01-05,4
O09438,C0002,P036,2025-03-23,5
O09439,C0728,P024,2025-03-20,4
O09440,C1194,P040,2025-06-15,2
O09441,C1785,P032,2025-11-12,5
O09442,C0428,P050,2025-11-01,2
O09443,C1134,P088,2025-06-25,3
O09444,C0195,P062,2025-05-27,1
O09445,C1409,P058,2025-07-03,1
O09446,C1660,P046,2025-11-01,4
O09447,C1624,P089,2025-07-01,1
O09448,C1724,P003,2025-09-12,5
O09449,C0369,P071,2025-11-26,3
O09450,C0734,P023,2026-01-02,2
O09451,C1132,P043,2025-11-30,3
O09452,C1257,P030,2026-02-28,2
O09453,C0177,P007,2025-05-28,3
O09454,C1013,P079,2025-11-19,3
O09455,C1582,P080,2025-07-13,5
O09456,C0263,P039,2025-09-27,1
O09457,C1782,P065,2025-06-03,5
O09458,C0083,P018,2026-01-25,4
O09459,C1085,P092,2025-05-07,4
O09460,C0661,P015,2025-09-21,3
O09461,C1626,P042,2025-10-31,2
O09462,C1395,P017,2025-08-17,2
O09463,C1887,P029,2025-09-11,5
O09464,C1868,P004,2026-01-15,1
O09465,C1796,P086,2026-03-06,3
O09466,C0106,P090,2025-09-20,5
O09467,C1453,P045,2025-03-28,1
O09468,C0785,P070,2026-01-18,5
O09469,C0149,P011,2025-07-08,3
O09470,C0680,P066,2026-01-14,5
O09471,C0558,P029,2025-10-21,5
O09472,C1673,P083,2025-11-30,5
O09473,C0049,P051,2026-02-08,1
O09474,C0862,P096,2025-08-08,3
O09475,C0472,P019,2025-11-05,1
O09476,C0766,P064,2025-11-05,2
O09477,C1546,P003,2025-08-22,3
O09478,C0136,P027,2025-10-31,2
O09479,C0490,P077,2025-06-08,5
O09480,C0125,P070,2025-07-22,4
O09481,C0409,P047,2025-12-08,3
O09482,C0625,P050,2025-07-14,5
O09483,C1810,P016,2025-05-21,1
O09484,C1303,P077,2025-05-18,2
O09485,C1472,P040,2025-05-26,3
O09486,C1237,P056,2026-01-15,1
O09487,C0024,P003,2025-08-15,1
O09488,C0503,P049,2025-04-23,5
O09489,C1001,P097,2025-07-27,3
O09490,C0236,P007,2025-04-24,3
O09491,C0166,P031,2025-05-09,3
O09492,C1284,P038,2025-03-25,5
O09493,C0996,P099,2025-10-30,1
O09494,C0487,P080,2025-07-02,2
O09495,C0618,P064,2025-06-21,2
O09496,C1584,P012,2025-12-02,5
O09497,C1708,P031,2025-06-09,3
O09498,C0766,P008,2025-08-04,5
O09499,C1071,P089,2025-11-27,5
O09500,C1628,P031,2026-01-28,3
O09501,C1963,P066,2026-01-04,4
O09502,C0941,P005,2025-10-20,1
O09503,C1113,P086,2025-06-22,5
O09504,C0628,P036,2025-05-24,5
O09505,C1791,P095,2025-06-17,2
O09506,C1742,P059,2025-10-17,4
O09507,C1568,P013,2025-07-16,3
O09508,C0102,P099,2025-05-11,4
O09509,C0150,P099,2025-12-05,1
O09510,C1545,P084,2026-03-08,5
O09511,C0188,P044,2025-07-15,4
O09512,C0423,P072,2025-11-03,2
O09513,C1210,P013,2025-07-16,3
O09514,C0529,P025,2025-11-09,2
O09515,C1981,P011,2025-05-23,5
O09516,C1620,P041,2025-12-26,2
O09517,C1579,P006,2026-02-26,1
O09518,C0244,P059,2025-09-26,3
O09519,C0899,P057,2025-07-12,3
O09520,C0130,P035,2025-08-02,4
O09521,C1364,P056,2026-02-23,4
O09522,C0658,P055,2026-03-07,4
O09523,C1054,P033,2025-10-07,5
O09524,C1068,P091,2025-08-19,2
O09525,C0313,P058,2025-11-02,3
O09526,C1747,P004,2025-12-15,2
O09527,C0328,P009,2025-11-23,1
O09528,C1692,P075,2025-03-24,1
O09529,C1479,P093,2025-12-05,4
O09530,C1166,P073,2025-03-26,2
O09531,C1190,P089,2025-10-31,1
O09532,C0589,P009,2025-08-09,5
O09533,C1303,P067,2025-06-29,1
O09534,C0512,P053,2025-03-12,5
O09535,C0100,P080,2026-01-26,4
O09536,C0523,P090,2025-03-17,3
O09537,C1226,P032,2025-10-03,1
O09538,C1045,P016,2026-01-09,5
O09539,C1654,P081,2025-12-26,4
O09540,C1740,P050,2025-11-03,5
O09541,C0396,P027,2025-09-09,4
O09542,C0389,P096,2025-12-12,3
O09543,C1334,P045,2025-07-20,2
O09544,C1315,P091,2025-04-01,2
O09545,C0098,P055,2026-01-13,2
O09546,C1379,P040,2026-02-02,4
O09547,C1807,P100,2025-08-17,1
O09548,C1333,P081,2026-02-05,1
O09549,C0882,P055,2025-11-24,4
O09550,C0981,P079,2025-12-19,4
O09551,C0493,P097,2025-06-15,3
O09552,C0405,P050,2025-03-19,4
O09553,C0071,P091,2025-11-06,2
O09554,C1625,P055,2026-01-27,4
O09555,C0582,P051,2025-10-21,4
O09556,C0383,P036,2025-03-10,3
O09557,C0854,P037,2026-02-26,4
O09558,C0018,P043,2025-07-31,5
O09559,C0802,P083,2026-02-07,2
O09560,C0318,P072,2025-06-30,5
O09561,C1841,P069,2025-08-21,2
O09562,C1252,P049,2026-03-04,3
O09563,C0187,P001,2025-09-19,4
O09564,C0153,P100,2025-10-01,1
O09565,C0606,P086,2025-12-06,1
O09566,C1963,P031,2025-05-11,4
O09567,C1949,P094,2026-01-01,3
O09568,C0973,P018,2026-01-05,5
O09569,C1844,P091,2026-02-22,4
O09570,C0102,P050,2026-01-20,3
O09571,C0167,P019,2026-02-15,3
O09572,C1222,P033,2025-12-31,4
O09573,C1879,P035,2026-01-07,3
O09574,C1967,P095,2025-11-25,3
O09575,C1808,P072,2025-03-29,3
O09576,C1939,P041,2025-10-02,4
O09577,C1803,P020,2025-09-04,4
O09578,C0390,P064,2025-10-31,2
O09579,C0857,P044,2026-02-09,4
O09580,C1281,P061,2026-01-29,5
O09581,C1371,P032,2025-08-18,3
O09582,C1628,P049,2026-01-13,2
O09583,C1565,P081,2025-06-13,4
O09584,C0678,P044,2026-02-16,3
O09585,C1459,P098,2025-09-21,2
O09586,C1740,P012,2025-04-11,4
O09587,C1224,P034,2025-04-15,2
O09588,C0727,P090,2026-02-20,5
O09589,C0086,P033,2025-05-13,3
O09590,C0108,P032,2025-09-02,3
O09591,C0985,P051,2026-01-06,1
O09592,C1346,P052,2025-05-02,2
O09593,C0214,P041,2026-02-27,3
O09594,C1594,P011,2025-05-15,5
O09595,C1599,P074,2026-03-08,4
O09596,C0024,P099,2025-10-24,3
O09597,C0963,P042,2025-04-04,2
O09598,C1398,P010,2025-10-13,4
O09599,C1258,P064,2025-10-20,4
O09600,C0139,P071,2025-10-23,1
O09601,C1635,P075,2025-05-24,4
O09602,C1601,P064,2025-04-05,4
O09603,C1306,P058,2025-11-18,1
O09604,C0974,P039,2025-06-04,4
O09605,C0298,P059,2026-01-17,5
O09606,C1518,P073,2025-12-10,2
O09607,C0873,P025,2025-04-11,1
O09608,C1093,P081,2025-12-31,4
O09609,C0844,P058,2025-07-23,2
O09610,C0379,P058,2025-10-15,3
O09611,C0297,P013,2025-04-15,5
O09612,C0492,P008,2025-08-21,4
O09613,C1468,P083,2025-04-19,4
O09614,C1071,P036,2026-01-26,4
O09615,C0057,P088,2025-04-05,5
O09616,C0735,P070,2025-10-04,4
O09617,C1826,P029,2026-02-24,5
O09618,C0106,P037,2025-11-09,2
O09619,C0947,P049,2025-07-29,1
O09620,C0643,P058,2026-02-16,3
O09621,C0530,P088,2026-03-04,4
O09622,C0915,P076,2025-10-08,2
O09623,C1046,P030,2025-04-04,4
O09624,C0897,P083,2025-07-16,1
O09625,C1024,P020,2025-10-24,1
O09626,C1486,P066,2026-01-19,2
O09627,C0756,P043,2025-07-10,2
O09628,C0799,P019,2026-01-15,1
O09629,C0416,P048,2025-06-24,2
O09630,C0445,P030,2025-12-24,1
O09631,C0979,P095,2025-06-22,5
O09632,C0976,P056,2025-11-03,2
O09633,C0034,P028,2025-03-13,1
O09634,C0853,P081,2025-06-25,2
O09635,C1798,P005,2025-04-07,2
O09636,C0790,P084,2026-01-05,3
O09637,C1503,P077,2025-08-24,4
O09638,C0102,P066,2025-12-11,3
O09639,C1631,P027,2025-06-15,2
O09640,C0570,P083,2025-11-03,5
O09641,C1598,P052,2025-09-23,1
O09642,C1583,P078,2025-04-17,4
O09643,C1826,P002,2025-08-14,3
O09644,C0744,P032,2025-08-19,1
O09645,C0833,P014,2025-04-30,4
O09646,C0611,P064,2025-10-13,2
O09647,C0668,P053,2025-12-18,4
O09648,C1239,P085,2025-10-12,3
O09649,C1052,P010,2025-03-26,2
O09650,C0663,P047,2025-12-27,4
O09651,C0219,P010,2025-06-07,2
O09652,C0164,P049,2025-09-17,1
O09653,C1894,P077,2026-02-14,1
O09654,C1371,P021,2025-09-18,4
O09655,C0217,P003,2025-05-16,3
O09656,C0200,P037,2025-05-26,5
O09657,C0464,P079,2025-11-09,5
O09658,C1342,P019,2026-01-24,5
O09659,C1784,P060,2025-11-25,3
O09660,C0526,P027,2025-12-01,2
O09661,C0700,P023,2025-05-22,4
O09662,C1983,P087,2025-11-28,2
O09663,C0123,P023,2026-02-20,3
O09664,C0360,P090,2025-11-14,3
O09665,C0915,P087,2025-10-10,5
O09666,C1595,P007,2025-12-30,4
O09667,C0469,P025,2025-08-31,5
O09668,C0732,P084,2026-01-03,1
O09669,C0309,P018,2025-08-31,5
O09670,C0993,P051,2025-11-21,3
O09671,C0728,P004,2025-06-28,3
O09672,C1571,P020,2025-04-14,3
O09673,C0567,P071,2026-03-08,4
O09674,C0058,P057,2026-02-09,2
O09675,C0224,P095,2025-08-15,4
O09676,C1664,P052,2025-04-24,1
O09677,C1869,P088,2025-08-13,2
O09678,C1425,P070,2025-04-23,3
O09679,C1776,P045,2025-03-10,5
O09680,C1872,P050,2025-06-16,3
O09681,C0030,P099,2026-02-09,2
O09682,C0863,P067,2025-04-14,5
O09683,C0494,P084,2025-07-05,5
O09684,C0148,P038,2025-03-23,4
O09685,C0120,P057,2026-02-24,2
O09686,C1803,P095,2025-09-25,2
O09687,C0950,P012,2026-02-16,3
O09688,C1936,P083,2025-05-10,1
O09689,C1655,P079,2025-06-04,3
O09690,C0250,P079,2025-08-18,4
O09691,C1164,P051,2025-11-22,4
O09692,C1851,P062,2025-10-13,1
O09693,C1488,P068,2025-11-23,3
O09694,C0194,P036,2025-12-09,4
O09695,C0146,P063,2025-10-11,4
O09696,C1074,P002,2025-05-15,3
O09697,C1520,P040,2025-10-01,4
O09698,C0665,P057,2025-06-08,2
O09699,C0418,P044,2026-01-26,4
O09700,C1866,P099,2025-12-16,3
O09701,C0481,P029,2026-01-01,1
O09702,C1152,P036,2025-10-07,1
O09703,C1426,P068,2026-01-15,4
O09704,C1211,P040,2025-09-25,5
O09705,C0393,P082,2025-06-20,5
O09706,C0779,P012,2025-08-22,4
O09707,C1837,P057,2026-01-05,4
O09708,C0502,P027,2025-05-13,3
O09709,C1990,P011,2026-01-10,5
O09710,C1643,P025,2025-06-22,1
O09711,C0995,P011,2025-03-22,3
O09712,C1985,P033,2025-12-12,2
O09713,C1663,P033,2025-05-17,3
O09714,C0111,P095,2025-05-21,5
O09715,C1615,P087,2025-08-20,5
O09716,C1141,P067,2025-11-30,1
O09717,C0634,P068,2025-12-07,3
O09718,C0718,P048,2025-10-19,2
O09719,C1088,P042,2026-03-01,1
O09720,C1758,P058,2025-06-02,3
O09721,C0129,P001,2025-07-01,3
O09722,C1497,P001,2025-05-27,2
O09723,C1119,P017,2025-07-17,5
O09724,C1909,P068,2026-01-22,3
O09725,C0486,P055,2025-10-11,1
O09726,C1753,P039,2026-02-05,4
O09727,C1657,P034,2025-09-09,1
O09728,C1553,P041,2025-03-16,4
O09729,C0940,P016,2025-08-28,4
O09730,C1457,P076,2025-08-16,3
O09731,C1402,P040,2025-08-11,2
O09732,C0330,P022,2025-12-04,2
O09733,C0947,P049,2025-08-14,3
O09734,C0758,P011,2025-10-28,1
O09735,C1466,P003,2025-10-21,2
O09736,C1526,P057,2026-02-20,1
O09737,C1333,P082,2025-08-22,4
O09738,C1575,P095,2025-05-04,3
O09739,C0564,P031,2025-06-23,2
O09740,C0625,P078,2025-03-31,4
O09741,C1751,P096,2025-11-20,4
O09742,C1290,P015,2025-10-04,4
O09743,C0741,P060,2025-09-28,5
O09744,C0151,P059,2026-03-03,1
O09745,C1662,P098,2026-01-21,5
O09746,C1650,P031,2025-12-30,4
O09747,C1268,P027,2025-05-26,3
O09748,C0160,P077,2025-09-22,3
O09749,C0441,P079,2025-03-09,1
O09750,C0410,P085,2025-08-16,3
O09751,C0078,P030,2026-01-29,3
O09752,C1013,P066,2025-10-27,2
O09753,C1970,P070,2025-08-09,1
O09754,C0426,P031,2026-01-28,5
O09755,C1881,P036,2025-06-15,4
O09756,C0188,P027,2025-05-23,1
O09757,C0307,P085,2026-01-23,1
O09758,C1374,P026,2025-04-28,3
O09759,C1778,P023,2025-08-13,2
O09760,C0663,P063,2025-08-28,5
O09761,C1271,P011,2025-10-31,5
O09762,C0696,P012,2025-08-26,2
O09763,C1030,P057,2026-03-03,4
O09764,C0241,P020,2025-08-29,4
O09765,C1039,P053,2026-01-17,1
O09766,C1752,P064,2026-01-30,3
O09767,C0387,P033,2025-09-24,3
O09768,C1221,P080,2025-08-14,3
O09769,C0716,P097,2025-07-23,3
O09770,C1835,P053,2025-10-23,3
O09771,C1293,P007,2026-02-24,5
O09772,C0668,P054,2025-05-28,5
O09773,C1684,P076,2025-08-21,1
O09774,C0272,P093,2025-07-13,4
O09775,C0309,P001,2025-12-12,4
O09776,C1460,P034,2026-02-19,3
O09777,C1079,P018,2026-02-24,5
O09778,C1985,P084,2025-12-04,2
O09779,C0023,P022,2025-06-21,2
O09780,C0489,P063,2025-07-31,3
O09781,C1389,P012,2025-07-10,1
O09782,C1832,P057,2025-10-28,3
O09783,C0628,P048,2025-08-08,4
O09784,C0339,P071,2025-10-27,5
O09785,C1881,P007,2025-10-02,1
O09786,C0769,P037,2025-07-27,4
O09787,C1444,P013,2025-05-06,2
O09788,C1069,P015,2025-06-04,3
O09789,C0063,P008,2025-09-08,4
O09790,C0992,P094,2025-12-12,5
O09791,C0164,P022,2025-04-16,3
O09792,C1757,P080,2025-05-28,5
O09793,C0294,P064,2026-01-10,2
O09794,C1984,P005,2025-07-31,2
O09795,C1653,P073,2025-04-24,2
O09796,C0402,P033,2025-12-16,3
O09797,C1663,P055,2026-02-10,3
O09798,C1269,P034,2025-08-05,5
O09799,C0224,P056,2026-01-22,3
O09800,C0145,P077,2025-10-21,5
O09801,C0916,P025,2026-01-24,5
O09802,C0421,P059,2025-05-12,4
O09803,C0279,P016,2025-03-31,4
O09804,C1517,P024,2026-02-09,2
O09805,C1725,P066,2025-12-08,5
O09806,C0984,P063,2025-05-24,3
O09807,C0207,P093,2025-07-01,3
O09808,C0902,P058,2025-03-22,2
O09809,C0611,P023,2025-08-25,5
O09810,C0457,P021,2025-10-05,2
O09811,C0991,P086,2025-06-28,2
O09812,C0380,P082,2025-08-04,1
O09813,C0563,P065,2026-01-20,1
O09814,C0710,P005,2025-12-06,2
O09815,C1787,P011,2025-08-26,2
O09816,C0343,P100,2025-03-14,1
O09817,C0675,P032,2025-11-24,5
O09818,C1945,P067,2025-08-20,3
O09819,C1194,P040,2025-12-28,5
O09820,C0593,P023,2025-06-12,2
O09821,C1902,P013,2025-10-08,4
O09822,C0544,P032,2025-11-03,1
O09823,C1113,P091,2025-12-05,4
O09824,C1882,P014,2025-08-24,1
O09825,C1930,P089,2025-11-18,3
O09826,C1577,P084,2025-11-22,5
O09827,C0520,P016,2025-10-19,2
O09828,C1114,P014,2025-07-18,2
O09829,C0579,P071,2025-11-25,3
O09830,C0546,P064,2025-08-18,3
O09831,C0469,P087,2025-05-19,5
O09832,C0191,P093,2025-05-17,4
O09833,C0275,P029,2025-10-19,1
O09834,C1890,P072,2025-04-25,3
O09835,C1169,P065,2025-04-10,5
O09836,C1575,P068,2025-09-25,2
O09837,C0965,P085,2026-01-01,5
O09838,C1621,P077,2026-02-15,2
O09839,C1612,P014,2026-02-28,5
O09840,C1585,P078,2026-01-02,1
O09841,C0306,P069,2026-03-07,2
O09842,C1210,P027,2026-02-15,2
O09843,C0800,P020,2025-09-09,5
O09844,C1681,P079,2025-10-28,3
O09845,C1585,P046,2025-12-03,3
O09846,C0224,P040,2025-07-25,2
O09847,C1179,P053,2026-01-31,3
O09848,C1984,P034,2025-03-13,3
O09849,C1510,P012,2025-11-08,5
O09850,C1637,P012,2025-04-30,5
O09851,C1033,P036,2025-08-13,4
O09852,C1593,P033,2025-06-08,4
O09853,C0770,P022,2026-02-23,3
O09854,C0799,P080,2025-11-04,3
O09855,C1237,P013,2025-12-15,5
O09856,C0404,P061,2026-01-27,4
O09857,C1642,P059,2025-06-27,4
O09858,C0988,P083,2025-06-06,5
O09859,C1712,P038,2025-10-16,2
O09860,C0499,P046,2026-03-02,3
O09861,C0585,P018,2025-03-17,3
O09862,C0573,P040,2025-11-26,1
O09863,C1430,P030,2025-11-23,3
O09864,C0604,P086,2025-12-24,4
O09865,C0491,P001,2025-06-28,4
O09866,C1751,P080,2026-01-27,2
O09867,C0631,P066,2025-10-22,1
O09868,C1237,P012,2025-08-17,3
O09869,C1094,P088,2026-01-24,1
O09870,C1859,P013,2025-12-15,1
O09871,C0627,P047,2025-11-10,5
O09872,C1059,P044,2025-10-26,5
O09873,C0166,P099,2025-04-25,3
O09874,C0729,P091,2025-06-29,2
O09875,C1878,P034,2025-05-20,4
O09876,C1644,P033,2025-09-23,5
O09877,C1454,P068,2025-06-30,4
O09878,C0497,P020,2025-10-26,1
O09879,C1365,P008,2025-10-07,1
O09880,C0361,P059,2025-05-07,2
O09881,C1321,P090,2025-12-31,3
O09882,C0665,P033,2025-09-06,1
O09883,C0905,P017,2025-11-23,2
O09884,C0073,P086,2026-01-28,3
O09885,C1166,P067,2025-04-28,1
O09886,C1692,P079,2025-03-20,4
O09887,C0451,P033,2025-10-10,1
O09888,C1372,P040,2026-01-04,5
O09889,C1592,P081,2025-07-22,5
O09890,C0541,P100,2026-01-16,1
O09891,C0500,P042,2025-04-23,3
O09892,C0913,P045,2025-11-19,1
O09893,C1899,P038,2025-08-01,3
O09894,C0202,P083,2025-06-11,4
O09895,C1540,P052,2026-02-16,2
O09896,C0843,P015,2025-04-16,3
O09897,C0803,P082,2026-02-17,5
O09898,C1886,P069,2025-08-25,5
O09899,C0498,P067,2025-10-04,5
O09900,C1706,P076,2025-08-21,1
O09901,C0170,P009,2025-04-19,5
O09902,C1531,P066,2025-07-31,3
O09903,C0516,P032,2025-04-18,5
O09904,C0220,P066,2025-04-23,2
O09905,C0461,P088,2026-01-20,3
O09906,C1594,P056,2025-06-19,3
O09907,C1797,P025,2025-07-17,5
O09908,C1775,P008,2025-06-20,4
O09909,C0121,P005,2025-10-20,4
O09910,C0803,P001,2025-03-21,3
O09911,C1157,P050,2025-11-25,1
O09912,C1876,P047,2025-10-06,1
O09913,C0612,P007,2026-02-19,3
O09914,C0612,P086,2026-02-11,1
O09915,C1641,P099,2025-09-28,3
O09916,C1079,P087,2025-11-07,3
O09917,C1571,P097,2025-10-29,2
O09918,C1601,P006,2025-07-26,3
O09919,C0195,P092,2025-03-19,2
O09920,C0752,P088,2025-12-22,3
O09921,C1720,P013,2026-01-20,4
O09922,C0235,P037,2025-06-27,1
O09923,C1305,P072,2025-09-09,5
O09924,C1860,P067,2026-02-28,5
O09925,C1621,P035,2025-05-04,5
O09926,C1729,P053,2025-10-23,3
O09927,C1876,P053,2025-07-24,5
O09928,C1604,P099,2026-02-17,3
O09929,C1839,P089,2025-12-25,2
O09930,C1533,P067,2025-09-06,2
O09931,C1401,P086,2025-03-09,1
O09932,C0890,P073,2025-09-30,4
O09933,C0492,P043,2025-03-25,5
O09934,C0133,P026,2025-11-19,1
O09935,C0912,P074,2026-01-12,5
O09936,C0087,P023,2025-08-14,5
O09937,C1331,P074,2025-09-21,3
O09938,C1341,P082,2025-07-28,1
O09939,C1663,P051,2025-09-12,5
O09940,C0789,P052,2025-06-23,5
O09941,C0241,P028,2025-12-19,4
O09942,C0208,P024,2025-03-30,3
O09943,C0971,P049,2026-02-06,4
O09944,C1190,P006,2025-04-28,4
O09945,C1662,P047,2026-02-05,3
O09946,C1186,P041,2025-10-14,5
O09947,C1902,P034,2026-02-07,2
O09948,C1129,P025,2025-10-01,2
O09949,C0229,P018,2025-10-01,3
O09950,C0710,P053,2025-07-29,5
O09951,C0720,P084,2025-11-13,3
O09952,C1633,P072,2025-05-07,2
O09953,C0273,P063,2025-10-06,1
O09954,C0380,P100,2025-09-05,4
O09955,C0376,P025,2025-03-11,2
O09956,C1952,P092,2025-04-04,2
O09957,C0942,P042,2025-10-05,1
O09958,C1841,P004,2025-09-20,3
O09959,C0303,P012,2025-10-28,2
O09960,C0790,P015,2026-03-09,4
O09961,C0952,P017,2026-01-29,2
O09962,C0404,P069,2025-07-31,3
O09963,C1543,P059,2025-04-25,2
O09964,C0174,P003,2025-05-26,4
O09965,C0491,P046,2025-09-06,5
O09966,C1584,P032,2025-12-27,2
O09967,C0611,P017,2026-02-08,1
O09968,C1143,P066,2025-08-22,3
O09969,C1903,P092,2025-07-26,3
O09970,C1800,P061,2025-09-21,2
O09971,C0559,P043,2026-01-23,3
O09972,C1336,P012,2026-01-25,2
O09973,C1661,P081,2025-08-15,3
O09974,C0934,P047,2025-08-23,1
O09975,C1287,P002,2025-10-28,3
O09976,C1479,P073,2025-05-21,5
O09977,C0702,P056,2025-04-07,3
O09978,C1463,P044,2025-11-22,1
O09979,C0555,P090,2025-10-23,4
O09980,C1010,P048,2026-02-13,1
O09981,C0174,P040,2026-02-27,2
O09982,C0437,P042,2025-05-09,4
O09983,C0117,P089,2025-06-04,3
O09984,C1432,P048,2025-09-21,4
O09985,C0004,P069,2025-09-06,5
O09986,C1446,P033,2025-12-07,4
O09987,C0520,P071,2025-03-11,2
O09988,C0520,P044,2025-09-02,1
O09989,C1681,P011,2025-03-24,4
O09990,C0716,P015,2025-05-16,3
O09991,C1293,P050,2025-07-24,1
O09992,C1143,P073,2025-05-08,5
O09993,C0735,P070,2025-08-08,4
O09994,C0529,P044,2025-11-01,1
O09995,C1762,P015,2025-08-09,5
O09996,C1337,P040,2025-05-14,1
O09997,C0433,P061,2025-07-11,3
O09998,C1296,P054,2026-02-13,1
O09999,C1838,P040,2025-05-23,5
O10000,C1149,P005,2025-06-28,5
