movement_id,product_id,movement_type,quantity,movement_date
M000001,P004,OUT,85,2025-06-21
M000002,P031,IN,195,2025-11-16
M000003,P085,IN,153,2025-12-24
M000004,P055,IN,98,2025-04-02
M000005,P006,IN,119,2025-10-16
M000006,P072,OUT,48,2025-06-18
M000007,P030,IN,137,2025-06-07
M000008,P067,IN,152,2025-10-10
M000009,P014,OUT,110,2025-10-17
M000010,P052,OUT,94,2026-01-08
M000011,P099,OUT,181,2025-10-24
M000012,P090,IN,117,2025-03-27
M000013,P098,IN,126,2025-07-24
M000014,P063,OUT,197,2025-07-11
M000015,P072,OUT,50,2025-09-11
M000016,P075,OUT,115,2025-06-02
M000017,P010,IN,81,2025-09-29
M000018,P092,OUT,126,2025-06-05
M000019,P093,OUT,20,2025-03-23
M000020,P004,OUT,22,2026-03-07
M000021,P056,IN,41,2025-03-09
M000022,P053,OUT,15,2025-04-03
M000023,P079,OUT,137,2026-02-24
M000024,P100,IN,97,2025-11-15
M000025,P007,OUT,17,2025-11-05
M000026,P030,IN,40,2026-01-28
M000027,P025,OUT,1,2025-09-03
M000028,P024,OUT,3,2025-04-13
M000029,P026,IN,149,2026-01-24
M000030,P057,IN,156,2025-12-30
M000031,P037,IN,36,2025-07-12
M000032,P047,OUT,158,2025-03-30
M000033,P063,OUT,45,2025-10-04
M000034,P025,IN,98,2025-09-10
M000035,P040,OUT,197,2025-12-20
M000036,P018,IN,19,2025-04-09
M000037,P001,OUT,143,2025-04-25
M000038,P051,OUT,108,2026-01-22
M000039,P074,IN,106,2026-02-24
M000040,P003,IN,192,2025-06-28
M000041,P061,OUT,16,2025-06-27
M000042,P099,IN,141,2025-11-02
M000043,P065,OUT,136,2025-09-20
M000044,P031,OUT,96,2025-04-01
M000045,P060,IN,91,2025-07-18
M000046,P056,OUT,111,2025-12-21
M000047,P076,OUT,94,2025-07-04
M000048,P071,IN,166,2025-10-07
M000049,P010,OUT,120,2025-04-09
M000050,P065,IN,88,2025-06-11
M000051,P066,IN,152,2026-02-14
M000052,P078,OUT,79,2025-04-01
M000053,P004,IN,178,2026-03-05
M000054,P021,OUT,6,2025-03-16
M000055,P002,IN,152,2025-08-21
M000056,P004,OUT,158,2025-04-13
M000057,P059,OUT,140,2025-11-26
M000058,P025,OUT,159,2026-01-27
M000059,P046,OUT,26,2025-06-23
M000060,P050,IN,119,2026-02-10
M000061,P085,IN,158,2025-04-28
M000062,P075,IN,13,2025-06-28
M000063,P087,IN,17,2025-05-08
M000064,P030,OUT,68,2025-09-01
M000065,P087,OUT,69,2025-12-04
M000066,P035,IN,161,2026-01-23
M000067,P027,OUT,37,2025-03-09
M000068,P056,IN,165,2025-05-23
M000069,P025,OUT,179,2025-05-21
M000070,P053,IN,181,2025-12-13
M000071,P051,OUT,44,2025-03-10
M000072,P017,OUT,46,2025-08-07
M000073,P090,OUT,85,2025-04-02
M000074,P053,OUT,92,2025-08-09
M000075,P005,IN,76,2025-05-13
M000076,P080,OUT,105,2025-03-16
M000077,P018,IN,44,2025-03-28
M000078,P084,OUT,188,2025-03-10
M000079,P037,OUT,59,2025-11-04
M000080,P092,IN,89,2025-03-24
M000081,P009,IN,7,2025-06-06
M000082,P022,IN,154,2025-11-06
M000083,P035,OUT,92,2025-12-23
M000084,P052,OUT,169,2025-09-14
M000085,P008,IN,13,2026-02-12
M000086,P071,OUT,148,2025-11-02
M000087,P099,OUT,72,2025-10-07
M000088,P089,OUT,106,2025-11-08
M000089,P002,OUT,22,2025-04-19
M000090,P087,OUT,123,2025-05-05
M000091,P052,IN,1,2025-07-31
M000092,P076,OUT,180,2025-05-14
M000093,P043,OUT,146,2026-02-19
M000094,P084,IN,169,2025-09-05
M000095,P048,OUT,166,2025-05-03
M000096,P076,IN,133,2025-03-26
M000097,P065,IN,89,2025-03-26
M000098,P016,IN,76,2025-10-03
M000099,P090,OUT,199,2025-08-21
M000100,P056,IN,176,2025-11-16
M000101,P093,OUT,192,2025-04-01
M000102,P036,IN,195,2026-01-25
M000103,P019,OUT,56,2026-01-17
M000104,P045,OUT,29,2025-10-18
M000105,P083,IN,24,2025-05-03
M000106,P045,OUT,83,2025-03-23
M000107,P017,OUT,200,2025-07-04
M000108,P038,IN,43,2025-11-30
M000109,P093,OUT,133,2025-08-04
M000110,P063,OUT,190,2025-12-19
M000111,P096,IN,156,2025-09-07
M000112,P057,IN,106,2025-06-25
M000113,P001,IN,196,2026-02-10
M000114,P070,OUT,70,2025-12-31
M000115,P049,OUT,114,2026-02-26
M000116,P049,OUT,57,2026-01-29
M000117,P002,IN,92,2025-08-01
M000118,P019,IN,165,2025-07-15
M000119,P030,IN,30,2025-06-15
M000120,P079,IN,188,2025-10-21
M000121,P038,OUT,16,2026-03-05
M000122,P063,OUT,44,2025-03-19
M000123,P037,IN,12,2025-03-24
M000124,P008,OUT,35,2026-01-24
M000125,P049,IN,182,2026-01-21
M000126,P014,IN,157,2025-05-24
M000127,P058,IN,165,2025-11-27
M000128,P086,IN,8,2025-04-18
M000129,P068,OUT,21,2025-05-27
M000130,P052,OUT,160,2025-12-05
M000131,P021,OUT,122,2025-07-07
M000132,P070,OUT,24,2025-12-27
M000133,P028,IN,55,2025-03-18
M000134,P039,IN,122,2025-06-02
M000135,P091,IN,156,2025-12-20
M000136,P079,IN,132,2025-06-23
M000137,P020,OUT,35,2025-11-12
M000138,P086,IN,131,2026-03-06
M000139,P048,IN,164,2026-01-12
M000140,P002,IN,82,2025-11-20
M000141,P084,OUT,176,2025-10-30
M000142,P013,OUT,50,2025-06-06
M000143,P069,IN,123,2025-07-11
M000144,P019,IN,119,2026-01-11
M000145,P037,IN,188,2025-04-23
M000146,P048,OUT,70,2025-08-01
M000147,P031,OUT,5,2025-06-11
M000148,P076,IN,140,2025-12-17
M000149,P005,OUT,187,2025-12-15
M000150,P021,IN,169,2025-05-19
M000151,P011,OUT,77,2025-12-18
M000152,P078,IN,107,2026-02-09
M000153,P045,IN,11,2025-05-07
M000154,P037,IN,17,2025-08-21
M000155,P036,OUT,28,2025-10-26
M000156,P045,OUT,25,2026-01-26
M000157,P084,OUT,129,2025-06-02
M000158,P090,OUT,182,2026-01-30
M000159,P083,IN,195,2025-03-24
M000160,P078,IN,170,2025-12-20
M000161,P031,IN,182,2025-12-20
M000162,P010,OUT,28,2025-11-08
M000163,P098,IN,76,2025-09-05
M000164,P071,OUT,152,2025-12-21
M000165,P018,IN,54,2026-03-03
M000166,P063,IN,167,2025-04-28
M000167,P059,OUT,160,2025-04-26
M000168,P013,OUT,64,2025-12-26
M000169,P065,OUT,123,2025-08-15
M000170,P044,OUT,80,2025-04-25
M000171,P038,OUT,151,2025-07-26
M000172,P048,IN,29,2025-07-02
M000173,P097,IN,102,2025-03-25
M000174,P020,OUT,5,2025-09-06
M000175,P097,IN,5,2025-08-30
M000176,P010,OUT,108,2025-04-23
M000177,P091,IN,87,2025-06-18
M000178,P082,OUT,184,2025-10-02
M000179,P026,OUT,55,2026-02-05
M000180,P071,OUT,42,2025-08-27
M000181,P048,OUT,17,2025-04-07
M000182,P055,IN,48,2025-10-31
M000183,P004,OUT,108,2025-05-30
M000184,P099,IN,194,2025-05-14
M000185,P013,OUT,11,2025-03-27
M000186,P027,IN,17,2025-05-01
M000187,P084,IN,187,2025-04-21
M000188,P094,IN,70,2026-03-03
M000189,P004,IN,34,2025-09-23
M000190,P084,OUT,3,2025-04-30
M000191,P023,OUT,157,2025-08-11
M000192,P053,IN,119,2025-08-25
M000193,P030,IN,37,2025-08-20
M000194,P036,IN,116,2025-09-29
M000195,P060,IN,4,2026-03-08
M000196,P024,IN,176,2025-07-04
M000197,P008,OUT,182,2026-02-21
M000198,P061,OUT,24,2025-04-05
M000199,P067,IN,15,2025-10-27
M000200,P038,OUT,77,2026-01-21
M000201,P067,OUT,128,2025-04-26
M000202,P080,IN,57,2025-11-25
M000203,P088,OUT,137,2025-08-15
M000204,P018,IN,106,2026-01-31
M000205,P048,OUT,2,2025-04-02
M000206,P045,OUT,52,2025-09-10
M000207,P058,OUT,62,2025-11-15
M000208,P025,OUT,114,2025-04-05
M000209,P033,IN,4,2025-07-16
M000210,P041,OUT,161,2025-07-10
M000211,P013,IN,183,2025-11-22
M000212,P064,IN,13,2026-02-05
M000213,P074,OUT,200,2025-11-13
M000214,P056,OUT,107,2026-01-23
M000215,P085,IN,57,2025-06-17
M000216,P072,OUT,52,2026-01-02
M000217,P055,IN,33,2025-06-22
M000218,P100,OUT,59,2025-03-18
M000219,P075,IN,115,2025-10-09
M000220,P086,IN,54,2025-08-19
M000221,P005,OUT,173,2026-03-04
M000222,P007,OUT,37,2026-01-03
M000223,P086,OUT,140,2025-09-14
M000224,P072,IN,151,2026-03-03
M000225,P010,OUT,164,2025-12-13
M000226,P012,IN,74,2025-07-09
M000227,P048,OUT,96,2026-01-11
M000228,P037,IN,116,2025-04-12
M000229,P057,OUT,200,2025-09-03
M000230,P027,IN,132,2025-11-30
M000231,P025,OUT,156,2025-06-29
M000232,P062,IN,167,2025-03-10
M000233,P020,IN,150,2025-10-04
M000234,P059,IN,133,2025-05-15
M000235,P035,IN,180,2025-06-07
M000236,P008,IN,53,2026-02-17
M000237,P070,OUT,111,2025-10-15
M000238,P024,IN,145,2025-06-13
M000239,P037,OUT,126,2025-10-03
M000240,P017,OUT,103,2025-07-03
M000241,P080,OUT,29,2025-11-03
M000242,P018,OUT,130,2025-07-30
M000243,P057,OUT,14,2025-03-24
M000244,P029,IN,178,2025-03-20
M000245,P084,OUT,96,2026-02-04
M000246,P069,IN,168,2025-03-27
M000247,P005,OUT,182,2025-10-03
M000248,P030,OUT,12,2025-05-26
M000249,P068,IN,41,2025-05-19
M000250,P050,OUT,24,2025-03-18
M000251,P011,IN,90,2025-10-09
M000252,P001,IN,5,2025-11-28
M000253,P039,OUT,92,2025-09-27
M000254,P013,IN,20,2026-02-27
M000255,P034,IN,24,2025-12-26
M000256,P058,OUT,82,2025-06-19
M000257,P046,OUT,60,2026-03-05
M000258,P062,IN,104,2025-09-12
M000259,P072,IN,189,2025-05-19
M000260,P086,OUT,93,2025-10-01
M000261,P064,IN,149,2025-07-15
M000262,P013,IN,155,2025-09-08
M000263,P069,IN,141,2025-04-11
M000264,P024,OUT,102,2025-05-05
M000265,P085,IN,163,2026-01-10
M000266,P021,IN,28,2026-02-13
M000267,P089,OUT,169,2025-10-16
M000268,P065,IN,89,2025-11-10
M000269,P087,OUT,122,2025-05-28
M000270,P088,IN,115,2025-04-07
M000271,P009,OUT,141,2026-03-02
M000272,P072,OUT,75,2026-01-29
M000273,P011,IN,184,2025-10-30
M000274,P007,IN,112,2025-10-16
M000275,P036,OUT,190,2025-07-29
M000276,P072,OUT,48,2026-01-07
M000277,P093,IN,11,2025-10-09
M000278,P094,IN,195,2026-02-13
M000279,P068,OUT,182,2026-01-12
M000280,P060,IN,24,2025-07-19
M000281,P038,OUT,120,2025-11-30
M000282,P024,IN,143,2025-05-09
M000283,P042,OUT,122,2025-12-31
M000284,P073,OUT,76,2025-05-24
M000285,P043,IN,134,2025-12-15
M000286,P078,IN,146,2026-02-08
M000287,P023,IN,95,2025-12-02
M000288,P061,IN,64,2026-02-08
M000289,P082,OUT,155,2026-02-12
M000290,P039,IN,35,2026-03-01
M000291,P016,OUT,47,2025-10-29
M000292,P060,OUT,165,2025-11-27
M000293,P077,OUT,176,2025-04-10
M000294,P070,IN,152,2025-08-07
M000295,P051,IN,185,2025-12-05
M000296,P060,IN,62,2025-07-05
M000297,P058,OUT,47,2025-10-24
M000298,P055,IN,165,2026-02-17
M000299,P061,OUT,46,2025-08-26
M000300,P079,IN,86,2026-03-05
M000301,P031,IN,155,2025-11-17
M000302,P043,OUT,188,2025-07-19
M000303,P010,IN,50,2026-03-07
M000304,P053,IN,166,2025-12-29
M000305,P023,OUT,24,2025-09-12
M000306,P038,IN,73,2025-04-29
M000307,P082,IN,70,2025-09-18
M000308,P066,OUT,39,2025-11-13
M000309,P003,IN,123,2025-10-15
M000310,P026,OUT,190,2025-05-05
M000311,P023,IN,32,2025-08-28
M000312,P081,OUT,31,2025-08-06
M000313,P033,OUT,43,2025-07-18
M000314,P049,OUT,51,2025-07-09
M000315,P086,IN,147,2026-01-15
M000316,P100,IN,24,2025-04-26
M000317,P036,OUT,28,2025-07-29
M000318,P074,IN,175,2025-06-20
M000319,P024,OUT,132,2025-09-06
M000320,P024,OUT,106,2026-01-07
M000321,P092,OUT,73,2025-12-01
M000322,P085,IN,17,2025-08-07
M000323,P099,IN,153,2026-01-25
M000324,P036,OUT,79,2026-01-01
M000325,P033,IN,3,2026-01-15
M000326,P093,OUT,48,2025-12-30
M000327,P044,IN,195,2025-11-28
M000328,P074,OUT,114,2025-11-30
M000329,P098,OUT,154,2025-05-27
M000330,P059,OUT,104,2025-08-06
M000331,P050,IN,118,2025-09-26
M000332,P014,IN,166,2025-06-03
M000333,P009,IN,141,2025-04-19
M000334,P092,IN,92,2025-10-28
M000335,P041,IN,103,2025-06-05
M000336,P098,IN,106,2025-10-06
M000337,P094,IN,125,2025-03-14
M000338,P052,OUT,79,2026-03-06
M000339,P011,OUT,81,2025-05-09
M000340,P071,OUT,190,2025-07-12
M000341,P006,IN,194,2025-04-14
M000342,P099,OUT,33,2025-04-04
M000343,P008,IN,99,2026-02-02
M000344,P005,IN,151,2025-05-10
M000345,P098,OUT,191,2025-09-22
M000346,P054,OUT,68,2025-12-01
M000347,P052,OUT,59,2025-09-15
M000348,P031,OUT,184,2025-06-19
M000349,P090,OUT,74,2025-05-16
M000350,P034,OUT,21,2025-07-14
M000351,P071,OUT,179,2026-01-08
M000352,P075,IN,150,2025-06-05
M000353,P033,OUT,31,2026-01-25
M000354,P080,IN,30,2025-11-29
M000355,P077,OUT,42,2025-11-17
M000356,P019,OUT,124,2025-12-24
M000357,P022,OUT,11,2025-09-13
M000358,P073,IN,120,2025-10-01
M000359,P076,OUT,165,2025-06-02
M000360,P006,OUT,155,2025-04-20
M000361,P082,OUT,143,2025-07-12
M000362,P018,IN,97,2025-06-01
M000363,P010,IN,103,2026-02-17
M000364,P039,OUT,186,2025-06-14
M000365,P068,IN,180,2026-01-01
M000366,P086,OUT,187,2025-09-11
M000367,P094,OUT,160,2025-09-02
M000368,P084,IN,158,2025-10-11
M000369,P016,IN,175,2025-12-18
M000370,P093,IN,45,2025-03-25
M000371,P027,IN,118,2025-12-01
M000372,P076,OUT,126,2026-02-09
M000373,P068,IN,120,2025-07-08
M000374,P090,OUT,148,2025-11-20
M000375,P024,IN,7,2025-11-23
M000376,P003,IN,48,2025-10-03
M000377,P010,IN,140,2026-02-02
M000378,P079,OUT,110,2025-03-17
M000379,P041,IN,76,2025-06-29
M000380,P015,OUT,150,2025-11-30
M000381,P038,IN,11,2025-10-01
M000382,P022,IN,136,2025-12-22
M000383,P038,OUT,68,2025-10-28
M000384,P054,IN,34,2026-03-08
M000385,P037,OUT,11,2025-11-06
M000386,P080,OUT,63,2025-12-29
M000387,P038,IN,64,2025-05-06
M000388,P037,OUT,97,2025-12-24
M000389,P044,OUT,140,2025-10-10
M000390,P068,OUT,6,2025-09-28
M000391,P081,OUT,119,2025-10-22
M000392,P039,OUT,181,2025-05-23
M000393,P082,IN,34,2025-11-10
M000394,P073,OUT,15,2025-06-19
M000395,P050,OUT,85,2025-12-17
M000396,P056,OUT,139,2026-01-11
M000397,P051,OUT,7,2025-11-28
M000398,P051,IN,180,2025-06-10
M000399,P044,IN,64,2025-03-22
M000400,P045,IN,91,2025-06-23
M000401,P091,IN,72,2026-03-05
M000402,P095,IN,49,2025-06-25
M000403,P058,IN,169,2025-12-09
M000404,P055,OUT,85,2026-01-20
M000405,P095,IN,54,2025-09-21
M000406,P065,OUT,157,2025-08-16
M000407,P072,IN,18,2025-05-06
M000408,P014,IN,37,2026-01-12
M000409,P002,IN,84,2025-04-08
M000410,P040,IN,15,2026-02-19
M000411,P060,OUT,8,2025-04-24
M000412,P047,IN,49,2025-08-07
M000413,P003,IN,38,2025-07-13
M000414,P003,IN,99,2025-07-25
M000415,P062,IN,192,2025-03-17
M000416,P069,OUT,90,2025-04-04
M000417,P087,IN,176,2026-03-02
M000418,P069,OUT,104,2025-07-06
M000419,P051,OUT,147,2025-03-13
M000420,P011,OUT,171,2025-11-24
M000421,P058,IN,170,2025-05-15
M000422,P082,OUT,97,2026-01-02
M000423,P018,IN,188,2025-03-10
M000424,P053,IN,9,2025-06-22
M000425,P059,OUT,32,2025-10-19
M000426,P057,IN,28,2026-02-19
M000427,P098,OUT,97,2025-10-12
M000428,P018,IN,195,2025-06-08
M000429,P079,OUT,171,2025-12-13
M000430,P072,IN,80,2025-09-04
M000431,P072,OUT,180,2025-12-14
M000432,P053,OUT,10,2025-09-18
M000433,P062,OUT,88,2025-04-08
M000434,P044,IN,141,2025-04-21
M000435,P063,OUT,112,2026-01-27
M000436,P084,IN,154,2025-05-17
M000437,P035,OUT,167,2025-05-12
M000438,P017,IN,41,2025-11-20
M000439,P024,IN,188,2025-03-24
M000440,P013,OUT,24,2025-11-21
M000441,P014,OUT,120,2025-08-09
M000442,P065,IN,185,2026-01-03
M000443,P066,IN,133,2026-02-09
M000444,P062,OUT,13,2025-07-17
M000445,P016,IN,36,2025-08-19
M000446,P015,OUT,66,2025-04-23
M000447,P093,OUT,70,2025-05-14
M000448,P031,IN,196,2025-10-30
M000449,P050,OUT,64,2025-05-15
M000450,P085,OUT,101,2025-11-20
M000451,P016,OUT,144,2026-01-24
M000452,P004,OUT,138,2025-11-10
M000453,P078,OUT,84,2025-05-23
M000454,P073,IN,102,2025-11-22
M000455,P017,IN,32,2026-02-17
M000456,P045,IN,162,2026-02-03
M000457,P100,IN,137,2025-07-25
M000458,P088,OUT,27,2025-06-08
M000459,P011,IN,20,2025-10-14
M000460,P075,IN,158,2025-07-05
M000461,P009,IN,117,2025-09-29
M000462,P054,OUT,96,2025-12-16
M000463,P096,OUT,103,2025-05-28
M000464,P075,IN,84,2025-10-16
M000465,P023,OUT,199,2025-12-03
M000466,P040,IN,84,2025-07-07
M000467,P084,IN,68,2025-04-29
M000468,P070,OUT,147,2026-01-02
M000469,P014,OUT,53,2025-12-16
M000470,P093,IN,156,2025-06-11
M000471,P055,IN,34,2026-01-06
M000472,P077,IN,63,2025-08-07
M000473,P053,OUT,87,2026-01-06
M000474,P008,OUT,185,2025-07-10
M000475,P068,IN,192,2025-03-11
M000476,P099,IN,16,2025-09-06
M000477,P060,OUT,167,2025-05-01
M000478,P014,IN,116,2025-09-22
M000479,P087,OUT,152,2025-11-12
M000480,P037,IN,159,2025-08-04
M000481,P044,IN,127,2025-08-27
M000482,P050,IN,170,2026-02-13
M000483,P031,OUT,127,2025-03-20
M000484,P045,OUT,125,2025-07-19
M000485,P082,OUT,191,2025-10-03
M000486,P089,IN,149,2026-01-13
M000487,P073,IN,176,2025-05-10
M000488,P087,OUT,151,2025-05-10
M000489,P043,IN,158,2025-03-18
M000490,P068,OUT,12,2025-09-04
M000491,P005,OUT,96,2026-01-27
M000492,P068,IN,136,2025-10-18
M000493,P027,IN,100,2025-08-09
M000494,P086,OUT,112,2025-08-03
M000495,P013,OUT,25,2026-01-03
M000496,P041,IN,37,2025-09-02
M000497,P019,IN,61,2025-07-30
M000498,P056,OUT,170,2026-02-21
M000499,P069,OUT,33,2025-08-13
M000500,P089,OUT,102,2025-12-28
M000501,P085,IN,89,2025-06-24
M000502,P028,OUT,63,2025-04-08
M000503,P078,OUT,46,2025-08-12
M000504,P099,IN,134,2025-04-05
M000505,P035,OUT,4,2025-11-29
M000506,P094,OUT,37,2026-03-09
M000507,P097,IN,142,2025-10-22
M000508,P092,OUT,104,2025-11-03
M000509,P012,IN,121,2025-08-03
M000510,P031,OUT,129,2025-12-24
M000511,P059,OUT,108,2025-06-06
M000512,P018,OUT,40,2026-02-15
M000513,P097,OUT,189,2025-11-23
M000514,P065,IN,103,2025-12-25
M000515,P002,IN,21,2025-06-03
M000516,P060,OUT,67,2025-04-04
M000517,P029,IN,116,2025-08-14
M000518,P052,OUT,165,2025-05-22
M000519,P046,OUT,175,2025-07-11
M000520,P085,OUT,27,2025-11-22
M000521,P022,OUT,86,2025-11-26
M000522,P001,IN,168,2025-08-20
M000523,P049,OUT,195,2025-06-04
M000524,P046,IN,100,2025-12-10
M000525,P060,OUT,141,2025-04-25
M000526,P015,IN,138,2025-10-26
M000527,P073,OUT,18,2025-03-11
M000528,P093,OUT,13,2025-06-01
M000529,P086,OUT,102,2025-07-02
M000530,P034,OUT,60,2025-03-30
M000531,P031,OUT,150,2025-08-18
M000532,P050,IN,149,2025-03-27
M000533,P040,IN,87,2025-12-16
M000534,P023,IN,59,2026-01-26
M000535,P081,IN,78,2025-06-01
M000536,P084,IN,54,2025-05-09
M000537,P047,IN,51,2025-03-09
M000538,P065,IN,22,2025-06-08
M000539,P036,OUT,61,2025-10-20
M000540,P039,OUT,65,2025-06-11
M000541,P050,IN,66,2025-05-03
M000542,P024,OUT,153,2025-04-21
M000543,P029,IN,62,2025-06-06
M000544,P027,OUT,63,2025-05-28
M000545,P072,IN,181,2025-11-06
M000546,P088,OUT,22,2025-07-22
M000547,P045,IN,138,2025-12-03
M000548,P032,OUT,78,2026-01-16
M000549,P091,IN,175,2026-02-04
M000550,P056,OUT,174,2025-08-06
M000551,P064,OUT,192,2026-03-02
M000552,P022,OUT,168,2025-03-26
M000553,P082,IN,46,2026-01-04
M000554,P011,IN,11,2025-09-19
M000555,P040,OUT,149,2026-01-15
M000556,P082,OUT,8,2025-04-30
M000557,P086,IN,49,2025-04-18
M000558,P036,IN,146,2025-12-04
M000559,P063,IN,200,2025-03-19
M000560,P082,IN,143,2026-01-11
M000561,P034,OUT,130,2025-08-05
M000562,P097,OUT,21,2025-11-29
M000563,P025,OUT,147,2026-02-26
M000564,P083,OUT,88,2026-01-29
M000565,P050,IN,125,2025-06-07
M000566,P010,IN,49,2025-05-31
M000567,P066,OUT,141,2025-06-02
M000568,P083,IN,36,2026-01-09
M000569,P069,IN,11,2025-11-15
M000570,P039,IN,85,2025-10-26
M000571,P054,OUT,189,2025-08-20
M000572,P066,OUT,91,2026-01-07
M000573,P012,IN,193,2025-08-15
M000574,P020,IN,100,2025-10-14
M000575,P098,OUT,4,2026-03-08
M000576,P042,OUT,102,2025-11-15
M000577,P096,OUT,129,2025-04-16
M000578,P087,OUT,91,2025-07-14
M000579,P089,OUT,115,2025-05-03
M000580,P058,OUT,176,2025-05-24
M000581,P097,OUT,185,2025-12-31
M000582,P080,OUT,142,2026-01-09
M000583,P093,OUT,126,2025-08-20
M000584,P044,OUT,42,2025-07-30
M000585,P064,IN,182,2025-11-12
M000586,P078,OUT,95,2025-04-12
M000587,P055,OUT,121,2025-08-04
M000588,P002,IN,83,2025-08-02
M000589,P065,IN,84,2025-07-14
M000590,P096,IN,30,2025-08-07
M000591,P015,OUT,81,2025-10-26
M000592,P037,OUT,176,2025-03-10
M000593,P075,IN,200,2025-06-27
M000594,P015,OUT,100,2025-04-30
M000595,P006,IN,62,2025-07-03
M000596,P044,OUT,108,2026-02-03
M000597,P096,OUT,159,2026-01-20
M000598,P002,IN,32,2025-05-27
M000599,P060,OUT,89,2025-07-21
M000600,P044,IN,119,2025-11-19
M000601,P044,OUT,62,2025-03-14
M000602,P009,IN,150,2025-03-14
M000603,P098,IN,123,2025-12-02
M000604,P052,OUT,116,2025-08-10
M000605,P065,IN,124,2026-03-06
M000606,P008,OUT,55,2025-10-03
M000607,P100,OUT,21,2025-03-28
M000608,P062,OUT,34,2025-04-28
M000609,P012,IN,180,2026-02-17
M000610,P029,OUT,87,2025-08-23
M000611,P022,IN,56,2026-02-04
M000612,P019,OUT,87,2025-03-20
M000613,P013,IN,164,2025-05-02
M000614,P042,OUT,80,2025-11-29
M000615,P068,IN,25,2025-06-29
M000616,P039,OUT,4,2025-03-27
M000617,P092,IN,187,2025-05-17
M000618,P027,OUT,133,2025-11-24
M000619,P003,OUT,79,2025-06-13
M000620,P066,IN,8,2025-10-16
M000621,P051,OUT,97,2026-01-18
M000622,P092,IN,16,2025-12-23
M000623,P088,OUT,150,2025-08-18
M000624,P003,OUT,137,2025-03-17
M000625,P052,OUT,172,2025-09-23
M000626,P047,IN,50,2025-04-09
M000627,P026,IN,9,2026-01-25
M000628,P054,OUT,180,2025-05-27
M000629,P028,OUT,13,2025-03-17
M000630,P039,IN,102,2025-12-30
M000631,P020,IN,50,2025-12-08
M000632,P084,OUT,67,2025-11-05
M000633,P054,IN,120,2025-05-24
M000634,P024,OUT,166,2025-05-31
M000635,P056,IN,22,2025-07-05
M000636,P001,IN,150,2025-06-23
M000637,P097,IN,137,2025-08-31
M000638,P008,OUT,85,2025-04-18
M000639,P024,IN,184,2025-09-18
M000640,P094,IN,131,2025-05-09
M000641,P082,IN,95,2025-09-11
M000642,P025,OUT,95,2025-12-16
M000643,P050,OUT,73,2025-06-25
M000644,P078,IN,185,2025-06-03
M000645,P014,OUT,21,2025-03-25
M000646,P016,IN,2,2025-09-01
M000647,P061,IN,71,2025-10-16
M000648,P046,IN,89,2026-02-04
M000649,P010,IN,185,2025-08-12
M000650,P076,IN,13,2025-09-06
M000651,P028,IN,147,2025-10-30
M000652,P064,IN,157,2025-05-27
M000653,P041,IN,149,2025-03-13
M000654,P035,OUT,92,2025-09-24
M000655,P080,IN,30,2025-10-26
M000656,P085,IN,25,2025-04-25
M000657,P029,IN,111,2026-03-09
M000658,P064,IN,92,2025-10-24
M000659,P098,IN,70,2026-02-15
M000660,P057,OUT,148,2025-06-28
M000661,P052,OUT,107,2025-03-18
M000662,P085,OUT,59,2026-03-06
M000663,P006,OUT,80,2025-11-19
M000664,P005,OUT,78,2025-08-26
M000665,P068,IN,167,2025-11-10
M000666,P092,IN,180,2026-02-13
M000667,P052,OUT,149,2025-10-08
M000668,P014,OUT,29,2025-03-23
M000669,P059,OUT,167,2026-02-18
M000670,P003,OUT,154,2026-02-15
M000671,P010,OUT,62,2025-05-10
M000672,P005,OUT,124,2026-01-01
M000673,P085,IN,53,2025-10-09
M000674,P052,IN,114,2025-06-05
M000675,P051,OUT,100,2025-09-22
M000676,P092,OUT,96,2025-08-02
M000677,P020,IN,98,2025-03-30
M000678,P066,IN,195,2025-11-08
M000679,P062,IN,130,2025-04-01
M000680,P066,OUT,92,2025-03-10
M000681,P030,OUT,152,2025-11-22
M000682,P059,OUT,123,2025-12-04
M000683,P069,OUT,105,2025-09-05
M000684,P064,OUT,12,2025-08-28
M000685,P010,IN,2,2025-04-06
M000686,P090,IN,189,2025-11-12
M000687,P095,OUT,156,2025-11-12
M000688,P059,OUT,51,2026-02-24
M000689,P002,IN,137,2025-05-14
M000690,P035,IN,2,2025-07-01
M000691,P025,OUT,26,2025-06-02
M000692,P082,IN,129,2025-05-04
M000693,P015,OUT,75,2025-12-24
M000694,P069,OUT,200,2025-04-19
M000695,P008,IN,197,2026-01-14
M000696,P023,IN,52,2025-06-15
M000697,P024,IN,128,2025-11-28
M000698,P035,OUT,96,2025-04-16
M000699,P056,OUT,88,2025-12-23
M000700,P001,OUT,102,2025-03-28
M000701,P023,IN,87,2025-11-13
M000702,P053,IN,75,2025-10-28
M000703,P073,IN,97,2025-09-04
M000704,P004,OUT,33,2025-06-03
M000705,P052,IN,102,2025-06-05
M000706,P080,IN,98,2025-04-18
M000707,P031,IN,106,2025-05-12
M000708,P093,OUT,182,2026-01-07
M000709,P056,OUT,144,2026-03-02
M000710,P079,OUT,191,2025-12-23
M000711,P081,IN,110,2026-01-22
M000712,P003,IN,82,2025-04-12
M000713,P060,IN,21,2026-01-12
M000714,P007,IN,193,2025-06-28
M000715,P003,OUT,82,2025-10-25
M000716,P031,OUT,22,2025-08-04
M000717,P088,OUT,102,2025-06-21
M000718,P063,IN,134,2025-07-14
M000719,P037,IN,91,2025-04-15
M000720,P049,IN,112,2025-09-06
M000721,P066,OUT,158,2025-12-26
M000722,P040,IN,14,2025-05-27
M000723,P093,IN,129,2025-04-08
M000724,P077,IN,11,2025-03-26
M000725,P100,IN,97,2025-12-11
M000726,P036,OUT,30,2025-10-27
M000727,P080,OUT,175,2025-08-28
M000728,P083,OUT,9,2025-07-09
M000729,P084,IN,20,2025-07-15
M000730,P084,OUT,90,2025-10-05
M000731,P078,OUT,132,2025-07-31
M000732,P054,OUT,126,2025-07-22
M000733,P010,IN,55,2025-05-31
M000734,P032,IN,37,2025-11-24
M000735,P035,IN,54,2025-11-13
M000736,P059,OUT,118,2025-04-20
M000737,P053,OUT,54,2025-04-10
M000738,P088,OUT,169,2025-06-03
M000739,P076,IN,61,2025-10-28
M000740,P035,OUT,184,2026-01-13
M000741,P068,OUT,200,2026-01-17
M000742,P027,OUT,177,2025-10-10
M000743,P093,IN,138,2025-05-11
M000744,P033,OUT,96,2025-11-21
M000745,P006,IN,14,2025-05-22
M000746,P007,OUT,168,2025-11-28
M000747,P055,IN,54,2026-02-03
M000748,P026,IN,121,2025-06-09
M000749,P099,IN,161,2025-04-03
M000750,P016,IN,193,2025-08-27
M000751,P013,OUT,160,2025-09-27
M000752,P031,OUT,70,2025-08-22
M000753,P007,OUT,195,2025-03-29
M000754,P002,OUT,95,2025-07-24
M000755,P084,OUT,153,2025-04-03
M000756,P068,IN,70,2025-05-19
M000757,P011,OUT,173,2025-12-03
M000758,P052,IN,151,2026-02-01
M000759,P052,OUT,89,2025-03-25
M000760,P028,OUT,148,2025-09-26
M000761,P056,OUT,26,2026-01-29
M000762,P046,IN,164,2025-12-19
M000763,P015,IN,54,2025-05-11
M000764,P035,IN,42,2025-11-08
M000765,P066,IN,98,2026-01-20
M000766,P060,OUT,107,2025-04-16
M000767,P049,OUT,36,2025-07-03
M000768,P092,OUT,28,2025-12-17
M000769,P082,IN,8,2025-06-25
M000770,P080,IN,170,2025-03-12
M000771,P027,OUT,22,2025-09-26
M000772,P050,OUT,168,2025-06-24
M000773,P020,OUT,51,2025-06-30
M000774,P070,IN,97,2025-07-14
M000775,P007,OUT,127,2025-12-17
M000776,P061,IN,50,2025-04-12
M000777,P079,IN,103,2025-08-21
M000778,P044,IN,157,2025-05-10
M000779,P034,IN,184,2026-01-01
M000780,P084,IN,72,2025-04-10
M000781,P018,OUT,35,2026-02-23
M000782,P053,IN,7,2025-08-17
M000783,P061,OUT,50,2025-06-26
M000784,P002,OUT,1,2025-09-11
M000785,P014,OUT,74,2025-08-11
M000786,P054,IN,119,2026-02-07
M000787,P092,OUT,194,2025-09-17
M000788,P043,IN,190,2026-01-18
M000789,P049,OUT,156,2025-03-17
M000790,P043,IN,5,2026-02-01
M000791,P076,OUT,142,2025-06-29
M000792,P069,IN,36,2026-02-05
M000793,P018,OUT,60,2025-06-17
M000794,P050,IN,106,2025-04-28
M000795,P019,IN,109,2025-07-20
M000796,P019,IN,94,2025-09-24
M000797,P100,OUT,173,2025-08-05
M000798,P073,IN,151,2025-07-19
M000799,P090,OUT,105,2026-01-30
M000800,P046,IN,149,2025-03-23
M000801,P010,OUT,1,2025-07-06
M000802,P035,IN,173,2025-07-26
M000803,P046,IN,193,2025-09-20
M000804,P014,IN,32,2025-04-02
M000805,P005,OUT,21,2025-04-29
M000806,P071,IN,117,2025-08-15
M000807,P021,IN,90,2025-10-05
M000808,P067,OUT,37,2025-06-20
M000809,P009,OUT,8,2025-08-22
M000810,P046,IN,121,2025-09-08
M000811,P033,OUT,164,2025-08-11
M000812,P071,IN,110,2026-01-12
M000813,P055,OUT,174,2025-03-18
M000814,P091,OUT,164,2025-08-19
M000815,P100,IN,67,2026-02-02
M000816,P073,OUT,84,2025-11-16
M000817,P001,IN,150,2025-05-17
M000818,P100,IN,50,2025-08-20
M000819,P003,OUT,88,2025-06-13
M000820,P049,IN,141,2025-12-04
M000821,P045,IN,140,2025-06-23
M000822,P050,IN,34,2025-07-18
M000823,P027,IN,39,2026-03-09
M000824,P089,OUT,132,2025-07-28
M000825,P048,IN,132,2025-11-08
M000826,P087,IN,30,2025-12-15
M000827,P010,OUT,25,2025-04-21
M000828,P088,OUT,117,2025-04-06
M000829,P075,OUT,94,2025-04-17
M000830,P063,IN,29,2025-04-09
M000831,P088,OUT,60,2026-01-27
M000832,P042,IN,50,2025-09-26
M000833,P098,OUT,136,2025-08-31
M000834,P005,OUT,78,2026-01-03
M000835,P026,IN,62,2025-08-07
M000836,P002,IN,136,2025-08-28
M000837,P049,OUT,4,2025-12-07
M000838,P052,OUT,180,2025-10-23
M000839,P093,OUT,39,2025-04-10
M000840,P051,IN,54,2025-08-13
M000841,P096,OUT,193,2026-03-01
M000842,P018,OUT,73,2025-11-17
M000843,P024,OUT,97,2025-09-28
M000844,P018,OUT,131,2025-12-29
M000845,P080,IN,200,2026-01-05
M000846,P091,IN,68,2026-01-08
M000847,P046,OUT,9,2025-04-04
M000848,P020,IN,117,2026-02-15
M000849,P048,OUT,114,2025-04-10
M000850,P042,IN,159,2025-08-04
M000851,P062,OUT,75,2026-01-03
M000852,P067,IN,81,2025-05-08
M000853,P036,OUT,174,2025-07-21
M000854,P006,IN,42,2025-09-20
M000855,P059,OUT,173,2025-09-03
M000856,P098,OUT,26,2025-07-17
M000857,P009,IN,96,2025-04-17
M000858,P055,IN,136,2025-12-08
M000859,P001,OUT,112,2025-10-13
M000860,P088,IN,190,2025-03-09
M000861,P039,OUT,167,2025-04-11
M000862,P058,IN,55,2025-10-31
M000863,P054,IN,121,2025-12-31
M000864,P064,OUT,137,2025-11-13
M000865,P042,OUT,42,2026-02-19
M000866,P066,OUT,188,2026-01-07
M000867,P074,IN,161,2025-05-25
M000868,P075,OUT,194,2025-05-27
M000869,P094,OUT,104,2025-09-24
M000870,P070,OUT,193,2025-05-30
M000871,P055,IN,100,2025-12-10
M000872,P002,IN,69,2025-10-07
M000873,P042,IN,79,2025-09-12
M000874,P023,IN,75,2026-02-03
M000875,P018,OUT,21,2025-03-23
M000876,P019,IN,125,2025-07-11
M000877,P055,IN,80,2026-01-29
M000878,P023,IN,106,2025-09-14
M000879,P051,OUT,1,2025-03-26
M000880,P002,IN,198,2025-08-01
M000881,P057,IN,180,2025-07-08
M000882,P100,IN,95,2025-04-24
M000883,P067,OUT,45,2026-02-08
M000884,P067,OUT,81,2025-06-24
M000885,P017,IN,94,2025-07-07
M000886,P042,IN,193,2025-10-26
M000887,P046,IN,47,2025-04-30
M000888,P054,OUT,58,2026-01-10
M000889,P065,OUT,152,2025-10-28
M000890,P063,IN,159,2025-06-17
M000891,P022,OUT,156,2025-04-08
M000892,P002,IN,111,2026-02-01
M000893,P081,OUT,95,2026-02-03
M000894,P068,IN,23,2025-09-15
M000895,P081,IN,109,2025-09-03
M000896,P037,IN,86,2025-04-07
M000897,P018,OUT,189,2025-10-12
M000898,P071,IN,52,2025-04-25
M000899,P053,IN,18,2025-04-14
M000900,P047,OUT,48,2025-07-17
M000901,P012,IN,67,2026-02-05
M000902,P053,OUT,85,2025-09-04
M000903,P036,OUT,73,2025-11-22
M000904,P094,OUT,35,2025-12-29
M000905,P085,OUT,65,2025-05-28
M000906,P010,OUT,12,2025-04-25
M000907,P055,IN,87,2026-01-26
M000908,P028,OUT,148,2025-06-25
M000909,P056,IN,95,2025-05-20
M000910,P004,IN,61,2025-03-24
M000911,P096,OUT,78,2025-06-16
M000912,P016,OUT,29,2025-06-20
M000913,P080,IN,31,2025-05-18
M000914,P070,IN,78,2025-11-10
M000915,P036,IN,181,2025-06-05
M000916,P007,OUT,9,2025-12-28
M000917,P067,IN,49,2025-10-14
M000918,P061,IN,195,2025-09-11
M000919,P089,OUT,133,2025-04-01
M000920,P099,OUT,199,2025-07-07
M000921,P087,IN,117,2025-08-12
M000922,P012,IN,31,2025-10-22
M000923,P008,IN,134,2025-06-27
M000924,P090,IN,54,2025-05-04
M000925,P022,OUT,109,2025-09-06
M000926,P073,OUT,100,2025-04-21
M000927,P008,OUT,175,2025-06-22
M000928,P002,OUT,75,2025-03-21
M000929,P052,IN,130,2025-12-02
M000930,P036,IN,156,2025-12-13
M000931,P039,IN,12,2025-04-18
M000932,P064,IN,18,2025-09-21
M000933,P099,IN,91,2025-03-11
M000934,P096,OUT,105,2025-05-29
M000935,P065,OUT,185,2025-08-30
M000936,P039,OUT,122,2026-02-15
M000937,P002,OUT,90,2026-01-22
M000938,P024,IN,72,2025-03-10
M000939,P016,IN,17,2025-12-02
M000940,P073,IN,73,2025-08-10
M000941,P091,OUT,167,2026-01-31
M000942,P044,OUT,100,2026-01-12
M000943,P025,OUT,69,2026-02-01
M000944,P090,OUT,63,2025-09-27
M000945,P060,IN,174,2025-07-26
M000946,P099,OUT,142,2025-12-28
M000947,P058,OUT,198,2025-06-09
M000948,P015,IN,135,2025-11-08
M000949,P088,IN,20,2025-09-13
M000950,P082,IN,121,2026-01-13
M000951,P071,OUT,70,2025-11-19
M000952,P065,IN,43,2025-09-07
M000953,P043,OUT,32,2025-06-17
M000954,P031,IN,28,2025-07-16
M000955,P050,IN,157,2025-12-01
M000956,P050,OUT,193,2026-01-11
M000957,P090,OUT,187,2025-10-07
M000958,P001,OUT,161,2025-06-16
M000959,P039,OUT,163,2025-10-29
M000960,P002,OUT,68,2025-09-11
M000961,P032,OUT,190,2025-03-12
M000962,P086,IN,180,2025-12-06
M000963,P011,IN,94,2025-04-17
M000964,P097,OUT,149,2025-07-20
M000965,P039,IN,21,2025-08-18
M000966,P062,IN,115,2025-07-21
M000967,P020,OUT,182,2026-03-03
M000968,P063,OUT,83,2025-06-29
M000969,P055,OUT,100,2026-01-19
M000970,P053,OUT,137,2025-10-31
M000971,P099,IN,176,2025-11-04
M000972,P045,IN,45,2025-07-13
M000973,P094,IN,104,2025-05-16
M000974,P029,IN,75,2025-08-10
M000975,P040,OUT,43,2026-01-05
M000976,P010,OUT,32,2025-09-19
M000977,P082,OUT,152,2025-05-21
M000978,P014,OUT,30,2025-04-29
M000979,P018,IN,192,2025-12-24
M000980,P028,OUT,184,2025-08-10
M000981,P044,IN,92,2025-04-18
M000982,P066,IN,162,2025-07-15
M000983,P003,OUT,72,2025-11-29
M000984,P007,IN,77,2025-12-22
M000985,P052,OUT,4,2025-09-10
M000986,P088,OUT,150,2025-10-15
M000987,P074,OUT,154,2025-06-12
M000988,P032,OUT,161,2025-03-12
M000989,P012,IN,60,2025-12-13
M000990,P028,OUT,170,2025-10-28
M000991,P080,IN,139,2026-03-02
M000992,P083,IN,124,2025-07-03
M000993,P020,IN,67,2025-05-26
M000994,P053,OUT,172,2025-03-15
M000995,P074,OUT,85,2025-04-05
M000996,P035,OUT,43,2026-02-09
M000997,P060,IN,91,2025-08-05
M000998,P033,IN,148,2025-07-24
M000999,P010,OUT,167,2025-09-24
M001000,P096,IN,114,2026-03-05
M001001,P003,OUT,167,2025-04-26
M001002,P021,OUT,62,2025-12-04
M001003,P030,OUT,73,2025-07-22
M001004,P055,OUT,60,2025-12-21
M001005,P064,OUT,11,2025-12-01
M001006,P066,OUT,146,2025-06-14
M001007,P059,OUT,95,2026-01-21
M001008,P017,IN,107,2026-01-10
M001009,P071,OUT,200,2025-07-30
M001010,P033,OUT,59,2025-08-01
M001011,P050,IN,40,2025-07-07
M001012,P018,IN,153,2026-02-24
M001013,P021,OUT,104,2026-02-04
M001014,P073,IN,87,2025-10-30
M001015,P059,IN,5,2025-06-27
M001016,P037,IN,103,2025-10-21
M001017,P027,OUT,54,2025-04-17
M001018,P073,OUT,181,2025-12-29
M001019,P047,OUT,18,2025-11-27
M001020,P099,IN,140,2025-08-19
M001021,P087,IN,191,2025-07-19
M001022,P022,IN,156,2025-07-04
M001023,P028,OUT,4,2025-09-20
M001024,P026,OUT,120,2025-11-03
M001025,P092,OUT,17,2025-05-13
M001026,P002,OUT,103,2026-02-09
M001027,P038,OUT,134,2026-01-18
M001028,P063,IN,88,2026-02-23
M001029,P049,OUT,148,2025-04-06
M001030,P015,IN,154,2025-04-04
M001031,P046,OUT,39,2026-01-30
M001032,P051,IN,167,2025-04-07
M001033,P023,OUT,143,2025-07-09
M001034,P031,IN,178,2025-10-20
M001035,P038,OUT,190,2025-10-23
M001036,P055,OUT,36,2025-09-16
M001037,P008,IN,121,2025-05-12
M001038,P065,IN,12,2025-04-24
M001039,P041,IN,88,2025-08-30
M001040,P078,IN,63,2025-09-30
M001041,P061,IN,175,2026-01-03
M001042,P075,OUT,70,2026-01-22
M001043,P075,IN,131,2025-08-31
M001044,P002,IN,120,2025-11-24
M001045,P100,IN,176,2025-06-21
M001046,P034,IN,188,2025-07-11
M001047,P008,IN,29,2025-12-17
M001048,P026,IN,28,2025-12-20
M001049,P029,IN,178,2025-08-25
M001050,P034,IN,186,2025-11-27
M001051,P031,OUT,177,2025-05-13
M001052,P014,IN,79,2025-03-16
M001053,P094,OUT,40,2025-10-09
M001054,P072,OUT,147,2025-08-25
M001055,P070,IN,61,2026-02-16
M001056,P050,OUT,56,2025-08-07
M001057,P077,OUT,200,2025-11-29
M001058,P006,OUT,176,2026-02-05
M001059,P059,IN,120,2026-01-20
M001060,P090,IN,158,2025-08-18
M001061,P021,OUT,183,2025-04-04
M001062,P059,IN,134,2025-05-13
M001063,P010,IN,90,2025-06-03
M001064,P045,OUT,135,2025-11-19
M001065,P091,OUT,21,2025-11-19
M001066,P059,IN,53,2025-06-12
M001067,P043,IN,145,2026-02-17
M001068,P007,OUT,119,2025-03-30
M001069,P078,OUT,187,2026-01-03
M001070,P078,OUT,91,2026-01-03
M001071,P054,IN,142,2025-08-04
M001072,P035,IN,45,2026-01-28
M001073,P050,IN,50,2025-12-24
M001074,P008,OUT,1,2026-01-26
M001075,P066,IN,78,2025-11-06
M001076,P054,OUT,144,2025-10-19
M001077,P082,IN,124,2025-07-26
M001078,P079,OUT,83,2025-12-14
M001079,P033,OUT,45,2025-07-04
M001080,P010,OUT,54,2025-06-01
M001081,P001,IN,191,2025-03-31
M001082,P021,IN,6,2025-12-25
M001083,P025,OUT,25,2025-12-30
M001084,P008,OUT,70,2025-05-02
M001085,P065,IN,136,2025-07-23
M001086,P069,OUT,152,2025-10-27
M001087,P091,IN,26,2026-02-14
M001088,P077,OUT,120,2025-10-27
M001089,P075,OUT,164,2026-01-22
M001090,P095,OUT,87,2025-10-07
M001091,P072,IN,78,2026-03-09
M001092,P085,OUT,91,2025-07-06
M001093,P084,IN,155,2025-09-01
M001094,P045,OUT,118,2025-04-16
M001095,P017,IN,47,2025-04-17
M001096,P052,OUT,186,2025-10-03
M001097,P060,OUT,114,2025-12-07
M001098,P038,IN,198,2026-02-07
M001099,P050,OUT,40,2025-06-21
M001100,P030,IN,131,2025-04-01
M001101,P079,IN,104,2026-01-19
M001102,P095,IN,121,2025-07-19
M001103,P071,OUT,102,2025-06-14
M001104,P059,IN,160,2025-11-01
M001105,P069,IN,133,2025-10-29
M001106,P040,OUT,59,2025-07-25
M001107,P012,OUT,21,2025-07-14
M001108,P009,OUT,57,2025-10-09
M001109,P010,OUT,169,2025-04-06
M001110,P010,OUT,159,2025-12-23
M001111,P003,IN,136,2025-04-10
M001112,P012,IN,181,2025-07-18
M001113,P081,IN,117,2025-03-23
M001114,P018,OUT,147,2026-02-04
M001115,P052,OUT,108,2025-04-30
M001116,P068,IN,170,2025-05-02
M001117,P065,OUT,70,2025-04-25
M001118,P072,IN,10,2025-03-11
M001119,P088,IN,64,2025-10-01
M001120,P064,OUT,14,2026-01-28
M001121,P039,OUT,76,2025-09-28
M001122,P019,OUT,8,2026-01-26
M001123,P057,IN,18,2025-06-12
M001124,P055,IN,60,2025-04-11
M001125,P001,OUT,142,2025-11-19
M001126,P014,OUT,150,2025-07-01
M001127,P032,OUT,152,2025-12-04
M001128,P041,OUT,16,2025-05-15
M001129,P082,IN,131,2025-04-17
M001130,P036,IN,76,2025-07-02
M001131,P026,OUT,197,2025-04-15
M001132,P062,OUT,164,2025-03-13
M001133,P016,OUT,45,2025-07-29
M001134,P047,IN,46,2025-05-30
M001135,P076,OUT,25,2025-09-21
M001136,P017,IN,125,2025-11-05
M001137,P046,OUT,87,2025-09-23
M001138,P075,OUT,74,2025-11-07
M001139,P025,IN,75,2025-08-22
M001140,P014,IN,131,2025-05-24
M001141,P018,OUT,135,2025-03-15
M001142,P054,OUT,44,2025-08-27
M001143,P046,IN,179,2025-07-20
M001144,P002,OUT,56,2025-06-22
M001145,P018,OUT,10,2025-03-18
M001146,P006,IN,89,2025-10-28
M001147,P026,IN,72,2025-11-28
M001148,P076,OUT,55,2025-09-25
M001149,P020,OUT,39,2026-01-21
M001150,P063,OUT,112,2025-03-31
M001151,P025,OUT,188,2025-12-10
M001152,P083,IN,186,2025-08-08
M001153,P090,IN,24,2025-04-12
M001154,P086,OUT,118,2025-10-21
M001155,P099,OUT,141,2025-09-26
M001156,P091,OUT,62,2025-05-28
M001157,P082,IN,110,2025-08-28
M001158,P065,OUT,99,2025-07-31
M001159,P030,OUT,116,2025-04-18
M001160,P054,OUT,185,2025-10-25
M001161,P064,IN,74,2025-09-07
M001162,P023,IN,82,2025-06-23
M001163,P084,IN,187,2025-05-31
M001164,P009,OUT,172,2025-04-13
M001165,P066,IN,199,2025-12-21
M001166,P084,IN,94,2025-10-13
M001167,P052,IN,159,2025-05-15
M001168,P065,OUT,87,2026-02-11
M001169,P028,OUT,97,2025-06-15
M001170,P095,OUT,72,2025-04-26
M001171,P088,OUT,63,2025-11-24
M001172,P040,OUT,21,2025-04-29
M001173,P017,OUT,117,2025-12-22
M001174,P095,IN,150,2025-07-09
M001175,P084,OUT,19,2025-08-28
M001176,P038,OUT,58,2025-08-20
M001177,P081,OUT,197,2025-03-12
M001178,P090,OUT,138,2025-07-06
M001179,P024,IN,125,2025-03-30
M001180,P002,OUT,155,2025-05-07
M001181,P033,OUT,200,2025-12-14
M001182,P035,IN,71,2025-10-19
M001183,P098,OUT,139,2026-01-04
M001184,P100,IN,18,2026-02-15
M001185,P007,OUT,53,2026-01-11
M001186,P038,OUT,177,2026-01-25
M001187,P013,IN,93,2026-01-04
M001188,P049,OUT,117,2025-05-20
M001189,P025,IN,121,2026-02-04
M001190,P099,IN,129,2025-09-20
M001191,P086,IN,183,2025-06-25
M001192,P012,OUT,36,2025-04-16
M001193,P063,OUT,84,2026-01-20
M001194,P059,IN,184,2025-03-24
M001195,P048,IN,199,2025-09-13
M001196,P023,OUT,187,2025-07-19
M001197,P020,OUT,125,2026-01-11
M001198,P039,OUT,143,2026-01-15
M001199,P097,OUT,146,2025-08-27
M001200,P098,OUT,168,2026-01-25
M001201,P041,OUT,12,2025-06-05
M001202,P049,IN,168,2025-05-01
M001203,P002,OUT,178,2025-08-31
M001204,P014,IN,42,2026-03-01
M001205,P087,OUT,97,2025-05-31
M001206,P047,IN,95,2025-08-10
M001207,P058,OUT,101,2025-10-18
M001208,P061,IN,86,2025-08-12
M001209,P100,IN,166,2025-06-01
M001210,P010,OUT,44,2025-09-29
M001211,P067,OUT,6,2025-06-29
M001212,P098,OUT,105,2026-01-17
M001213,P054,IN,57,2026-02-23
M001214,P074,OUT,129,2025-04-21
M001215,P005,OUT,91,2025-04-17
M001216,P050,IN,61,2025-12-19
M001217,P055,IN,156,2025-05-10
M001218,P064,IN,159,2026-01-28
M001219,P053,OUT,115,2025-07-17
M001220,P041,OUT,164,2025-12-02
M001221,P059,IN,50,2026-01-03
M001222,P099,IN,117,2025-08-14
M001223,P096,OUT,104,2025-12-11
M001224,P002,IN,112,2025-11-01
M001225,P060,OUT,84,2025-10-31
M001226,P015,IN,144,2025-05-28
M001227,P082,OUT,192,2025-05-13
M001228,P065,OUT,2,2025-04-22
M001229,P004,OUT,94,2025-07-18
M001230,P073,IN,129,2025-10-17
M001231,P063,IN,156,2025-12-22
M001232,P057,OUT,15,2025-09-05
M001233,P045,OUT,58,2026-01-11
M001234,P009,OUT,168,2025-08-31
M001235,P014,OUT,51,2026-03-03
M001236,P032,IN,200,2026-01-05
M001237,P050,IN,159,2025-09-29
M001238,P007,IN,117,2026-03-01
M001239,P037,OUT,119,2026-02-11
M001240,P098,OUT,10,2026-01-03
M001241,P011,IN,54,2025-10-25
M001242,P014,IN,93,2026-02-05
M001243,P084,OUT,158,2025-06-13
M001244,P072,IN,79,2025-10-10
M001245,P001,OUT,65,2026-03-06
M001246,P039,OUT,147,2025-09-18
M001247,P055,IN,73,2025-06-24
M001248,P006,OUT,108,2025-08-17
M001249,P049,OUT,120,2026-02-21
M001250,P073,IN,137,2025-12-12
M001251,P086,IN,55,2025-08-22
M001252,P042,OUT,165,2026-01-09
M001253,P041,OUT,103,2025-10-15
M001254,P061,OUT,83,2025-10-21
M001255,P027,IN,130,2025-06-22
M001256,P014,OUT,130,2025-10-19
M001257,P100,OUT,18,2025-10-14
M001258,P100,IN,199,2025-11-07
M001259,P042,OUT,179,2025-10-16
M001260,P031,IN,172,2025-04-18
M001261,P034,OUT,36,2025-07-01
M001262,P018,IN,40,2025-04-18
M001263,P073,IN,187,2025-12-01
M001264,P091,OUT,67,2025-11-22
M001265,P094,IN,99,2025-11-14
M001266,P100,IN,103,2025-12-31
M001267,P009,OUT,88,2025-06-20
M001268,P042,OUT,29,2025-09-11
M001269,P089,IN,154,2026-01-31
M001270,P044,OUT,69,2025-08-10
M001271,P071,IN,169,2025-05-19
M001272,P089,IN,173,2025-09-03
M001273,P096,OUT,15,2025-05-17
M001274,P031,OUT,77,2026-01-27
M001275,P005,IN,12,2026-02-05
M001276,P027,IN,142,2026-02-20
M001277,P027,IN,99,2026-02-13
M001278,P053,IN,108,2025-12-15
M001279,P099,IN,191,2025-05-09
M001280,P087,IN,52,2026-01-14
M001281,P011,IN,28,2025-11-05
M001282,P040,OUT,178,2026-03-08
M001283,P021,OUT,43,2025-07-15
M001284,P098,IN,113,2025-06-20
M001285,P021,OUT,54,2026-01-27
M001286,P067,IN,2,2025-05-12
M001287,P024,IN,194,2025-06-03
M001288,P037,OUT,167,2026-01-01
M001289,P092,OUT,145,2025-07-16
M001290,P057,IN,62,2025-08-20
M001291,P087,IN,69,2025-09-19
M001292,P052,OUT,169,2025-05-15
M001293,P094,OUT,90,2025-03-18
M001294,P077,IN,86,2025-09-04
M001295,P068,IN,192,2025-09-13
M001296,P082,IN,181,2025-03-16
M001297,P069,IN,99,2026-02-20
M001298,P034,IN,125,2025-12-10
M001299,P011,OUT,62,2025-04-04
M001300,P004,OUT,197,2025-12-12
M001301,P056,IN,80,2026-01-13
M001302,P099,IN,39,2026-01-10
M001303,P091,OUT,162,2026-02-27
M001304,P057,IN,166,2025-07-03
M001305,P098,IN,31,2025-12-05
M001306,P002,IN,32,2025-10-13
M001307,P040,IN,66,2025-09-14
M001308,P058,OUT,90,2025-08-02
M001309,P048,OUT,140,2025-09-18
M001310,P084,IN,98,2025-07-28
M001311,P096,IN,113,2025-07-06
M001312,P002,OUT,109,2025-12-03
M001313,P038,OUT,11,2025-10-29
M001314,P039,IN,107,2025-12-16
M001315,P063,OUT,144,2025-06-29
M001316,P074,IN,123,2025-12-28
M001317,P016,OUT,130,2026-01-29
M001318,P004,IN,102,2025-07-04
M001319,P064,OUT,57,2025-10-30
M001320,P018,OUT,69,2025-11-06
M001321,P100,OUT,144,2026-02-24
M001322,P062,OUT,198,2025-08-04
M001323,P021,OUT,57,2025-03-29
M001324,P033,IN,12,2025-12-29
M001325,P086,IN,76,2025-04-29
M001326,P041,OUT,198,2025-10-14
M001327,P079,OUT,185,2025-11-09
M001328,P039,IN,153,2025-04-27
M001329,P042,IN,149,2026-02-27
M001330,P097,IN,162,2025-06-23
M001331,P087,IN,146,2025-03-19
M001332,P018,OUT,130,2025-11-10
M001333,P037,OUT,42,2025-04-26
M001334,P076,OUT,124,2026-01-13
M001335,P076,IN,107,2026-01-24
M001336,P077,OUT,7,2025-08-31
M001337,P083,IN,149,2025-04-29
M001338,P068,OUT,45,2025-09-05
M001339,P001,OUT,29,2025-05-05
M001340,P077,OUT,44,2025-05-06
M001341,P078,IN,41,2025-09-13
M001342,P022,IN,100,2025-03-12
M001343,P014,IN,180,2025-10-30
M001344,P099,OUT,70,2025-11-22
M001345,P048,OUT,52,2025-09-18
M001346,P027,IN,128,2025-10-18
M001347,P098,IN,76,2025-09-10
M001348,P061,OUT,16,2025-07-06
M001349,P063,IN,29,2025-09-13
M001350,P059,IN,54,2025-12-28
M001351,P044,IN,85,2025-11-15
M001352,P025,IN,156,2025-08-24
M001353,P033,IN,49,2025-07-08
M001354,P074,IN,52,2025-06-23
M001355,P015,OUT,27,2026-02-14
M001356,P087,OUT,192,2026-01-19
M001357,P092,IN,62,2025-08-05
M001358,P038,OUT,9,2025-11-04
M001359,P038,OUT,73,2025-06-23
M001360,P074,OUT,127,2025-06-24
M001361,P054,OUT,102,2025-07-07
M001362,P002,IN,109,2025-05-19
M001363,P055,IN,148,2025-10-16
M001364,P037,OUT,37,2025-03-24
M001365,P014,OUT,80,2026-03-07
M001366,P085,IN,14,2025-03-18
M001367,P098,OUT,99,2026-02-03
M001368,P027,IN,64,2025-06-17
M001369,P067,IN,165,2025-07-11
M001370,P034,IN,89,2026-01-28
M001371,P004,IN,169,2025-04-06
M001372,P047,IN,151,2026-01-24
M001373,P024,IN,162,2025-09-27
M001374,P068,OUT,45,2026-02-27
M001375,P038,IN,183,2025-11-04
M001376,P095,IN,73,2025-06-08
M001377,P001,OUT,150,2025-06-03
M001378,P044,IN,168,2026-01-08
M001379,P042,IN,84,2025-08-31
M001380,P023,IN,87,2025-07-08
M001381,P002,IN,118,2025-11-15
M001382,P021,OUT,35,2025-07-27
M001383,P026,IN,63,2026-02-20
M001384,P038,IN,93,2025-05-19
M001385,P073,OUT,172,2025-12-14
M001386,P079,IN,39,2025-11-11
M001387,P009,IN,137,2025-04-16
M001388,P059,OUT,58,2025-06-03
M001389,P062,IN,181,2025-08-01
M001390,P010,IN,191,2026-02-03
M001391,P019,OUT,12,2025-06-03
M001392,P051,OUT,196,2025-12-27
M001393,P012,OUT,142,2025-03-14
M001394,P010,OUT,148,2026-03-03
M001395,P037,IN,114,2025-12-01
M001396,P017,OUT,177,2025-09-16
M001397,P085,OUT,18,2026-02-06
M001398,P077,OUT,64,2025-03-18
M001399,P087,OUT,118,2025-06-27
M001400,P092,OUT,82,2025-11-10
M001401,P047,IN,35,2025-07-01
M001402,P056,IN,18,2026-01-12
M001403,P008,IN,41,2025-08-08
M001404,P011,IN,43,2025-08-16
M001405,P091,OUT,188,2025-07-23
M001406,P045,OUT,36,2025-03-22
M001407,P030,IN,57,2025-06-15
M001408,P069,OUT,141,2025-07-29
M001409,P026,OUT,120,2025-04-23
M001410,P006,OUT,115,2025-09-22
M001411,P024,IN,73,2025-12-16
M001412,P019,IN,29,2025-12-23
M001413,P095,OUT,102,2026-03-09
M001414,P048,IN,29,2025-05-07
M001415,P037,IN,83,2026-01-14
M001416,P043,IN,22,2025-09-07
M001417,P008,IN,132,2025-10-23
M001418,P015,IN,134,2025-05-21
M001419,P068,OUT,110,2025-11-28
M001420,P069,IN,146,2025-09-02
M001421,P046,IN,43,2025-08-02
M001422,P021,OUT,161,2025-12-07
M001423,P053,OUT,11,2025-10-06
M001424,P055,IN,173,2026-01-18
M001425,P056,IN,132,2025-03-30
M001426,P036,IN,85,2025-03-09
M001427,P057,OUT,103,2025-11-25
M001428,P029,IN,79,2026-01-26
M001429,P096,OUT,96,2025-03-19
M001430,P072,IN,95,2026-01-27
M001431,P038,IN,184,2026-02-18
M001432,P085,OUT,148,2025-07-08
M001433,P053,OUT,47,2025-04-11
M001434,P022,OUT,191,2025-03-21
M001435,P025,IN,160,2025-12-16
M001436,P057,IN,87,2025-09-07
M001437,P062,OUT,192,2025-12-30
M001438,P078,IN,63,2025-09-14
M001439,P089,OUT,194,2026-02-05
M001440,P060,IN,43,2025-05-01
M001441,P025,OUT,120,2025-08-28
M001442,P084,IN,161,2025-06-28
M001443,P036,OUT,2,2025-06-06
M001444,P084,OUT,124,2026-01-03
M001445,P083,IN,168,2025-12-30
M001446,P088,IN,165,2025-04-22
M001447,P012,OUT,2,2025-07-28
M001448,P002,OUT,111,2025-06-16
M001449,P097,IN,27,2025-06-12
M001450,P035,OUT,12,2025-12-15
M001451,P049,IN,169,2025-09-26
M001452,P050,IN,59,2025-05-08
M001453,P070,IN,183,2025-06-21
M001454,P064,OUT,44,2025-08-08
M001455,P074,OUT,184,2025-07-29
M001456,P092,OUT,77,2026-01-07
M001457,P041,IN,72,2025-06-01
M001458,P009,OUT,114,2025-09-04
M001459,P079,IN,78,2026-02-16
M001460,P054,IN,157,2025-11-03
M001461,P079,OUT,154,2026-02-15
M001462,P010,IN,35,2025-12-22
M001463,P012,OUT,164,2026-02-03
M001464,P038,OUT,134,2025-07-03
M001465,P063,IN,160,2025-12-19
M001466,P078,OUT,137,2025-12-18
M001467,P018,OUT,47,2026-01-14
M001468,P020,IN,157,2025-06-06
M001469,P002,IN,5,2025-06-22
M001470,P092,IN,108,2025-09-21
M001471,P044,IN,74,2025-08-10
M001472,P029,OUT,170,2025-11-01
M001473,P055,IN,58,2025-12-22
M001474,P099,OUT,27,2025-04-03
M001475,P019,IN,161,2025-08-18
M001476,P065,IN,13,2025-11-05
M001477,P034,IN,163,2025-05-09
M001478,P060,OUT,176,2025-09-26
M001479,P036,IN,158,2025-04-04
M001480,P014,OUT,22,2026-01-28
M001481,P053,OUT,117,2026-03-09
M001482,P047,OUT,169,2025-10-21
M001483,P081,IN,156,2025-09-23
M001484,P067,IN,186,2025-10-01
M001485,P066,IN,51,2025-08-21
M001486,P099,OUT,137,2025-06-28
M001487,P039,IN,55,2026-01-03
M001488,P041,IN,112,2025-03-18
M001489,P096,OUT,85,2025-06-26
M001490,P013,IN,37,2025-10-03
M001491,P060,IN,60,2026-01-23
M001492,P064,IN,85,2026-01-26
M001493,P030,IN,50,2025-07-27
M001494,P040,OUT,64,2025-05-10
M001495,P057,IN,80,2026-01-11
M001496,P029,OUT,118,2025-10-02
M001497,P075,OUT,141,2025-08-14
M001498,P094,IN,168,2026-02-25
M001499,P021,OUT,90,2025-10-19
M001500,P051,IN,182,2025-08-07
M001501,P062,OUT,77,2025-03-23
M001502,P077,OUT,127,2025-05-28
M001503,P054,IN,15,2025-08-31
M001504,P094,OUT,175,2025-09-14
M001505,P024,OUT,120,2025-05-11
M001506,P013,OUT,27,2025-10-31
M001507,P055,IN,20,2026-02-19
M001508,P031,IN,117,2025-11-06
M001509,P067,IN,157,2025-05-19
M001510,P099,OUT,168,2025-10-22
M001511,P009,IN,143,2025-12-27
M001512,P065,OUT,170,2026-02-05
M001513,P018,OUT,47,2025-11-24
M001514,P012,OUT,11,2025-04-06
M001515,P008,IN,149,2025-12-23
M001516,P082,IN,30,2025-08-29
M001517,P065,OUT,23,2026-02-09
M001518,P030,OUT,68,2025-10-07
M001519,P049,IN,160,2025-08-31
M001520,P055,IN,149,2025-03-27
M001521,P100,IN,197,2025-06-01
M001522,P041,OUT,176,2026-02-17
M001523,P076,IN,167,2025-06-17
M001524,P022,OUT,175,2025-07-05
M001525,P059,OUT,161,2025-06-11
M001526,P045,OUT,14,2025-12-10
M001527,P044,OUT,121,2026-01-09
M001528,P096,IN,20,2025-05-07
M001529,P058,OUT,78,2025-09-30
M001530,P073,OUT,173,2025-12-01
M001531,P023,IN,150,2025-12-10
M001532,P036,OUT,64,2025-12-22
M001533,P081,OUT,58,2025-11-04
M001534,P013,IN,71,2025-07-03
M001535,P080,OUT,16,2025-07-25
M001536,P084,IN,117,2025-05-24
M001537,P013,IN,188,2025-09-20
M001538,P015,IN,165,2025-12-16
M001539,P084,IN,146,2025-05-09
M001540,P082,IN,15,2025-03-28
M001541,P069,OUT,154,2026-01-21
M001542,P010,OUT,67,2026-02-24
M001543,P021,OUT,184,2025-10-01
M001544,P057,IN,75,2025-12-09
M001545,P012,OUT,97,2025-12-23
M001546,P063,IN,94,2026-01-15
M001547,P031,OUT,100,2025-09-19
M001548,P039,OUT,98,2025-03-21
M001549,P016,IN,7,2025-04-24
M001550,P054,OUT,49,2025-06-07
M001551,P026,OUT,139,2025-11-22
M001552,P020,OUT,197,2025-09-27
M001553,P036,IN,52,2025-04-26
M001554,P009,OUT,188,2025-04-16
M001555,P032,IN,10,2026-02-03
M001556,P036,OUT,77,2025-04-25
M001557,P096,IN,11,2026-02-17
M001558,P046,OUT,186,2026-01-12
M001559,P033,OUT,48,2025-04-07
M001560,P006,IN,72,2025-12-17
M001561,P099,OUT,11,2026-01-05
M001562,P065,OUT,81,2026-03-06
M001563,P057,IN,68,2026-01-14
M001564,P063,OUT,180,2025-05-01
M001565,P037,OUT,58,2025-07-20
M001566,P041,OUT,109,2026-03-01
M001567,P099,OUT,184,2025-06-18
M001568,P054,OUT,123,2025-11-29
M001569,P079,IN,101,2025-11-09
M001570,P070,OUT,47,2025-06-28
M001571,P014,IN,38,2025-08-22
M001572,P007,IN,88,2025-08-31
M001573,P090,IN,2,2026-02-22
M001574,P040,IN,14,2025-10-29
M001575,P078,IN,42,2026-02-03
M001576,P058,OUT,44,2025-04-03
M001577,P044,OUT,102,2026-01-22
M001578,P095,OUT,52,2025-07-17
M001579,P061,IN,79,2025-09-26
M001580,P064,OUT,101,2025-10-25
M001581,P034,IN,17,2025-12-29
M001582,P032,OUT,20,2025-10-21
M001583,P088,IN,53,2025-11-03
M001584,P041,IN,67,2025-09-18
M001585,P058,OUT,154,2025-10-14
M001586,P052,IN,183,2026-02-08
M001587,P074,OUT,63,2025-05-21
M001588,P005,OUT,62,2025-11-10
M001589,P058,IN,17,2025-12-28
M001590,P019,OUT,186,2025-09-25
M001591,P081,OUT,50,2026-01-26
M001592,P077,IN,105,2025-08-18
M001593,P031,IN,14,2025-04-12
M001594,P004,OUT,60,2026-01-07
M001595,P034,OUT,75,2025-08-04
M001596,P005,OUT,172,2026-03-08
M001597,P011,OUT,53,2025-06-20
M001598,P079,IN,61,2025-08-11
M001599,P052,OUT,108,2026-01-03
M001600,P025,OUT,169,2025-12-21
M001601,P057,IN,110,2025-12-03
M001602,P077,IN,196,2025-12-29
M001603,P060,OUT,188,2025-10-14
M001604,P055,OUT,129,2025-04-09
M001605,P035,OUT,31,2025-03-12
M001606,P043,OUT,89,2025-11-22
M001607,P071,IN,19,2025-04-18
M001608,P034,OUT,118,2025-05-22
M001609,P058,IN,107,2025-08-08
M001610,P047,OUT,176,2025-03-21
M001611,P055,OUT,72,2025-10-28
M001612,P072,IN,77,2025-04-16
M001613,P033,OUT,153,2025-07-11
M001614,P085,OUT,105,2025-08-08
M001615,P022,IN,12,2025-09-12
M001616,P015,OUT,193,2025-04-09
M001617,P086,IN,52,2025-09-12
M001618,P043,OUT,138,2025-08-18
M001619,P004,OUT,77,2025-09-08
M001620,P034,OUT,193,2025-07-10
M001621,P052,IN,126,2025-09-28
M001622,P053,OUT,31,2025-08-20
M001623,P039,OUT,79,2025-03-23
M001624,P099,OUT,89,2025-06-05
M001625,P042,IN,87,2025-08-15
M001626,P008,IN,200,2025-06-20
M001627,P002,IN,40,2025-03-17
M001628,P064,OUT,184,2025-08-29
M001629,P075,OUT,55,2025-11-25
M001630,P075,IN,148,2025-03-23
M001631,P096,IN,99,2025-04-16
M001632,P090,IN,5,2026-01-18
M001633,P029,OUT,173,2025-09-04
M001634,P088,OUT,74,2025-04-13
M001635,P066,IN,15,2026-01-20
M001636,P074,IN,156,2025-08-13
M001637,P090,IN,101,2026-01-14
M001638,P034,IN,73,2025-12-30
M001639,P063,IN,85,2026-02-20
M001640,P026,OUT,1,2025-09-14
M001641,P028,OUT,15,2025-03-17
M001642,P035,OUT,25,2026-02-18
M001643,P021,IN,32,2025-06-27
M001644,P044,OUT,176,2025-08-31
M001645,P087,OUT,7,2025-12-10
M001646,P076,OUT,30,2025-08-02
M001647,P028,IN,122,2025-03-22
M001648,P040,OUT,193,2025-03-16
M001649,P067,IN,22,2025-11-12
M001650,P076,OUT,142,2025-07-16
M001651,P023,OUT,104,2025-08-30
M001652,P027,OUT,22,2026-01-19
M001653,P004,IN,143,2025-03-22
M001654,P038,IN,75,2025-06-07
M001655,P040,IN,181,2025-08-09
M001656,P028,OUT,89,2025-09-16
M001657,P008,OUT,187,2025-03-18
M001658,P056,IN,3,2026-01-04
M001659,P028,OUT,107,2025-08-01
M001660,P089,OUT,125,2026-03-03
M001661,P006,OUT,41,2025-10-26
M001662,P031,OUT,162,2025-06-07
M001663,P100,OUT,29,2025-10-31
M001664,P096,OUT,91,2026-01-04
M001665,P032,IN,108,2025-04-15
M001666,P079,OUT,120,2025-12-30
M001667,P047,OUT,122,2025-12-24
M001668,P012,OUT,131,2025-12-24
M001669,P038,OUT,65,2025-04-11
M001670,P026,OUT,3,2025-06-30
M001671,P044,IN,161,2025-11-05
M001672,P056,IN,191,2025-06-22
M001673,P072,IN,176,2025-08-12
M001674,P053,OUT,115,2025-04-28
M001675,P062,IN,78,2025-04-20
M001676,P099,OUT,47,2025-09-22
M001677,P070,IN,186,2025-05-19
M001678,P029,OUT,149,2025-05-02
M001679,P052,IN,184,2025-07-27
M001680,P009,IN,2,2026-02-05
M001681,P037,OUT,103,2025-12-26
M001682,P039,IN,104,2025-12-16
M001683,P050,IN,181,2025-08-12
M001684,P041,IN,156,2025-09-22
M001685,P082,IN,129,2025-08-06
M001686,P037,OUT,23,2026-02-18
M001687,P061,OUT,133,2025-06-06
M001688,P053,OUT,130,2025-03-13
M001689,P020,IN,12,2025-06-07
M001690,P027,IN,122,2025-09-02
M001691,P018,IN,73,2025-09-04
M001692,P055,OUT,54,2026-02-03
M001693,P003,OUT,82,2025-06-26
M001694,P005,IN,172,2025-10-25
M001695,P011,IN,80,2025-06-13
M001696,P081,OUT,57,2025-12-13
M001697,P045,OUT,82,2025-10-08
M001698,P056,IN,35,2025-04-05
M001699,P095,OUT,116,2025-06-02
M001700,P006,IN,150,2025-04-30
M001701,P062,OUT,125,2025-09-02
M001702,P006,IN,112,2025-07-29
M001703,P085,IN,139,2026-01-10
M001704,P053,OUT,23,2025-09-17
M001705,P088,OUT,192,2025-12-30
M001706,P064,OUT,118,2025-12-25
M001707,P038,OUT,4,2025-04-26
M001708,P068,IN,32,2025-08-09
M001709,P052,IN,34,2025-07-28
M001710,P013,IN,2,2025-11-16
M001711,P097,IN,164,2026-01-13
M001712,P066,IN,88,2026-02-24
M001713,P043,OUT,43,2025-10-25
M001714,P096,IN,189,2025-09-26
M001715,P057,IN,200,2026-02-07
M001716,P053,IN,62,2025-03-23
M001717,P071,IN,186,2026-01-13
M001718,P033,OUT,71,2025-03-24
M001719,P023,IN,29,2025-05-02
M001720,P017,IN,179,2025-09-21
M001721,P004,IN,92,2025-11-12
M001722,P084,IN,150,2025-11-20
M001723,P060,OUT,40,2025-08-10
M001724,P044,IN,122,2025-06-02
M001725,P012,OUT,35,2025-10-05
M001726,P028,OUT,42,2025-10-26
M001727,P053,OUT,175,2026-02-20
M001728,P096,OUT,8,2025-07-09
M001729,P077,OUT,10,2025-05-29
M001730,P070,OUT,103,2026-02-23
M001731,P013,IN,81,2025-07-01
M001732,P040,IN,6,2025-06-06
M001733,P071,OUT,159,2025-06-26
M001734,P090,IN,103,2026-02-23
M001735,P002,IN,101,2025-05-05
M001736,P070,OUT,140,2025-11-25
M001737,P063,OUT,1,2026-02-04
M001738,P032,OUT,31,2025-08-25
M001739,P086,IN,102,2026-01-29
M001740,P005,IN,107,2025-10-15
M001741,P008,IN,17,2025-08-09
M001742,P016,IN,28,2025-12-07
M001743,P017,OUT,156,2025-10-05
M001744,P016,OUT,22,2025-04-18
M001745,P014,IN,108,2025-03-23
M001746,P061,IN,101,2025-10-29
M001747,P061,OUT,76,2025-12-23
M001748,P070,IN,190,2026-02-01
M001749,P067,OUT,27,2026-03-02
M001750,P032,OUT,116,2025-11-21
M001751,P027,IN,3,2025-10-22
M001752,P046,IN,25,2025-09-13
M001753,P057,OUT,191,2025-12-02
M001754,P091,IN,144,2025-04-27
M001755,P066,OUT,23,2026-02-22
M001756,P005,OUT,29,2025-12-26
M001757,P079,IN,64,2025-04-14
M001758,P030,OUT,33,2025-11-30
M001759,P094,OUT,177,2025-08-21
M001760,P018,OUT,52,2025-05-20
M001761,P060,OUT,5,2025-08-03
M001762,P071,OUT,68,2025-08-03
M001763,P063,IN,19,2026-02-02
M001764,P055,OUT,99,2025-05-16
M001765,P039,OUT,74,2025-09-16
M001766,P098,IN,87,2025-06-24
M001767,P075,OUT,5,2025-04-26
M001768,P089,IN,22,2025-08-31
M001769,P046,OUT,12,2025-12-21
M001770,P014,IN,131,2025-07-10
M001771,P036,IN,91,2025-06-17
M001772,P057,IN,31,2025-04-24
M001773,P081,OUT,36,2025-04-27
M001774,P100,OUT,93,2025-05-26
M001775,P037,IN,103,2025-09-21
M001776,P077,IN,5,2026-01-25
M001777,P005,IN,155,2025-03-12
M001778,P010,OUT,108,2025-08-26
M001779,P083,OUT,39,2025-11-05
M001780,P090,OUT,149,2025-09-12
M001781,P004,OUT,94,2025-05-11
M001782,P084,IN,166,2025-06-29
M001783,P049,IN,30,2025-08-12
M001784,P048,IN,31,2025-09-20
M001785,P076,OUT,80,2026-01-26
M001786,P073,OUT,2,2025-09-22
M001787,P051,OUT,65,2026-03-07
M001788,P013,IN,144,2026-01-23
M001789,P066,IN,108,2025-09-07
M001790,P029,IN,184,2025-03-17
M001791,P045,IN,49,2025-10-01
M001792,P078,OUT,26,2025-12-31
M001793,P033,OUT,168,2026-01-01
M001794,P082,IN,130,2025-06-25
M001795,P098,OUT,180,2025-08-21
M001796,P018,IN,53,2025-04-19
M001797,P076,IN,170,2026-02-10
M001798,P003,IN,130,2025-11-08
M001799,P036,IN,150,2025-05-04
M001800,P074,IN,136,2025-04-06
M001801,P048,OUT,89,2025-07-19
M001802,P051,IN,188,2025-10-04
M001803,P059,OUT,98,2025-03-19
M001804,P020,IN,8,2026-02-23
M001805,P041,OUT,21,2025-07-27
M001806,P059,OUT,88,2026-01-16
M001807,P040,OUT,134,2025-06-11
M001808,P054,IN,162,2025-05-27
M001809,P059,IN,57,2025-11-08
M001810,P004,OUT,157,2026-02-06
M001811,P057,IN,161,2025-07-08
M001812,P057,IN,1,2026-01-11
M001813,P038,OUT,85,2025-05-01
M001814,P068,OUT,186,2025-12-13
M001815,P043,OUT,32,2025-07-07
M001816,P003,OUT,71,2025-03-09
M001817,P053,OUT,154,2025-03-13
M001818,P003,IN,189,2025-03-09
M001819,P075,IN,118,2025-10-29
M001820,P090,IN,117,2025-05-12
M001821,P032,OUT,173,2025-10-19
M001822,P052,IN,174,2025-08-12
M001823,P061,OUT,166,2025-06-19
M001824,P071,IN,197,2025-07-03
M001825,P069,IN,189,2025-12-09
M001826,P028,OUT,59,2025-10-05
M001827,P090,OUT,60,2025-11-10
M001828,P005,IN,152,2025-07-19
M001829,P094,IN,157,2025-10-22
M001830,P044,IN,146,2025-04-26
M001831,P098,OUT,55,2025-10-07
M001832,P082,IN,141,2025-12-07
M001833,P075,IN,15,2025-07-06
M001834,P086,OUT,75,2025-06-29
M001835,P100,OUT,18,2025-10-05
M001836,P054,IN,187,2025-10-13
M001837,P091,OUT,159,2025-05-21
M001838,P044,IN,181,2025-10-19
M001839,P033,IN,93,2025-08-14
M001840,P056,OUT,26,2025-05-29
M001841,P040,IN,21,2026-03-07
M001842,P002,OUT,73,2025-08-02
M001843,P060,IN,79,2025-11-04
M001844,P036,IN,36,2025-07-15
M001845,P094,OUT,1,2026-01-31
M001846,P046,IN,59,2025-10-27
M001847,P094,OUT,180,2025-04-05
M001848,P057,OUT,67,2025-11-12
M001849,P078,OUT,163,2025-05-08
M001850,P066,IN,102,2025-10-22
M001851,P072,IN,124,2025-07-03
M001852,P056,OUT,12,2025-06-28
M001853,P089,OUT,142,2025-11-14
M001854,P079,IN,128,2025-03-21
M001855,P084,OUT,156,2025-12-23
M001856,P003,IN,1,2026-02-12
M001857,P011,IN,171,2025-07-03
M001858,P074,IN,64,2025-09-21
M001859,P094,IN,183,2025-11-23
M001860,P054,IN,169,2025-08-13
M001861,P091,IN,86,2026-02-24
M001862,P065,OUT,122,2025-06-07
M001863,P063,IN,133,2025-09-14
M001864,P060,OUT,80,2025-08-30
M001865,P015,OUT,142,2025-03-31
M001866,P036,OUT,26,2025-06-01
M001867,P032,IN,136,2025-08-25
M001868,P022,IN,150,2025-06-25
M001869,P029,OUT,90,2025-09-25
M001870,P096,OUT,7,2026-03-01
M001871,P004,OUT,69,2025-11-04
M001872,P036,IN,94,2025-05-07
M001873,P028,OUT,175,2025-04-18
M001874,P055,OUT,116,2025-09-04
M001875,P037,OUT,57,2025-08-08
M001876,P088,IN,43,2026-02-26
M001877,P046,IN,118,2025-10-23
M001878,P059,IN,78,2026-01-12
M001879,P064,IN,183,2025-05-26
M001880,P027,IN,129,2025-11-16
M001881,P019,IN,129,2025-11-20
M001882,P047,IN,134,2025-09-19
M001883,P016,IN,67,2025-11-18
M001884,P085,OUT,108,2026-01-25
M001885,P066,IN,31,2025-10-31
M001886,P028,IN,128,2025-09-27
M001887,P082,IN,155,2025-03-21
M001888,P069,OUT,150,2025-09-25
M001889,P087,OUT,84,2025-05-05
M001890,P009,OUT,145,2025-03-09
M001891,P045,OUT,109,2025-09-25
M001892,P015,OUT,187,2025-05-05
M001893,P037,OUT,80,2025-05-05
M001894,P090,IN,6,2025-04-25
M001895,P100,IN,99,2026-01-12
M001896,P029,IN,179,2025-12-13
M001897,P024,IN,17,2025-03-11
M001898,P002,OUT,103,2026-01-11
M001899,P075,IN,128,2025-03-28
M001900,P018,OUT,66,2026-02-19
M001901,P092,IN,12,2026-02-21
M001902,P068,OUT,136,2025-09-08
M001903,P021,OUT,38,2025-11-11
M001904,P002,OUT,59,2025-09-18
M001905,P093,OUT,146,2025-03-28
M001906,P036,OUT,56,2025-08-28
M001907,P013,OUT,175,2025-04-24
M001908,P053,IN,120,2025-08-01
M001909,P024,OUT,89,2025-03-09
M001910,P082,OUT,34,2025-04-30
M001911,P028,OUT,100,2025-11-01
M001912,P062,OUT,17,2025-07-23
M001913,P002,OUT,39,2025-07-20
M001914,P067,IN,80,2025-12-08
M001915,P031,OUT,197,2025-09-20
M001916,P084,IN,119,2026-02-14
M001917,P073,IN,52,2025-10-24
M001918,P087,IN,135,2025-04-05
M001919,P025,OUT,162,2025-12-29
M001920,P009,IN,193,2025-04-30
M001921,P044,IN,145,2025-03-13
M001922,P045,IN,84,2025-07-12
M001923,P013,IN,7,2026-01-05
M001924,P030,OUT,39,2025-03-15
M001925,P100,IN,171,2025-11-16
M001926,P016,OUT,98,2025-09-14
M001927,P100,IN,108,2026-03-05
M001928,P074,OUT,70,2025-07-06
M001929,P021,OUT,72,2025-12-06
M001930,P048,OUT,9,2025-07-29
M001931,P018,IN,81,2025-08-28
M001932,P099,OUT,45,2025-07-27
M001933,P065,IN,150,2025-09-06
M001934,P092,OUT,132,2026-02-11
M001935,P079,OUT,36,2026-02-09
M001936,P078,OUT,124,2025-05-13
M001937,P049,OUT,56,2025-08-16
M001938,P065,OUT,5,2026-01-28
M001939,P090,OUT,23,2025-07-20
M001940,P046,IN,45,2026-02-18
M001941,P078,OUT,26,2025-06-01
M001942,P044,IN,174,2025-07-16
M001943,P085,OUT,113,2025-03-28
M001944,P060,IN,164,2025-04-18
M001945,P020,OUT,134,2025-10-04
M001946,P091,OUT,39,2025-10-02
M001947,P093,OUT,36,2025-10-12
M001948,P023,OUT,92,2025-03-20
M001949,P055,IN,162,2025-11-14
M001950,P051,IN,164,2025-08-31
M001951,P018,IN,199,2026-03-03
M001952,P016,OUT,79,2025-12-27
M001953,P060,IN,33,2025-07-24
M001954,P056,IN,135,2025-12-15
M001955,P028,OUT,177,2025-12-11
M001956,P031,OUT,148,2025-05-07
M001957,P041,IN,138,2026-02-18
M001958,P087,IN,40,2025-03-29
M001959,P023,IN,19,2025-12-11
M001960,P059,OUT,101,2025-11-29
M001961,P045,OUT,87,2025-12-04
M001962,P002,OUT,48,2025-05-27
M001963,P048,OUT,167,2025-06-05
M001964,P092,IN,38,2025-08-21
M001965,P046,IN,108,2026-02-03
M001966,P092,OUT,110,2025-08-25
M001967,P056,IN,178,2025-03-09
M001968,P021,OUT,75,2025-12-27
M001969,P042,OUT,138,2025-09-16
M001970,P004,OUT,86,2025-04-30
M001971,P029,OUT,28,2025-03-19
M001972,P068,OUT,55,2025-03-14
M001973,P082,OUT,147,2025-07-29
M001974,P070,OUT,7,2025-06-02
M001975,P030,IN,119,2026-02-05
M001976,P046,IN,187,2025-08-28
M001977,P009,IN,72,2026-01-26
M001978,P068,IN,49,2026-01-22
M001979,P081,IN,149,2025-12-29
M001980,P054,IN,80,2025-12-13
M001981,P027,IN,96,2025-10-09
M001982,P008,OUT,39,2025-06-06
M001983,P069,OUT,126,2025-09-05
M001984,P056,OUT,46,2025-08-10
M001985,P077,OUT,116,2026-02-10
M001986,P060,IN,11,2025-04-20
M001987,P041,OUT,6,2025-09-05
M001988,P033,OUT,70,2025-09-26
M001989,P024,IN,63,2025-10-16
M001990,P006,IN,147,2025-07-21
M001991,P098,IN,120,2025-07-03
M001992,P056,IN,66,2025-12-09
M001993,P086,OUT,32,2025-05-23
M001994,P081,OUT,156,2025-12-12
M001995,P077,IN,197,2025-08-31
M001996,P001,OUT,175,2026-02-23
M001997,P025,IN,11,2025-10-03
M001998,P014,OUT,2,2025-10-09
M001999,P078,IN,184,2025-09-29
M002000,P098,OUT,197,2025-04-02
M002001,P037,OUT,152,2025-05-31
M002002,P099,OUT,142,2025-11-23
M002003,P084,OUT,110,2025-10-03
M002004,P069,OUT,52,2025-07-12
M002005,P070,OUT,10,2025-08-21
M002006,P010,IN,74,2026-02-07
M002007,P028,IN,53,2025-11-16
M002008,P055,OUT,177,2025-05-21
M002009,P094,IN,194,2025-09-12
M002010,P071,OUT,190,2025-10-08
M002011,P005,IN,90,2025-09-19
M002012,P029,OUT,189,2025-12-03
M002013,P095,OUT,106,2025-05-14
M002014,P018,IN,22,2026-02-06
M002015,P065,OUT,20,2025-05-12
M002016,P054,IN,115,2025-05-11
M002017,P013,IN,19,2025-09-16
M002018,P053,IN,172,2026-02-04
M002019,P067,IN,93,2025-11-23
M002020,P037,OUT,173,2025-03-31
M002021,P039,OUT,184,2025-06-03
M002022,P046,OUT,40,2025-12-19
M002023,P067,IN,92,2026-01-03
M002024,P084,OUT,180,2026-03-06
M002025,P064,IN,111,2025-05-04
M002026,P007,IN,143,2025-06-01
M002027,P087,OUT,193,2025-11-03
M002028,P074,OUT,70,2025-11-17
M002029,P005,IN,9,2025-07-26
M002030,P082,IN,153,2025-11-30
M002031,P044,OUT,4,2026-02-08
M002032,P014,OUT,12,2025-04-05
M002033,P083,IN,45,2025-03-26
M002034,P079,OUT,40,2026-01-23
M002035,P078,OUT,28,2026-02-18
M002036,P031,IN,116,2025-05-28
M002037,P008,IN,87,2025-10-12
M002038,P038,OUT,163,2026-03-04
M002039,P074,IN,45,2026-01-01
M002040,P012,OUT,184,2025-12-15
M002041,P035,OUT,94,2026-02-15
M002042,P072,IN,129,2026-02-27
M002043,P010,IN,144,2025-08-23
M002044,P009,OUT,199,2025-06-02
M002045,P073,IN,198,2025-12-13
M002046,P045,OUT,167,2025-07-22
M002047,P058,OUT,175,2025-08-04
M002048,P033,OUT,161,2025-03-19
M002049,P063,IN,143,2025-03-18
M002050,P070,OUT,49,2025-05-08
M002051,P055,OUT,29,2025-04-21
M002052,P018,OUT,123,2025-06-02
M002053,P029,OUT,177,2025-05-07
M002054,P089,IN,78,2026-01-06
M002055,P030,OUT,98,2025-11-29
M002056,P071,IN,134,2025-07-21
M002057,P013,OUT,115,2025-12-04
M002058,P033,IN,42,2026-01-04
M002059,P019,IN,86,2025-05-05
M002060,P039,IN,25,2026-01-28
M002061,P058,IN,135,2025-06-21
M002062,P028,IN,134,2026-01-17
M002063,P009,OUT,31,2025-09-28
M002064,P054,OUT,6,2026-01-17
M002065,P036,IN,42,2025-09-28
M002066,P086,IN,166,2025-03-19
M002067,P086,OUT,97,2026-01-13
M002068,P009,OUT,140,2025-11-11
M002069,P045,OUT,93,2026-02-08
M002070,P074,IN,71,2026-02-17
M002071,P072,IN,12,2025-09-27
M002072,P084,IN,42,2025-08-25
M002073,P097,IN,89,2025-04-17
M002074,P069,IN,99,2025-05-16
M002075,P055,OUT,141,2025-07-10
M002076,P006,IN,12,2025-05-23
M002077,P004,OUT,141,2026-01-20
M002078,P076,OUT,173,2025-03-20
M002079,P074,OUT,16,2025-07-28
M002080,P048,IN,44,2025-12-28
M002081,P030,IN,96,2025-11-23
M002082,P084,IN,150,2025-05-07
M002083,P035,OUT,42,2026-02-05
M002084,P020,OUT,79,2026-02-24
M002085,P076,IN,179,2026-02-14
M002086,P026,OUT,200,2025-12-25
M002087,P035,OUT,86,2025-08-08
M002088,P040,IN,53,2025-11-04
M002089,P091,IN,75,2025-06-23
M002090,P023,IN,138,2025-07-03
M002091,P072,OUT,109,2025-12-04
M002092,P031,OUT,141,2025-04-05
M002093,P001,OUT,197,2025-09-03
M002094,P080,OUT,1,2025-09-23
M002095,P058,IN,174,2025-04-05
M002096,P012,IN,149,2025-06-27
M002097,P055,IN,83,2025-07-18
M002098,P082,IN,61,2025-09-11
M002099,P061,IN,55,2025-09-26
M002100,P075,OUT,21,2025-04-18
M002101,P100,IN,17,2025-09-01
M002102,P044,OUT,5,2025-06-28
M002103,P019,OUT,91,2025-10-17
M002104,P038,OUT,8,2025-05-18
M002105,P100,IN,66,2026-02-27
M002106,P100,OUT,185,2025-10-25
M002107,P057,OUT,155,2026-01-15
M002108,P093,OUT,171,2025-04-24
M002109,P074,OUT,66,2025-09-11
M002110,P026,IN,119,2025-06-03
M002111,P012,OUT,15,2026-02-19
M002112,P028,OUT,178,2025-08-08
M002113,P044,OUT,5,2025-11-02
M002114,P005,OUT,113,2025-10-15
M002115,P060,OUT,187,2025-06-12
M002116,P022,OUT,153,2025-03-10
M002117,P021,OUT,138,2025-06-06
M002118,P051,OUT,130,2025-05-13
M002119,P049,IN,157,2025-06-27
M002120,P087,IN,71,2026-01-14
M002121,P097,IN,41,2025-11-27
M002122,P019,IN,135,2026-01-02
M002123,P091,OUT,30,2025-05-21
M002124,P027,OUT,194,2025-05-17
M002125,P097,IN,29,2025-08-02
M002126,P092,IN,94,2025-04-05
M002127,P076,OUT,83,2025-06-07
M002128,P065,OUT,70,2025-08-16
M002129,P009,OUT,64,2026-01-05
M002130,P077,IN,38,2025-08-21
M002131,P001,IN,26,2025-11-22
M002132,P018,OUT,130,2026-02-27
M002133,P058,OUT,163,2025-05-04
M002134,P007,IN,38,2025-09-16
M002135,P091,OUT,154,2026-03-05
M002136,P035,IN,189,2025-03-25
M002137,P088,IN,143,2025-06-04
M002138,P084,OUT,117,2026-03-06
M002139,P072,OUT,104,2025-03-31
M002140,P012,IN,140,2025-07-03
M002141,P076,IN,125,2025-11-03
M002142,P076,IN,8,2025-03-27
M002143,P091,OUT,45,2025-07-16
M002144,P033,IN,112,2025-04-20
M002145,P052,IN,72,2026-01-26
M002146,P028,IN,55,2025-03-20
M002147,P071,IN,143,2025-07-09
M002148,P071,IN,152,2025-10-31
M002149,P052,OUT,156,2025-12-23
M002150,P024,IN,114,2025-08-28
M002151,P025,OUT,110,2026-01-03
M002152,P050,IN,195,2025-07-23
M002153,P021,OUT,40,2026-03-01
M002154,P078,IN,74,2026-02-15
M002155,P064,OUT,19,2026-01-02
M002156,P051,OUT,93,2025-06-15
M002157,P006,IN,143,2025-03-24
M002158,P080,OUT,108,2025-05-01
M002159,P007,OUT,185,2025-05-13
M002160,P041,IN,111,2025-04-07
M002161,P071,OUT,81,2025-03-23
M002162,P018,OUT,83,2025-11-14
M002163,P028,IN,45,2025-12-26
M002164,P047,OUT,120,2025-05-16
M002165,P003,IN,195,2025-10-22
M002166,P090,IN,152,2025-10-16
M002167,P079,IN,71,2025-04-04
M002168,P062,IN,87,2025-10-19
M002169,P034,OUT,15,2025-09-20
M002170,P063,IN,139,2025-12-24
M002171,P041,OUT,165,2025-07-12
M002172,P034,OUT,4,2026-01-22
M002173,P028,IN,158,2025-03-14
M002174,P009,OUT,118,2025-12-03
M002175,P012,OUT,97,2025-07-07
M002176,P019,IN,94,2025-12-31
M002177,P067,OUT,19,2025-05-09
M002178,P023,OUT,172,2025-07-03
M002179,P035,IN,137,2026-03-05
M002180,P062,IN,12,2025-05-06
M002181,P010,IN,141,2025-04-23
M002182,P008,OUT,144,2025-07-06
M002183,P039,OUT,142,2026-01-26
M002184,P100,OUT,101,2025-08-03
M002185,P068,IN,36,2026-01-02
M002186,P012,IN,104,2025-07-08
M002187,P043,IN,182,2026-01-15
M002188,P008,OUT,146,2025-05-04
M002189,P088,IN,188,2025-07-21
M002190,P009,OUT,67,2025-04-19
M002191,P046,OUT,168,2025-06-11
M002192,P028,OUT,115,2025-06-23
M002193,P002,IN,65,2025-05-26
M002194,P040,IN,162,2025-05-12
M002195,P011,OUT,24,2026-02-27
M002196,P098,IN,79,2026-01-09
M002197,P012,OUT,127,2025-04-25
M002198,P029,IN,68,2026-02-13
M002199,P029,IN,7,2025-04-11
M002200,P034,IN,190,2025-05-16
M002201,P058,IN,91,2025-08-28
M002202,P081,OUT,45,2025-07-13
M002203,P079,OUT,165,2025-12-05
M002204,P054,OUT,52,2025-12-26
M002205,P092,OUT,189,2025-11-27
M002206,P010,IN,122,2025-11-03
M002207,P100,IN,114,2025-05-01
M002208,P006,IN,73,2025-11-15
M002209,P082,IN,51,2025-11-20
M002210,P044,OUT,68,2025-05-25
M002211,P097,OUT,148,2025-12-14
M002212,P035,IN,181,2025-06-02
M002213,P063,OUT,174,2025-06-24
M002214,P072,OUT,160,2025-08-18
M002215,P011,IN,156,2025-07-05
M002216,P010,OUT,191,2025-10-24
M002217,P011,IN,2,2025-06-25
M002218,P089,IN,94,2026-01-08
M002219,P021,IN,62,2025-05-20
M002220,P010,OUT,67,2025-09-15
M002221,P084,IN,7,2025-07-10
M002222,P001,IN,130,2025-10-11
M002223,P024,IN,156,2025-08-03
M002224,P006,IN,94,2025-03-21
M002225,P010,IN,47,2025-12-24
M002226,P027,OUT,125,2025-04-18
M002227,P001,OUT,7,2025-04-24
M002228,P050,IN,195,2025-08-31
M002229,P035,IN,78,2025-08-08
M002230,P070,OUT,176,2025-11-16
M002231,P018,OUT,123,2026-01-19
M002232,P100,OUT,38,2025-12-15
M002233,P028,OUT,26,2025-05-10
M002234,P086,OUT,122,2026-01-09
M002235,P065,OUT,74,2025-07-01
M002236,P010,IN,81,2025-05-09
M002237,P001,IN,52,2026-01-22
M002238,P028,IN,64,2025-07-31
M002239,P001,OUT,154,2025-09-05
M002240,P066,OUT,35,2026-02-27
M002241,P057,OUT,187,2025-04-23
M002242,P010,IN,93,2025-05-16
M002243,P064,IN,170,2025-05-04
M002244,P016,OUT,174,2025-04-29
M002245,P013,IN,193,2025-07-01
M002246,P015,IN,58,2025-09-29
M002247,P057,IN,158,2026-02-22
M002248,P095,IN,36,2025-03-22
M002249,P040,IN,105,2025-03-30
M002250,P059,OUT,154,2025-07-29
M002251,P014,IN,89,2025-09-04
M002252,P091,OUT,170,2025-09-12
M002253,P064,OUT,22,2025-06-07
M002254,P067,IN,54,2026-02-10
M002255,P041,IN,4,2026-01-18
M002256,P002,OUT,55,2025-04-22
M002257,P014,OUT,184,2025-12-10
M002258,P076,IN,192,2026-02-11
M002259,P039,OUT,194,2026-03-07
M002260,P065,IN,46,2025-07-29
M002261,P070,OUT,19,2025-11-13
M002262,P085,OUT,12,2025-11-24
M002263,P035,OUT,174,2026-02-12
M002264,P090,OUT,183,2025-11-08
M002265,P090,OUT,166,2026-02-03
M002266,P039,IN,87,2025-05-03
M002267,P033,OUT,97,2025-09-06
M002268,P093,OUT,141,2025-09-04
M002269,P086,IN,97,2025-10-12
M002270,P079,IN,157,2026-01-18
M002271,P008,IN,133,2025-08-15
M002272,P007,OUT,90,2026-01-10
M002273,P059,IN,61,2025-05-24
M002274,P091,OUT,81,2025-07-11
M002275,P043,IN,152,2025-10-11
M002276,P064,OUT,73,2025-11-17
M002277,P013,IN,51,2025-12-27
M002278,P046,IN,121,2025-04-16
M002279,P040,OUT,108,2025-10-07
M002280,P029,OUT,21,2025-09-04
M002281,P095,OUT,138,2025-08-21
M002282,P096,IN,88,2025-10-19
M002283,P035,IN,110,2025-05-06
M002284,P086,OUT,145,2025-10-10
M002285,P015,IN,128,2025-03-26
M002286,P047,OUT,53,2025-04-06
M002287,P007,OUT,187,2026-02-10
M002288,P056,IN,162,2026-02-04
M002289,P031,IN,94,2026-02-14
M002290,P100,OUT,172,2025-09-12
M002291,P075,IN,56,2025-10-04
M002292,P017,OUT,105,2025-10-22
M002293,P045,OUT,34,2025-07-26
M002294,P090,OUT,186,2025-04-24
M002295,P062,OUT,152,2025-12-30
M002296,P084,OUT,169,2026-01-23
M002297,P015,OUT,170,2025-06-08
M002298,P086,IN,147,2025-10-27
M002299,P025,OUT,145,2025-09-10
M002300,P013,OUT,118,2025-10-06
M002301,P068,OUT,14,2025-12-04
M002302,P044,IN,11,2026-01-13
M002303,P092,IN,19,2025-10-29
M002304,P066,IN,159,2025-04-19
M002305,P004,IN,51,2026-01-12
M002306,P050,IN,2,2025-12-16
M002307,P013,OUT,135,2025-04-03
M002308,P002,OUT,182,2025-12-29
M002309,P088,OUT,185,2025-09-14
M002310,P092,OUT,154,2025-06-19
M002311,P054,OUT,194,2025-05-06
M002312,P030,IN,134,2025-06-17
M002313,P024,OUT,80,2025-05-27
M002314,P024,OUT,40,2025-05-03
M002315,P041,OUT,78,2026-02-09
M002316,P033,IN,60,2025-08-10
M002317,P025,IN,82,2025-10-20
M002318,P024,IN,104,2025-12-21
M002319,P004,OUT,1,2025-09-03
M002320,P047,OUT,41,2025-08-01
M002321,P059,IN,46,2026-02-22
M002322,P087,IN,4,2025-05-31
M002323,P033,OUT,29,2025-04-08
M002324,P039,IN,167,2025-07-10
M002325,P098,IN,119,2026-02-06
M002326,P053,IN,71,2025-08-05
M002327,P008,IN,72,2025-05-05
M002328,P023,OUT,152,2025-08-03
M002329,P022,OUT,36,2025-09-03
M002330,P096,IN,132,2025-09-22
M002331,P047,OUT,4,2025-06-03
M002332,P004,OUT,155,2025-07-31
M002333,P052,IN,192,2025-09-05
M002334,P088,OUT,134,2025-07-18
M002335,P014,IN,177,2025-06-21
M002336,P046,IN,33,2025-09-12
M002337,P070,OUT,124,2025-07-19
M002338,P047,IN,38,2025-03-24
M002339,P023,IN,48,2025-03-24
M002340,P074,IN,99,2025-03-17
M002341,P046,IN,192,2025-03-22
M002342,P035,IN,20,2026-01-03
M002343,P100,IN,92,2025-11-29
M002344,P092,OUT,156,2025-07-03
M002345,P064,OUT,103,2025-06-19
M002346,P085,IN,76,2026-01-31
M002347,P085,IN,52,2025-05-05
M002348,P074,IN,111,2025-03-10
M002349,P004,OUT,11,2025-04-17
M002350,P003,IN,187,2026-01-26
M002351,P045,OUT,60,2026-01-14
M002352,P027,IN,121,2025-09-28
M002353,P081,OUT,199,2025-07-09
M002354,P031,IN,142,2025-06-23
M002355,P043,OUT,26,2025-07-10
M002356,P023,OUT,138,2025-09-28
M002357,P089,OUT,190,2025-03-20
M002358,P081,OUT,136,2025-07-24
M002359,P028,IN,128,2026-01-12
M002360,P020,OUT,7,2025-04-29
M002361,P096,IN,164,2025-04-05
M002362,P068,OUT,187,2025-06-19
M002363,P084,IN,162,2026-01-16
M002364,P080,OUT,171,2026-02-08
M002365,P007,IN,169,2025-04-21
M002366,P089,OUT,153,2025-07-27
M002367,P061,IN,144,2026-03-01
M002368,P092,OUT,41,2025-06-16
M002369,P071,OUT,148,2025-05-17
M002370,P033,IN,122,2025-09-19
M002371,P009,OUT,163,2025-05-01
M002372,P004,IN,101,2025-07-18
M002373,P024,OUT,11,2025-07-10
M002374,P017,IN,63,2026-02-12
M002375,P066,OUT,17,2025-09-27
M002376,P021,OUT,51,2025-12-04
M002377,P092,IN,176,2025-09-19
M002378,P035,IN,142,2025-04-22
M002379,P006,IN,113,2025-11-12
M002380,P094,IN,89,2025-08-17
M002381,P100,OUT,31,2025-12-29
M002382,P088,IN,42,2025-11-23
M002383,P046,OUT,160,2025-10-01
M002384,P047,OUT,21,2025-07-18
M002385,P001,OUT,8,2025-04-14
M002386,P016,IN,51,2025-06-15
M002387,P050,IN,93,2025-10-18
M002388,P092,OUT,18,2025-06-20
M002389,P017,OUT,4,2025-03-20
M002390,P097,IN,84,2025-06-01
M002391,P037,IN,85,2025-10-05
M002392,P057,OUT,66,2025-03-09
M002393,P002,IN,50,2025-12-29
M002394,P090,IN,69,2026-02-10
M002395,P061,OUT,183,2025-03-23
M002396,P089,OUT,43,2025-08-02
M002397,P029,IN,11,2026-02-19
M002398,P100,OUT,91,2025-10-04
M002399,P035,IN,196,2025-12-05
M002400,P017,OUT,21,2025-05-20
M002401,P074,OUT,43,2025-06-22
M002402,P025,IN,54,2026-01-01
M002403,P073,OUT,165,2026-01-01
M002404,P068,OUT,89,2025-06-09
M002405,P093,IN,190,2025-05-25
M002406,P047,IN,109,2025-11-04
M002407,P029,IN,186,2025-12-12
M002408,P094,OUT,30,2026-02-10
M002409,P094,IN,153,2025-07-11
M002410,P039,IN,66,2025-06-18
M002411,P028,IN,76,2025-11-22
M002412,P077,OUT,156,2025-12-25
M002413,P049,OUT,81,2025-05-31
M002414,P016,IN,114,2025-04-16
M002415,P022,IN,1,2026-02-14
M002416,P017,OUT,157,2025-03-27
M002417,P081,OUT,73,2026-03-02
M002418,P026,IN,184,2025-09-23
M002419,P038,IN,5,2025-06-04
M002420,P020,OUT,137,2025-09-14
M002421,P081,OUT,97,2025-07-25
M002422,P044,IN,178,2025-08-13
M002423,P017,OUT,159,2025-12-06
M002424,P026,IN,169,2025-12-22
M002425,P064,IN,20,2025-08-01
M002426,P049,OUT,194,2025-11-21
M002427,P014,IN,86,2025-05-25
M002428,P071,OUT,144,2026-03-02
M002429,P067,OUT,72,2025-06-20
M002430,P007,IN,66,2025-05-24
M002431,P010,OUT,133,2025-04-14
M002432,P046,IN,22,2025-04-06
M002433,P048,OUT,131,2025-06-03
M002434,P084,OUT,41,2025-09-19
M002435,P088,IN,30,2025-09-23
M002436,P097,OUT,168,2026-02-07
M002437,P013,OUT,75,2025-12-16
M002438,P090,OUT,111,2025-10-06
M002439,P070,OUT,176,2026-02-07
M002440,P072,IN,16,2025-12-11
M002441,P052,OUT,17,2025-12-03
M002442,P018,OUT,65,2025-05-12
M002443,P034,IN,80,2025-11-27
M002444,P013,IN,58,2025-12-18
M002445,P093,IN,133,2025-08-12
M002446,P026,IN,47,2025-09-03
M002447,P017,OUT,148,2025-05-28
M002448,P100,IN,158,2025-06-17
M002449,P059,IN,121,2025-11-05
M002450,P008,OUT,51,2025-06-12
M002451,P071,IN,172,2025-04-19
M002452,P100,OUT,49,2025-12-09
M002453,P063,IN,89,2025-09-23
M002454,P035,OUT,143,2025-11-21
M002455,P040,IN,91,2025-08-24
M002456,P032,IN,127,2025-03-13
M002457,P077,IN,195,2025-04-07
M002458,P028,OUT,146,2025-11-25
M002459,P021,IN,188,2025-06-22
M002460,P070,IN,11,2025-08-29
M002461,P094,IN,67,2025-04-25
M002462,P007,IN,107,2025-09-10
M002463,P019,OUT,20,2025-03-14
M002464,P046,IN,38,2025-04-06
M002465,P090,IN,106,2026-01-21
M002466,P086,IN,164,2025-09-30
M002467,P054,OUT,168,2025-03-27
M002468,P032,OUT,96,2025-09-06
M002469,P052,OUT,135,2025-10-23
M002470,P086,IN,115,2025-06-10
M002471,P099,IN,15,2025-07-17
M002472,P031,OUT,196,2025-12-20
M002473,P093,IN,169,2025-08-13
M002474,P044,OUT,32,2025-05-24
M002475,P021,OUT,187,2025-08-15
M002476,P049,IN,185,2025-03-29
M002477,P024,OUT,41,2025-08-20
M002478,P015,OUT,86,2025-05-26
M002479,P075,IN,25,2025-11-06
M002480,P055,IN,53,2025-08-16
M002481,P094,IN,182,2025-05-21
M002482,P044,OUT,123,2025-11-05
M002483,P086,IN,101,2025-12-19
M002484,P084,IN,99,2025-08-11
M002485,P026,IN,183,2025-03-12
M002486,P085,OUT,21,2025-12-17
M002487,P068,IN,77,2025-06-18
M002488,P076,OUT,124,2025-06-06
M002489,P041,OUT,15,2025-10-24
M002490,P023,IN,25,2025-08-01
M002491,P011,IN,188,2026-02-11
M002492,P005,OUT,90,2026-03-06
M002493,P095,IN,49,2025-08-31
M002494,P097,IN,160,2025-04-07
M002495,P076,IN,162,2025-12-27
M002496,P092,IN,48,2025-11-25
M002497,P038,IN,195,2025-09-26
M002498,P019,OUT,37,2025-12-06
M002499,P086,IN,41,2026-01-11
M002500,P007,OUT,111,2026-02-04
M002501,P049,OUT,161,2025-05-01
M002502,P020,OUT,183,2025-09-06
M002503,P065,OUT,164,2025-09-24
M002504,P019,OUT,182,2025-04-21
M002505,P013,OUT,1,2025-08-26
M002506,P080,IN,175,2025-06-21
M002507,P059,IN,7,2026-02-16
M002508,P061,IN,183,2025-10-17
M002509,P008,IN,105,2025-11-01
M002510,P034,OUT,106,2025-10-30
M002511,P096,IN,175,2025-04-17
M002512,P053,IN,185,2025-06-08
M002513,P042,OUT,61,2025-04-24
M002514,P053,OUT,56,2025-07-08
M002515,P099,IN,184,2025-08-14
M002516,P043,OUT,8,2025-03-17
M002517,P039,IN,126,2025-08-04
M002518,P040,OUT,154,2025-09-06
M002519,P078,OUT,90,2026-02-18
M002520,P023,OUT,132,2025-08-31
M002521,P001,OUT,167,2026-01-24
M002522,P072,OUT,140,2025-09-04
M002523,P068,OUT,166,2026-01-20
M002524,P041,IN,95,2025-10-01
M002525,P024,IN,30,2025-12-16
M002526,P021,IN,187,2025-12-28
M002527,P034,OUT,93,2025-10-24
M002528,P010,IN,147,2025-04-11
M002529,P075,OUT,180,2025-11-24
M002530,P099,IN,94,2025-06-14
M002531,P092,OUT,113,2025-03-12
M002532,P007,IN,29,2025-07-02
M002533,P093,IN,96,2025-11-22
M002534,P043,OUT,88,2026-02-11
M002535,P080,OUT,67,2025-12-18
M002536,P001,IN,70,2025-05-31
M002537,P053,OUT,162,2025-11-02
M002538,P044,IN,70,2025-05-01
M002539,P020,OUT,20,2025-06-28
M002540,P057,IN,80,2025-08-07
M002541,P027,IN,129,2026-01-06
M002542,P079,IN,35,2025-11-14
M002543,P084,OUT,33,2026-01-19
M002544,P064,OUT,123,2025-05-21
M002545,P012,IN,181,2025-07-24
M002546,P039,OUT,118,2025-11-23
M002547,P096,IN,151,2025-06-30
M002548,P031,IN,73,2025-05-27
M002549,P005,OUT,8,2026-03-06
M002550,P084,OUT,132,2025-12-04
M002551,P093,OUT,61,2026-01-15
M002552,P081,IN,172,2026-02-22
M002553,P030,IN,122,2025-03-14
M002554,P067,OUT,152,2025-05-30
M002555,P022,IN,169,2026-01-20
M002556,P033,OUT,102,2025-11-12
M002557,P033,IN,146,2025-09-12
M002558,P082,IN,166,2025-08-29
M002559,P003,IN,78,2025-09-16
M002560,P033,IN,28,2026-01-16
M002561,P080,OUT,50,2025-12-21
M002562,P067,IN,177,2025-10-15
M002563,P066,OUT,101,2025-12-02
M002564,P018,IN,177,2025-03-20
M002565,P063,OUT,131,2025-09-14
M002566,P071,IN,175,2025-03-14
M002567,P054,IN,15,2025-05-05
M002568,P051,IN,185,2026-02-05
M002569,P081,IN,31,2025-08-23
M002570,P051,IN,94,2026-01-09
M002571,P052,OUT,141,2025-04-09
M002572,P062,OUT,121,2025-10-25
M002573,P063,OUT,22,2025-04-01
M002574,P004,OUT,53,2025-11-01
M002575,P008,OUT,24,2025-09-18
M002576,P072,OUT,94,2025-11-12
M002577,P076,IN,47,2025-11-25
M002578,P065,IN,36,2025-10-06
M002579,P055,IN,60,2025-03-17
M002580,P058,IN,180,2025-07-30
M002581,P059,OUT,49,2026-02-13
M002582,P028,OUT,2,2025-10-10
M002583,P009,OUT,95,2025-07-06
M002584,P061,OUT,177,2025-10-07
M002585,P023,OUT,195,2025-03-17
M002586,P080,IN,115,2025-06-20
M002587,P046,OUT,131,2026-02-18
M002588,P050,OUT,154,2025-07-18
M002589,P087,OUT,89,2025-09-17
M002590,P027,IN,169,2025-12-25
M002591,P075,IN,177,2025-07-09
M002592,P061,OUT,179,2025-07-26
M002593,P012,OUT,4,2026-01-03
M002594,P083,OUT,6,2025-12-19
M002595,P012,OUT,45,2025-10-08
M002596,P001,IN,42,2026-01-13
M002597,P079,IN,120,2026-02-21
M002598,P004,IN,32,2025-12-30
M002599,P002,OUT,137,2026-01-07
M002600,P023,OUT,114,2025-04-11
M002601,P083,OUT,77,2025-03-16
M002602,P096,OUT,79,2025-11-30
M002603,P041,IN,90,2025-10-11
M002604,P056,IN,37,2025-03-09
M002605,P100,OUT,132,2025-04-10
M002606,P004,IN,115,2025-10-23
M002607,P095,OUT,14,2025-09-07
M002608,P031,IN,153,2025-03-14
M002609,P054,OUT,16,2026-01-19
M002610,P037,IN,151,2025-05-07
M002611,P041,IN,92,2025-04-15
M002612,P062,OUT,191,2026-02-05
M002613,P095,IN,44,2025-09-27
M002614,P033,OUT,14,2025-11-17
M002615,P007,OUT,124,2026-01-27
M002616,P085,OUT,43,2025-04-15
M002617,P018,IN,177,2025-04-03
M002618,P030,IN,186,2025-12-14
M002619,P085,IN,37,2025-08-06
M002620,P007,IN,6,2025-09-11
M002621,P024,OUT,66,2026-01-29
M002622,P096,OUT,116,2025-04-11
M002623,P095,OUT,194,2025-12-10
M002624,P001,IN,7,2025-04-01
M002625,P042,IN,53,2025-03-18
M002626,P027,OUT,139,2026-02-08
M002627,P070,OUT,121,2025-08-13
M002628,P046,OUT,89,2025-09-10
M002629,P035,OUT,168,2026-01-22
M002630,P045,IN,110,2025-05-26
M002631,P026,IN,102,2025-03-10
M002632,P015,IN,136,2025-07-16
M002633,P054,OUT,165,2025-07-09
M002634,P010,OUT,116,2026-01-11
M002635,P084,IN,88,2025-10-11
M002636,P011,OUT,134,2025-12-28
M002637,P044,OUT,110,2025-07-13
M002638,P054,IN,123,2025-04-21
M002639,P055,IN,29,2025-10-31
M002640,P047,OUT,8,2025-06-20
M002641,P056,IN,20,2025-06-12
M002642,P088,IN,126,2025-08-12
M002643,P090,OUT,43,2025-12-21
M002644,P087,IN,82,2026-03-03
M002645,P067,IN,162,2025-03-30
M002646,P054,OUT,30,2025-11-03
M002647,P073,IN,115,2025-09-17
M002648,P077,OUT,172,2025-03-30
M002649,P035,OUT,95,2026-01-25
M002650,P090,OUT,64,2025-08-09
M002651,P009,OUT,16,2025-06-28
M002652,P029,IN,148,2025-06-28
M002653,P082,IN,5,2025-05-26
M002654,P027,OUT,61,2025-11-04
M002655,P002,OUT,73,2026-01-16
M002656,P092,IN,105,2026-02-17
M002657,P001,OUT,185,2025-03-26
M002658,P091,IN,156,2025-11-23
M002659,P061,OUT,85,2025-12-05
M002660,P019,IN,108,2025-09-11
M002661,P057,IN,86,2025-07-16
M002662,P006,OUT,75,2025-12-15
M002663,P039,IN,1,2025-12-26
M002664,P004,OUT,184,2025-07-09
M002665,P099,OUT,35,2025-11-01
M002666,P082,IN,180,2025-06-24
M002667,P077,OUT,47,2025-03-12
M002668,P045,IN,39,2025-04-25
M002669,P043,OUT,8,2025-03-15
M002670,P015,IN,189,2025-04-15
M002671,P059,OUT,92,2025-12-30
M002672,P095,OUT,185,2025-07-24
M002673,P073,OUT,42,2025-09-12
M002674,P091,OUT,47,2025-05-13
M002675,P059,OUT,54,2025-08-13
M002676,P083,OUT,89,2025-11-29
M002677,P073,OUT,133,2026-02-23
M002678,P030,IN,84,2026-01-20
M002679,P087,IN,30,2025-11-27
M002680,P093,IN,97,2025-04-04
M002681,P092,IN,9,2025-04-07
M002682,P064,IN,33,2025-06-02
M002683,P024,OUT,72,2026-01-16
M002684,P085,IN,22,2025-03-28
M002685,P092,OUT,147,2026-02-28
M002686,P095,OUT,118,2025-12-02
M002687,P016,IN,15,2025-12-31
M002688,P091,OUT,158,2025-07-03
M002689,P035,IN,101,2025-08-02
M002690,P083,IN,169,2025-11-02
M002691,P068,IN,107,2025-11-23
M002692,P005,OUT,178,2025-12-07
M002693,P001,IN,48,2025-11-30
M002694,P053,OUT,176,2025-07-14
M002695,P084,OUT,157,2025-07-28
M002696,P039,IN,88,2026-01-02
M002697,P095,IN,100,2025-05-12
M002698,P007,IN,59,2026-02-03
M002699,P012,OUT,50,2025-07-02
M002700,P037,IN,184,2025-11-01
M002701,P062,OUT,92,2025-05-18
M002702,P052,OUT,157,2025-05-26
M002703,P048,OUT,168,2025-12-13
M002704,P100,OUT,124,2025-04-20
M002705,P070,OUT,140,2025-05-10
M002706,P030,OUT,162,2025-12-24
M002707,P030,OUT,63,2025-06-11
M002708,P022,IN,2,2026-02-04
M002709,P008,OUT,200,2025-08-09
M002710,P030,OUT,9,2025-11-07
M002711,P011,IN,103,2025-10-17
M002712,P032,IN,136,2026-03-05
M002713,P059,OUT,65,2025-11-19
M002714,P023,IN,99,2025-10-08
M002715,P034,IN,81,2026-01-14
M002716,P076,OUT,200,2025-09-22
M002717,P099,OUT,41,2025-06-19
M002718,P073,OUT,139,2025-11-19
M002719,P077,IN,95,2025-03-21
M002720,P097,IN,152,2025-07-13
M002721,P049,OUT,10,2025-11-30
M002722,P034,IN,51,2026-02-27
M002723,P014,OUT,77,2025-07-07
M002724,P040,IN,112,2025-07-20
M002725,P023,IN,157,2025-10-11
M002726,P079,IN,1,2025-05-17
M002727,P021,OUT,63,2025-04-24
M002728,P044,OUT,77,2026-01-04
M002729,P005,IN,135,2025-03-13
M002730,P046,IN,54,2025-06-18
M002731,P062,IN,180,2025-08-17
M002732,P087,OUT,120,2026-03-08
M002733,P010,IN,171,2025-10-26
M002734,P046,OUT,143,2026-02-19
M002735,P056,OUT,111,2025-05-13
M002736,P047,OUT,184,2026-01-06
M002737,P006,IN,103,2025-03-16
M002738,P032,IN,93,2025-12-23
M002739,P055,OUT,176,2025-11-13
M002740,P086,IN,44,2026-02-22
M002741,P036,OUT,195,2025-04-03
M002742,P020,OUT,186,2025-07-30
M002743,P051,IN,167,2026-01-28
M002744,P007,OUT,102,2025-08-31
M002745,P031,IN,104,2026-03-02
M002746,P027,IN,31,2026-01-05
M002747,P028,OUT,165,2025-11-27
M002748,P008,IN,160,2025-04-29
M002749,P096,IN,145,2025-03-21
M002750,P038,IN,118,2026-02-12
M002751,P025,OUT,187,2025-06-14
M002752,P077,IN,37,2025-09-10
M002753,P076,OUT,22,2025-05-17
M002754,P016,OUT,94,2025-12-06
M002755,P099,IN,173,2025-09-21
M002756,P039,IN,104,2025-12-14
M002757,P071,OUT,90,2026-01-11
M002758,P037,IN,110,2025-12-04
M002759,P006,IN,2,2025-08-26
M002760,P039,IN,101,2025-03-20
M002761,P010,OUT,161,2025-08-12
M002762,P098,OUT,192,2025-04-15
M002763,P009,IN,117,2025-11-13
M002764,P085,IN,196,2025-09-30
M002765,P088,IN,144,2025-10-27
M002766,P035,IN,53,2025-04-07
M002767,P023,IN,80,2025-04-14
M002768,P029,IN,126,2025-06-16
M002769,P090,OUT,32,2026-01-28
M002770,P040,OUT,147,2025-05-13
M002771,P079,IN,81,2025-09-27
M002772,P025,OUT,65,2025-07-05
M002773,P032,IN,34,2026-03-02
M002774,P057,OUT,81,2025-04-03
M002775,P004,OUT,132,2025-11-04
M002776,P048,IN,105,2025-11-14
M002777,P039,OUT,134,2025-12-15
M002778,P071,IN,174,2025-12-11
M002779,P018,IN,196,2025-06-30
M002780,P044,OUT,21,2025-03-15
M002781,P009,IN,65,2025-10-23
M002782,P063,OUT,117,2025-06-26
M002783,P022,OUT,50,2025-06-22
M002784,P073,IN,60,2025-04-28
M002785,P049,IN,150,2026-01-14
M002786,P090,OUT,106,2025-11-14
M002787,P037,OUT,144,2025-12-19
M002788,P095,IN,199,2025-08-20
M002789,P036,OUT,75,2025-07-07
M002790,P031,OUT,144,2025-12-19
M002791,P073,IN,36,2026-02-13
M002792,P005,OUT,23,2025-09-13
M002793,P060,OUT,90,2025-12-06
M002794,P016,IN,84,2025-06-02
M002795,P100,IN,30,2025-05-17
M002796,P034,IN,141,2025-05-03
M002797,P024,IN,14,2026-01-02
M002798,P096,IN,107,2025-08-02
M002799,P030,IN,6,2025-10-13
M002800,P013,IN,162,2025-07-30
M002801,P012,OUT,158,2025-05-27
M002802,P048,IN,89,2025-07-20
M002803,P004,IN,177,2025-07-12
M002804,P063,IN,151,2025-12-14
M002805,P046,IN,64,2025-07-26
M002806,P011,OUT,8,2026-01-22
M002807,P034,OUT,143,2026-01-13
M002808,P002,IN,28,2025-07-25
M002809,P065,IN,30,2025-06-30
M002810,P056,OUT,53,2025-11-15
M002811,P069,OUT,127,2026-01-08
M002812,P010,IN,176,2025-12-25
M002813,P074,IN,67,2025-08-13
M002814,P044,IN,183,2025-12-21
M002815,P053,IN,122,2025-03-27
M002816,P083,IN,110,2025-11-02
M002817,P022,OUT,24,2025-11-27
M002818,P039,OUT,192,2025-05-01
M002819,P074,IN,35,2025-06-17
M002820,P096,IN,186,2025-09-05
M002821,P057,OUT,111,2025-04-26
M002822,P089,IN,48,2025-07-22
M002823,P066,IN,111,2025-05-17
M002824,P011,OUT,58,2026-02-09
M002825,P071,IN,44,2026-02-26
M002826,P098,OUT,151,2025-05-11
M002827,P059,IN,62,2025-08-05
M002828,P050,OUT,88,2025-10-23
M002829,P039,OUT,141,2025-03-11
M002830,P057,IN,134,2025-07-13
M002831,P087,OUT,165,2025-03-27
M002832,P029,OUT,20,2025-08-28
M002833,P026,IN,148,2026-01-02
M002834,P006,OUT,53,2025-06-24
M002835,P077,IN,169,2025-07-28
M002836,P013,OUT,34,2025-05-17
M002837,P067,OUT,34,2025-07-16
M002838,P051,OUT,77,2025-07-17
M002839,P032,OUT,96,2025-04-19
M002840,P004,OUT,127,2025-04-29
M002841,P032,OUT,173,2026-02-03
M002842,P054,IN,142,2025-04-18
M002843,P063,OUT,18,2025-06-12
M002844,P065,IN,80,2025-07-09
M002845,P021,OUT,54,2025-04-13
M002846,P030,IN,112,2025-06-13
M002847,P018,OUT,169,2025-04-27
M002848,P082,IN,3,2026-01-10
M002849,P088,IN,36,2026-01-29
M002850,P032,IN,79,2025-09-29
M002851,P002,OUT,14,2025-04-29
M002852,P065,IN,45,2025-08-18
M002853,P025,IN,74,2025-12-02
M002854,P090,IN,171,2025-09-22
M002855,P056,IN,1,2025-11-25
M002856,P031,OUT,139,2025-04-27
M002857,P016,IN,189,2026-02-24
M002858,P099,OUT,154,2026-01-02
M002859,P013,OUT,195,2025-06-27
M002860,P022,OUT,4,2025-06-10
M002861,P098,IN,94,2025-10-28
M002862,P008,IN,65,2025-04-03
M002863,P089,OUT,157,2026-02-03
M002864,P040,IN,126,2026-02-07
M002865,P043,OUT,170,2025-12-11
M002866,P088,IN,28,2025-08-22
M002867,P065,OUT,16,2025-12-15
M002868,P030,IN,197,2025-09-23
M002869,P021,OUT,154,2025-08-28
M002870,P031,OUT,14,2025-11-07
M002871,P040,IN,59,2025-07-13
M002872,P014,IN,73,2025-03-15
M002873,P017,OUT,134,2025-08-30
M002874,P017,IN,164,2025-04-28
M002875,P089,OUT,181,2026-02-13
M002876,P066,OUT,179,2025-04-08
M002877,P010,OUT,140,2025-07-25
M002878,P034,IN,151,2025-03-28
M002879,P060,IN,6,2025-11-09
M002880,P046,IN,176,2025-11-07
M002881,P066,OUT,7,2025-04-04
M002882,P096,OUT,185,2025-09-29
M002883,P098,IN,50,2025-10-20
M002884,P007,OUT,199,2025-05-24
M002885,P044,OUT,23,2025-06-18
M002886,P099,OUT,82,2025-09-08
M002887,P064,OUT,33,2025-11-20
M002888,P027,OUT,148,2025-12-20
M002889,P088,OUT,32,2025-12-11
M002890,P016,OUT,183,2026-01-12
M002891,P003,IN,181,2025-05-29
M002892,P061,IN,134,2025-03-09
M002893,P063,IN,191,2025-11-10
M002894,P023,IN,113,2025-12-22
M002895,P032,OUT,195,2025-11-27
M002896,P065,OUT,198,2025-11-30
M002897,P090,OUT,186,2026-02-08
M002898,P058,OUT,83,2025-12-09
M002899,P049,IN,80,2025-10-28
M002900,P015,IN,125,2026-03-01
M002901,P038,IN,4,2025-10-21
M002902,P033,IN,70,2025-05-24
M002903,P018,OUT,158,2025-08-28
M002904,P058,OUT,114,2025-12-07
M002905,P049,OUT,109,2026-01-03
M002906,P092,OUT,101,2026-03-02
M002907,P053,OUT,151,2025-05-22
M002908,P061,IN,38,2025-12-29
M002909,P031,IN,22,2026-02-21
M002910,P049,OUT,73,2025-09-04
M002911,P056,IN,137,2025-05-12
M002912,P094,OUT,11,2025-05-19
M002913,P065,OUT,129,2025-08-07
M002914,P033,IN,133,2026-01-25
M002915,P047,IN,32,2025-05-14
M002916,P064,OUT,5,2025-12-29
M002917,P093,OUT,170,2026-01-12
M002918,P073,IN,132,2026-03-06
M002919,P016,OUT,60,2025-05-22
M002920,P075,OUT,25,2025-05-29
M002921,P030,OUT,4,2025-06-02
M002922,P012,OUT,54,2025-06-25
M002923,P099,IN,195,2025-08-01
M002924,P085,IN,2,2025-07-17
M002925,P035,IN,38,2025-12-05
M002926,P008,OUT,75,2026-02-09
M002927,P013,OUT,182,2025-09-16
M002928,P086,IN,135,2025-04-14
M002929,P042,IN,110,2025-11-10
M002930,P011,IN,130,2025-07-24
M002931,P077,IN,151,2025-04-16
M002932,P032,IN,140,2025-12-15
M002933,P068,IN,183,2025-04-04
M002934,P090,IN,140,2025-12-16
M002935,P086,IN,137,2025-03-27
M002936,P038,IN,171,2025-05-24
M002937,P082,IN,17,2025-03-20
M002938,P079,IN,109,2025-10-07
M002939,P089,IN,116,2025-06-06
M002940,P020,OUT,145,2025-12-26
M002941,P044,OUT,188,2025-04-29
M002942,P050,IN,26,2025-03-10
M002943,P086,OUT,198,2025-10-09
M002944,P043,IN,135,2025-08-10
M002945,P012,IN,88,2025-08-17
M002946,P025,IN,199,2026-02-06
M002947,P072,IN,59,2026-03-02
M002948,P099,OUT,16,2025-05-20
M002949,P082,OUT,114,2025-08-23
M002950,P059,OUT,35,2025-05-05
M002951,P039,IN,27,2026-03-09
M002952,P071,IN,171,2025-05-08
M002953,P075,IN,11,2025-06-26
M002954,P077,IN,150,2025-12-26
M002955,P017,IN,11,2025-06-03
M002956,P097,OUT,168,2026-01-20
M002957,P019,OUT,62,2025-04-18
M002958,P093,IN,59,2025-07-28
M002959,P010,OUT,143,2025-07-04
M002960,P050,OUT,94,2026-02-01
M002961,P061,IN,71,2025-07-04
M002962,P097,IN,121,2025-12-14
M002963,P033,OUT,21,2025-12-11
M002964,P009,OUT,40,2025-07-07
M002965,P087,IN,36,2025-10-12
M002966,P074,IN,180,2025-10-01
M002967,P034,IN,165,2025-03-13
M002968,P078,IN,161,2025-12-10
M002969,P043,OUT,116,2025-12-26
M002970,P062,OUT,116,2025-12-14
M002971,P008,IN,102,2025-04-20
M002972,P052,OUT,12,2025-12-18
M002973,P065,IN,42,2025-09-07
M002974,P039,OUT,182,2026-02-07
M002975,P082,IN,170,2025-07-07
M002976,P022,IN,13,2025-10-10
M002977,P090,OUT,180,2025-06-20
M002978,P033,IN,109,2026-01-06
M002979,P075,IN,105,2025-09-30
M002980,P099,OUT,197,2026-02-06
M002981,P064,IN,2,2025-06-21
M002982,P067,IN,50,2025-03-13
M002983,P071,IN,88,2026-02-13
M002984,P016,IN,34,2026-02-22
M002985,P019,OUT,156,2025-03-30
M002986,P015,OUT,35,2025-10-30
M002987,P033,OUT,150,2025-07-24
M002988,P023,OUT,102,2025-08-26
M002989,P091,IN,149,2025-03-22
M002990,P030,OUT,98,2026-02-05
M002991,P004,IN,2,2025-10-15
M002992,P087,OUT,197,2025-06-20
M002993,P070,OUT,28,2026-03-07
M002994,P045,IN,127,2025-05-24
M002995,P100,OUT,60,2025-12-14
M002996,P039,IN,199,2026-02-24
M002997,P081,OUT,51,2025-11-20
M002998,P080,IN,112,2025-07-10
M002999,P035,IN,76,2025-08-29
M003000,P075,IN,139,2025-08-01
M003001,P050,IN,41,2025-06-18
M003002,P076,IN,175,2025-10-31
M003003,P004,IN,110,2025-08-12
M003004,P078,OUT,100,2025-09-17
M003005,P080,IN,64,2025-11-18
M003006,P033,OUT,140,2025-12-22
M003007,P019,OUT,146,2026-01-24
M003008,P021,OUT,82,2025-09-18
M003009,P054,OUT,115,2025-05-03
M003010,P024,IN,116,2025-05-10
M003011,P100,IN,133,2025-05-03
M003012,P023,IN,175,2025-05-14
M003013,P095,OUT,64,2025-05-17
M003014,P031,IN,123,2025-03-27
M003015,P065,OUT,122,2025-06-13
M003016,P058,OUT,38,2026-03-05
M003017,P010,OUT,177,2025-05-12
M003018,P043,OUT,44,2025-09-11
M003019,P067,IN,15,2025-09-15
M003020,P091,IN,127,2025-07-24
M003021,P088,OUT,9,2025-06-16
M003022,P055,OUT,186,2025-09-22
M003023,P047,IN,113,2025-08-23
M003024,P067,IN,123,2025-05-12
M003025,P004,OUT,129,2025-07-14
M003026,P087,IN,85,2025-12-02
M003027,P076,OUT,197,2025-08-12
M003028,P010,IN,29,2025-06-25
M003029,P055,OUT,162,2025-03-18
M003030,P084,OUT,156,2025-04-18
M003031,P001,OUT,72,2025-09-14
M003032,P024,IN,43,2025-05-08
M003033,P029,IN,39,2025-04-26
M003034,P071,IN,66,2025-09-24
M003035,P001,IN,198,2025-11-08
M003036,P049,IN,87,2025-09-01
M003037,P055,IN,171,2025-11-01
M003038,P033,OUT,137,2025-11-27
M003039,P094,OUT,39,2025-12-04
M003040,P064,OUT,98,2025-07-26
M003041,P052,OUT,129,2025-10-05
M003042,P077,IN,67,2026-01-08
M003043,P086,IN,99,2025-09-17
M003044,P089,OUT,175,2025-07-02
M003045,P058,OUT,187,2025-11-12
M003046,P005,OUT,162,2025-11-21
M003047,P034,IN,19,2025-07-10
M003048,P056,OUT,150,2025-10-27
M003049,P056,OUT,148,2026-03-06
M003050,P009,OUT,108,2025-11-02
M003051,P100,OUT,198,2025-10-01
M003052,P018,IN,103,2025-08-26
M003053,P021,IN,78,2025-08-13
M003054,P062,OUT,49,2025-12-29
M003055,P080,IN,77,2025-09-23
M003056,P027,OUT,195,2025-07-31
M003057,P066,OUT,164,2026-01-31
M003058,P074,OUT,59,2025-11-01
M003059,P099,IN,110,2025-11-29
M003060,P080,OUT,10,2026-01-27
M003061,P018,IN,101,2025-11-24
M003062,P026,OUT,55,2025-04-29
M003063,P093,IN,118,2025-05-03
M003064,P077,IN,41,2025-10-09
M003065,P095,IN,149,2025-06-22
M003066,P049,OUT,121,2026-01-16
M003067,P006,OUT,128,2025-08-03
M003068,P080,OUT,97,2025-06-15
M003069,P028,OUT,16,2025-10-01
M003070,P061,IN,94,2025-12-10
M003071,P006,OUT,99,2025-05-03
M003072,P100,IN,10,2025-09-27
M003073,P062,OUT,18,2025-06-08
M003074,P026,OUT,119,2025-05-16
M003075,P019,IN,179,2025-05-21
M003076,P035,IN,141,2026-01-03
M003077,P059,IN,121,2025-05-29
M003078,P096,IN,119,2025-07-09
M003079,P005,IN,166,2025-05-03
M003080,P080,OUT,129,2025-05-15
M003081,P026,OUT,82,2025-04-15
M003082,P016,IN,71,2025-12-25
M003083,P023,OUT,139,2025-04-05
M003084,P092,IN,153,2025-08-29
M003085,P082,IN,45,2025-04-14
M003086,P066,OUT,85,2025-09-27
M003087,P063,IN,19,2025-09-15
M003088,P075,OUT,20,2025-12-27
M003089,P032,IN,14,2025-04-09
M003090,P041,OUT,119,2025-06-27
M003091,P010,OUT,6,2025-10-10
M003092,P071,IN,52,2026-01-04
M003093,P021,OUT,120,2025-03-10
M003094,P029,OUT,157,2025-03-18
M003095,P004,OUT,46,2025-11-10
M003096,P033,OUT,75,2025-08-05
M003097,P025,IN,177,2025-06-06
M003098,P029,IN,76,2026-01-13
M003099,P006,OUT,171,2025-07-26
M003100,P062,OUT,30,2025-10-11
M003101,P099,IN,116,2025-03-26
M003102,P069,OUT,7,2025-06-04
M003103,P006,IN,53,2025-09-08
M003104,P098,OUT,194,2026-01-13
M003105,P001,IN,3,2025-06-08
M003106,P079,OUT,117,2025-07-17
M003107,P065,IN,24,2025-08-29
M003108,P049,OUT,66,2025-12-24
M003109,P061,IN,48,2025-11-06
M003110,P043,IN,114,2025-09-13
M003111,P033,OUT,138,2026-02-09
M003112,P077,IN,6,2025-09-12
M003113,P094,IN,196,2025-12-07
M003114,P041,OUT,166,2025-10-27
M003115,P042,IN,108,2025-04-28
M003116,P098,OUT,33,2025-04-04
M003117,P051,IN,46,2025-12-07
M003118,P100,IN,37,2025-05-06
M003119,P090,OUT,96,2025-12-21
M003120,P021,OUT,113,2025-04-21
M003121,P057,IN,109,2026-02-14
M003122,P020,IN,38,2025-08-27
M003123,P054,IN,43,2025-03-17
M003124,P043,IN,25,2025-11-30
M003125,P047,IN,180,2025-10-29
M003126,P053,IN,63,2025-07-19
M003127,P017,IN,151,2025-11-26
M003128,P019,OUT,149,2025-10-30
M003129,P042,IN,96,2025-04-19
M003130,P003,OUT,110,2026-01-10
M003131,P010,OUT,33,2025-07-01
M003132,P042,OUT,45,2025-04-19
M003133,P082,IN,151,2025-08-24
M003134,P097,IN,161,2025-10-29
M003135,P037,OUT,189,2025-10-10
M003136,P037,IN,125,2025-11-29
M003137,P012,IN,89,2025-03-18
M003138,P012,OUT,108,2026-02-08
M003139,P049,IN,60,2025-09-16
M003140,P078,IN,45,2025-06-27
M003141,P089,OUT,194,2026-02-15
M003142,P057,OUT,123,2025-07-10
M003143,P009,IN,127,2025-10-14
M003144,P047,IN,22,2025-08-26
M003145,P020,OUT,105,2025-03-11
M003146,P082,IN,149,2025-11-15
M003147,P076,IN,144,2025-09-14
M003148,P034,IN,106,2025-07-18
M003149,P019,IN,51,2025-05-24
M003150,P084,IN,118,2025-06-19
M003151,P049,IN,142,2025-05-16
M003152,P082,IN,59,2026-01-09
M003153,P073,OUT,71,2025-06-18
M003154,P042,OUT,119,2025-05-14
M003155,P001,IN,122,2025-08-20
M003156,P067,OUT,4,2026-02-26
M003157,P080,IN,169,2025-08-12
M003158,P083,IN,117,2025-11-08
M003159,P030,OUT,111,2025-05-20
M003160,P001,OUT,70,2025-04-13
M003161,P085,OUT,2,2026-02-22
M003162,P007,OUT,139,2025-11-11
M003163,P004,IN,2,2026-02-21
M003164,P057,IN,9,2025-06-05
M003165,P043,OUT,193,2025-11-19
M003166,P046,OUT,196,2025-12-03
M003167,P054,IN,128,2025-06-24
M003168,P097,OUT,112,2025-07-20
M003169,P041,IN,6,2026-03-04
M003170,P004,OUT,140,2025-07-31
M003171,P020,OUT,152,2025-12-22
M003172,P079,OUT,3,2025-06-30
M003173,P010,OUT,116,2025-03-13
M003174,P098,IN,62,2025-06-15
M003175,P063,IN,9,2025-12-17
M003176,P034,IN,193,2025-08-31
M003177,P018,OUT,122,2025-08-01
M003178,P014,OUT,51,2025-12-17
M003179,P065,IN,106,2026-02-21
M003180,P084,IN,115,2025-08-28
M003181,P015,IN,160,2026-01-07
M003182,P070,IN,28,2026-02-14
M003183,P013,OUT,97,2025-11-07
M003184,P094,IN,109,2026-01-30
M003185,P011,OUT,197,2025-12-05
M003186,P053,IN,7,2025-05-17
M003187,P060,IN,140,2025-12-14
M003188,P043,IN,25,2025-06-03
M003189,P050,OUT,1,2025-04-10
M003190,P054,OUT,69,2025-04-13
M003191,P079,OUT,166,2025-12-09
M003192,P074,IN,50,2025-12-14
M003193,P008,IN,127,2025-04-07
M003194,P031,IN,88,2025-12-01
M003195,P089,IN,56,2025-04-11
M003196,P087,IN,143,2025-10-18
M003197,P097,IN,80,2025-06-24
M003198,P077,OUT,61,2025-07-06
M003199,P042,OUT,162,2025-10-03
M003200,P072,IN,168,2025-09-09
M003201,P019,OUT,62,2025-12-28
M003202,P065,OUT,165,2026-02-16
M003203,P090,IN,119,2025-09-25
M003204,P063,OUT,123,2026-01-03
M003205,P027,IN,84,2025-07-22
M003206,P095,OUT,9,2026-01-21
M003207,P039,IN,14,2025-07-29
M003208,P098,IN,45,2025-04-11
M003209,P011,OUT,191,2025-12-09
M003210,P051,IN,151,2025-11-08
M003211,P034,OUT,147,2025-03-16
M003212,P007,OUT,59,2025-06-21
M003213,P049,IN,179,2026-02-08
M003214,P054,IN,69,2025-10-27
M003215,P094,IN,17,2025-07-11
M003216,P011,OUT,176,2025-03-13
M003217,P078,OUT,40,2025-04-10
M003218,P013,IN,155,2025-07-21
M003219,P028,IN,54,2025-10-17
M003220,P017,OUT,196,2025-08-11
M003221,P059,OUT,3,2025-10-22
M003222,P031,OUT,176,2025-09-17
M003223,P099,OUT,43,2025-04-08
M003224,P039,IN,69,2025-07-22
M003225,P012,OUT,132,2025-08-04
M003226,P028,IN,74,2025-11-24
M003227,P084,IN,179,2025-11-13
M003228,P078,OUT,33,2025-12-07
M003229,P077,IN,82,2025-10-27
M003230,P020,IN,37,2025-12-13
M003231,P020,IN,91,2025-09-26
M003232,P064,IN,7,2026-02-11
M003233,P042,OUT,113,2025-04-09
M003234,P027,OUT,98,2025-10-10
M003235,P089,IN,183,2025-03-25
M003236,P094,OUT,194,2025-07-04
M003237,P037,OUT,36,2026-01-20
M003238,P010,OUT,48,2025-04-01
M003239,P067,OUT,98,2025-06-07
M003240,P001,OUT,57,2026-02-21
M003241,P085,OUT,125,2026-01-23
M003242,P074,IN,81,2025-12-17
M003243,P044,OUT,38,2025-03-20
M003244,P005,IN,34,2025-06-28
M003245,P058,IN,141,2026-01-14
M003246,P022,OUT,92,2025-10-24
M003247,P072,OUT,163,2025-11-24
M003248,P012,IN,71,2025-12-22
M003249,P009,OUT,174,2026-01-03
M003250,P049,OUT,44,2025-12-26
M003251,P056,IN,4,2025-06-28
M003252,P020,OUT,77,2025-04-14
M003253,P040,IN,141,2025-09-15
M003254,P083,IN,46,2025-09-07
M003255,P047,IN,92,2025-07-06
M003256,P066,IN,175,2026-01-13
M003257,P019,IN,145,2025-05-24
M003258,P082,IN,108,2025-11-21
M003259,P058,OUT,188,2025-06-12
M003260,P044,OUT,158,2025-07-08
M003261,P015,OUT,92,2025-10-27
M003262,P014,OUT,113,2025-10-06
M003263,P055,OUT,86,2025-08-07
M003264,P002,IN,106,2025-06-17
M003265,P034,OUT,102,2025-09-01
M003266,P034,IN,79,2026-01-03
M003267,P024,OUT,60,2025-12-09
M003268,P053,OUT,44,2025-09-20
M003269,P034,OUT,94,2025-07-05
M003270,P016,IN,185,2025-10-23
M003271,P057,IN,71,2026-01-28
M003272,P026,OUT,173,2025-07-20
M003273,P016,IN,174,2025-05-18
M003274,P051,OUT,13,2026-02-09
M003275,P016,IN,122,2025-04-20
M003276,P052,IN,135,2025-06-28
M003277,P049,IN,142,2025-08-05
M003278,P080,IN,76,2025-09-06
M003279,P016,IN,155,2025-10-22
M003280,P026,IN,57,2025-06-21
M003281,P032,IN,85,2025-11-11
M003282,P035,OUT,69,2025-11-07
M003283,P098,IN,180,2025-08-07
M003284,P091,OUT,40,2025-05-03
M003285,P081,IN,114,2025-10-09
M003286,P078,IN,190,2025-05-05
M003287,P083,OUT,131,2025-08-05
M003288,P066,IN,169,2025-11-22
M003289,P086,IN,80,2025-06-17
M003290,P025,IN,177,2025-10-06
M003291,P020,OUT,89,2025-09-30
M003292,P086,OUT,85,2026-02-03
M003293,P051,IN,149,2025-12-28
M003294,P027,OUT,128,2025-05-07
M003295,P050,IN,75,2025-11-05
M003296,P029,IN,67,2025-11-30
M003297,P007,IN,99,2025-12-17
M003298,P058,IN,2,2026-03-07
M003299,P064,OUT,38,2025-08-29
M003300,P011,IN,144,2025-08-03
M003301,P065,IN,182,2025-09-29
M003302,P016,OUT,104,2026-02-24
M003303,P032,IN,165,2025-05-06
M003304,P024,OUT,129,2026-02-20
M003305,P075,OUT,171,2026-03-05
M003306,P074,IN,100,2025-06-15
M003307,P016,OUT,126,2025-05-14
M003308,P058,OUT,60,2025-08-27
M003309,P006,IN,63,2025-06-22
M003310,P083,IN,155,2025-03-31
M003311,P054,IN,146,2025-10-04
M003312,P092,IN,55,2025-09-21
M003313,P038,OUT,101,2025-10-14
M003314,P061,OUT,105,2025-11-24
M003315,P078,OUT,82,2025-09-17
M003316,P098,IN,173,2025-11-15
M003317,P041,IN,79,2025-03-21
M003318,P022,IN,169,2025-05-22
M003319,P085,IN,59,2025-09-22
M003320,P007,IN,77,2026-01-05
M003321,P014,IN,150,2026-02-24
M003322,P003,OUT,91,2026-02-02
M003323,P076,OUT,144,2025-09-18
M003324,P061,OUT,5,2025-04-25
M003325,P016,IN,71,2025-06-07
M003326,P062,IN,106,2026-02-28
M003327,P019,IN,152,2025-10-15
M003328,P073,OUT,50,2025-12-20
M003329,P003,IN,27,2025-04-11
M003330,P010,IN,196,2026-02-06
M003331,P025,IN,111,2025-07-06
M003332,P063,OUT,160,2025-09-26
M003333,P030,OUT,146,2025-10-23
M003334,P026,OUT,88,2025-08-06
M003335,P024,OUT,71,2025-09-10
M003336,P011,OUT,135,2025-05-17
M003337,P060,OUT,58,2025-08-31
M003338,P051,IN,88,2025-04-29
M003339,P006,IN,131,2025-09-08
M003340,P023,IN,31,2025-11-30
M003341,P013,IN,44,2026-01-05
M003342,P042,OUT,38,2025-06-13
M003343,P020,OUT,181,2025-09-03
M003344,P001,OUT,53,2025-06-25
M003345,P048,OUT,31,2025-06-16
M003346,P065,OUT,37,2025-10-02
M003347,P050,IN,125,2025-03-22
M003348,P097,IN,103,2025-09-29
M003349,P075,IN,112,2025-03-11
M003350,P015,IN,191,2025-11-19
M003351,P061,OUT,172,2025-04-27
M003352,P051,IN,147,2025-04-14
M003353,P024,OUT,67,2025-09-20
M003354,P046,IN,198,2025-06-09
M003355,P085,IN,50,2025-06-17
M003356,P002,IN,146,2025-03-24
M003357,P033,OUT,140,2025-12-24
M003358,P094,IN,192,2025-05-07
M003359,P033,IN,83,2026-03-04
M003360,P080,IN,24,2025-09-02
M003361,P004,IN,35,2025-04-08
M003362,P052,IN,79,2025-03-20
M003363,P083,OUT,60,2025-05-22
M003364,P040,OUT,70,2025-05-08
M003365,P086,IN,44,2025-04-07
M003366,P064,OUT,103,2025-10-30
M003367,P037,OUT,102,2025-08-15
M003368,P050,IN,173,2026-01-30
M003369,P012,OUT,187,2025-06-09
M003370,P004,IN,105,2025-09-10
M003371,P046,OUT,73,2025-05-23
M003372,P072,IN,49,2025-06-22
M003373,P011,OUT,40,2025-05-12
M003374,P026,OUT,55,2026-01-28
M003375,P082,OUT,125,2025-09-28
M003376,P072,OUT,172,2025-08-19
M003377,P034,IN,132,2025-12-14
M003378,P041,OUT,103,2025-05-11
M003379,P034,IN,125,2025-04-29
M003380,P053,IN,49,2025-03-24
M003381,P032,IN,114,2026-02-17
M003382,P014,OUT,147,2025-12-28
M003383,P003,IN,160,2025-04-16
M003384,P093,OUT,173,2025-09-03
M003385,P074,OUT,81,2025-10-21
M003386,P092,IN,9,2026-02-26
M003387,P041,IN,152,2025-12-21
M003388,P058,OUT,51,2025-03-10
M003389,P013,IN,121,2025-06-24
M003390,P050,OUT,55,2025-03-24
M003391,P081,IN,162,2025-10-26
M003392,P013,OUT,188,2026-02-06
M003393,P012,IN,151,2025-05-16
M003394,P096,IN,160,2025-10-05
M003395,P035,OUT,17,2025-04-20
M003396,P020,OUT,134,2025-03-30
M003397,P043,OUT,150,2025-09-12
M003398,P003,IN,2,2026-02-19
M003399,P062,OUT,32,2025-08-20
M003400,P073,OUT,54,2025-04-20
M003401,P043,IN,52,2025-11-05
M003402,P066,IN,196,2025-12-16
M003403,P025,IN,199,2026-01-25
M003404,P035,IN,21,2025-05-09
M003405,P069,OUT,107,2025-12-02
M003406,P036,IN,8,2025-06-18
M003407,P097,OUT,157,2025-11-01
M003408,P091,OUT,144,2025-06-01
M003409,P081,IN,85,2026-02-20
M003410,P056,OUT,183,2025-03-10
M003411,P078,OUT,64,2026-02-09
M003412,P055,IN,101,2025-04-14
M003413,P040,IN,101,2026-02-23
M003414,P040,IN,165,2025-04-15
M003415,P065,IN,26,2025-12-24
M003416,P040,OUT,63,2025-08-11
M003417,P083,OUT,7,2025-09-01
M003418,P082,IN,166,2025-12-30
M003419,P029,OUT,46,2026-03-09
M003420,P003,OUT,130,2025-12-05
M003421,P084,IN,58,2025-10-22
M003422,P082,OUT,158,2025-10-03
M003423,P057,OUT,196,2025-07-07
M003424,P061,IN,108,2026-01-25
M003425,P087,OUT,92,2025-04-20
M003426,P013,OUT,144,2025-09-08
M003427,P062,IN,109,2025-05-31
M003428,P019,IN,13,2025-12-25
M003429,P091,IN,20,2025-07-13
M003430,P079,IN,12,2025-08-19
M003431,P010,IN,50,2025-04-08
M003432,P009,OUT,15,2025-06-28
M003433,P048,IN,47,2025-05-10
M003434,P033,OUT,168,2025-03-20
M003435,P042,OUT,67,2025-05-25
M003436,P071,OUT,33,2025-07-22
M003437,P038,IN,2,2025-03-16
M003438,P033,IN,163,2025-08-26
M003439,P047,IN,172,2025-05-29
M003440,P006,IN,145,2025-10-16
M003441,P022,OUT,107,2025-11-29
M003442,P010,IN,187,2026-01-30
M003443,P038,IN,32,2025-10-08
M003444,P089,IN,65,2025-11-15
M003445,P041,IN,156,2025-05-17
M003446,P032,OUT,139,2025-12-26
M003447,P073,OUT,9,2025-07-08
M003448,P072,IN,157,2026-03-03
M003449,P006,OUT,182,2026-01-22
M003450,P003,OUT,69,2025-08-23
M003451,P052,IN,62,2025-10-24
M003452,P059,OUT,128,2025-08-09
M003453,P081,IN,57,2025-08-13
M003454,P031,OUT,133,2025-05-12
M003455,P065,OUT,187,2025-08-30
M003456,P082,IN,85,2025-11-25
M003457,P063,OUT,37,2025-06-13
M003458,P007,IN,192,2025-03-23
M003459,P007,IN,182,2025-06-17
M003460,P056,IN,42,2025-04-07
M003461,P023,IN,12,2025-04-14
M003462,P049,IN,153,2026-03-09
M003463,P011,OUT,105,2025-09-24
M003464,P023,OUT,21,2025-09-04
M003465,P058,OUT,54,2025-10-17
M003466,P005,OUT,77,2025-05-24
M003467,P055,OUT,33,2025-12-23
M003468,P079,OUT,176,2025-08-03
M003469,P045,IN,186,2025-04-29
M003470,P023,IN,125,2025-12-24
M003471,P012,IN,172,2025-12-15
M003472,P056,OUT,88,2025-06-04
M003473,P100,IN,48,2025-07-29
M003474,P056,IN,92,2025-12-19
M003475,P097,OUT,64,2025-09-13
M003476,P058,OUT,104,2026-02-26
M003477,P055,OUT,151,2025-11-11
M003478,P052,IN,39,2025-07-19
M003479,P094,OUT,136,2026-02-20
M003480,P034,IN,137,2025-11-14
M003481,P031,OUT,65,2025-09-26
M003482,P036,IN,73,2025-05-21
M003483,P018,OUT,65,2026-02-19
M003484,P017,OUT,144,2025-10-08
M003485,P017,IN,186,2025-03-10
M003486,P061,IN,80,2025-07-24
M003487,P093,OUT,163,2025-06-22
M003488,P051,IN,8,2025-09-24
M003489,P013,IN,13,2025-09-04
M003490,P038,OUT,8,2025-06-15
M003491,P067,OUT,59,2025-10-07
M003492,P034,OUT,107,2026-02-18
M003493,P077,OUT,76,2025-09-01
M003494,P005,IN,35,2025-11-28
M003495,P010,IN,110,2025-09-11
M003496,P065,OUT,117,2026-01-16
M003497,P050,IN,179,2025-11-07
M003498,P058,OUT,38,2025-09-08
M003499,P026,OUT,23,2025-11-04
M003500,P053,OUT,118,2025-11-07
M003501,P001,IN,77,2025-08-29
M003502,P001,OUT,186,2025-06-07
M003503,P068,OUT,46,2026-01-11
M003504,P028,OUT,111,2025-06-19
M003505,P045,IN,93,2025-05-12
M003506,P079,IN,137,2025-12-23
M003507,P040,IN,8,2025-05-11
M003508,P018,IN,64,2025-08-08
M003509,P001,OUT,85,2025-03-22
M003510,P090,OUT,192,2025-05-26
M003511,P088,IN,173,2025-08-02
M003512,P072,OUT,85,2025-04-20
M003513,P052,OUT,154,2025-11-30
M003514,P047,OUT,152,2026-01-13
M003515,P076,OUT,194,2025-04-18
M003516,P099,OUT,39,2025-06-08
M003517,P046,OUT,35,2026-03-06
M003518,P005,IN,60,2026-01-04
M003519,P035,IN,5,2025-03-28
M003520,P001,IN,137,2025-08-22
M003521,P076,IN,87,2026-02-09
M003522,P098,IN,103,2025-10-14
M003523,P040,OUT,44,2025-05-15
M003524,P027,OUT,63,2025-12-05
M003525,P049,IN,196,2025-12-27
M003526,P082,IN,63,2025-04-24
M003527,P098,IN,87,2025-10-24
M003528,P006,OUT,175,2025-05-12
M003529,P060,OUT,138,2025-08-25
M003530,P095,IN,53,2025-08-03
M003531,P050,OUT,115,2025-06-09
M003532,P097,IN,39,2025-07-28
M003533,P005,IN,78,2025-06-22
M003534,P088,IN,153,2025-06-06
M003535,P084,IN,47,2025-07-20
M003536,P043,OUT,196,2025-09-12
M003537,P059,IN,53,2025-06-10
M003538,P079,IN,32,2026-03-09
M003539,P045,IN,109,2025-04-21
M003540,P039,OUT,117,2025-10-28
M003541,P062,IN,159,2025-05-23
M003542,P016,OUT,165,2025-06-12
M003543,P033,IN,186,2025-06-06
M003544,P013,OUT,85,2025-03-25
M003545,P008,IN,191,2025-06-21
M003546,P091,IN,180,2026-03-08
M003547,P029,OUT,119,2025-09-17
M003548,P086,IN,95,2026-01-26
M003549,P080,OUT,184,2025-12-13
M003550,P026,OUT,58,2026-02-03
M003551,P024,OUT,91,2025-08-19
M003552,P068,IN,179,2025-06-16
M003553,P040,IN,46,2025-06-09
M003554,P005,IN,23,2025-08-10
M003555,P005,OUT,114,2025-06-29
M003556,P014,IN,124,2026-01-15
M003557,P066,OUT,89,2025-03-28
M003558,P049,OUT,186,2025-10-15
M003559,P082,OUT,35,2025-04-14
M003560,P065,OUT,56,2025-05-11
M003561,P010,IN,71,2025-09-01
M003562,P023,OUT,45,2025-07-25
M003563,P044,OUT,146,2025-04-06
M003564,P079,IN,181,2026-01-19
M003565,P086,OUT,112,2025-12-16
M003566,P043,IN,68,2025-06-12
M003567,P051,OUT,113,2025-04-06
M003568,P018,OUT,37,2026-01-11
M003569,P021,IN,92,2025-07-28
M003570,P074,IN,122,2025-10-19
M003571,P025,IN,95,2025-11-10
M003572,P086,OUT,22,2025-11-09
M003573,P077,IN,139,2026-01-13
M003574,P025,IN,136,2026-01-12
M003575,P006,IN,140,2025-03-16
M003576,P092,IN,114,2025-10-30
M003577,P063,IN,60,2025-06-20
M003578,P051,IN,104,2025-09-26
M003579,P076,IN,139,2025-06-07
M003580,P005,IN,150,2025-06-15
M003581,P063,OUT,185,2025-09-19
M003582,P032,OUT,49,2025-06-29
M003583,P081,OUT,95,2025-11-16
M003584,P054,OUT,170,2025-12-16
M003585,P034,OUT,140,2025-05-25
M003586,P048,OUT,125,2025-10-18
M003587,P077,OUT,70,2025-10-02
M003588,P087,OUT,4,2026-01-10
M003589,P020,IN,108,2025-07-31
M003590,P018,IN,35,2025-12-17
M003591,P062,OUT,110,2025-10-10
M003592,P083,OUT,128,2025-09-04
M003593,P087,OUT,133,2026-02-20
M003594,P031,IN,32,2026-01-11
M003595,P095,OUT,100,2025-06-05
M003596,P048,OUT,1,2026-01-25
M003597,P054,OUT,143,2025-08-03
M003598,P049,IN,39,2025-05-19
M003599,P068,IN,188,2025-12-07
M003600,P089,OUT,75,2025-09-11
M003601,P084,OUT,108,2025-08-21
M003602,P099,OUT,5,2025-05-27
M003603,P047,OUT,93,2025-09-15
M003604,P009,IN,102,2026-02-21
M003605,P029,IN,26,2025-09-29
M003606,P009,OUT,174,2026-03-06
M003607,P013,IN,81,2025-07-01
M003608,P079,IN,30,2025-03-13
M003609,P001,OUT,64,2025-11-05
M003610,P004,IN,13,2025-06-03
M003611,P033,OUT,113,2026-01-05
M003612,P019,OUT,104,2025-07-10
M003613,P036,OUT,171,2026-01-31
M003614,P007,IN,137,2025-10-12
M003615,P089,IN,78,2025-06-01
M003616,P043,IN,191,2025-12-10
M003617,P064,IN,1,2025-04-24
M003618,P049,OUT,129,2025-05-29
M003619,P081,OUT,70,2025-08-05
M003620,P039,OUT,166,2025-04-23
M003621,P023,OUT,61,2025-06-01
M003622,P096,IN,96,2025-11-01
M003623,P046,IN,88,2025-12-02
M003624,P058,IN,75,2025-06-25
M003625,P080,OUT,19,2026-02-09
M003626,P084,IN,19,2025-06-22
M003627,P005,IN,21,2026-01-28
M003628,P041,IN,117,2025-09-20
M003629,P028,OUT,3,2025-07-05
M003630,P070,IN,39,2025-05-13
M003631,P011,IN,150,2025-08-28
M003632,P014,OUT,27,2025-03-20
M003633,P073,IN,108,2025-05-18
M003634,P092,OUT,65,2026-01-27
M003635,P023,OUT,75,2025-12-10
M003636,P059,IN,79,2025-12-19
M003637,P079,IN,143,2025-11-01
M003638,P042,OUT,111,2026-02-01
M003639,P069,OUT,157,2025-03-22
M003640,P028,OUT,137,2025-10-16
M003641,P033,OUT,25,2026-02-09
M003642,P098,IN,141,2025-08-31
M003643,P079,IN,175,2025-10-21
M003644,P064,OUT,107,2026-02-23
M003645,P090,OUT,156,2026-02-15
M003646,P048,OUT,170,2025-05-13
M003647,P037,OUT,110,2025-03-09
M003648,P070,IN,169,2025-07-27
M003649,P058,IN,135,2025-03-30
M003650,P001,IN,35,2025-10-05
M003651,P083,IN,71,2026-01-10
M003652,P084,OUT,51,2026-02-03
M003653,P086,OUT,116,2025-05-22
M003654,P007,OUT,25,2025-06-04
M003655,P008,OUT,22,2025-10-19
M003656,P074,IN,48,2025-10-31
M003657,P067,IN,196,2025-08-30
M003658,P001,OUT,146,2025-10-09
M003659,P075,IN,18,2025-06-27
M003660,P079,OUT,40,2025-05-28
M003661,P047,IN,109,2026-02-21
M003662,P052,OUT,7,2025-04-24
M003663,P086,OUT,166,2025-07-14
M003664,P027,IN,82,2025-09-22
M003665,P092,OUT,58,2025-09-24
M003666,P079,OUT,45,2026-01-01
M003667,P055,OUT,56,2025-11-26
M003668,P093,IN,14,2025-05-07
M003669,P031,OUT,177,2025-12-16
M003670,P074,IN,119,2026-01-02
M003671,P016,IN,110,2026-02-22
M003672,P035,IN,9,2025-11-04
M003673,P091,OUT,190,2025-05-27
M003674,P083,IN,61,2025-09-15
M003675,P087,IN,63,2025-09-18
M003676,P054,IN,2,2025-12-14
M003677,P080,OUT,141,2025-10-13
M003678,P056,IN,81,2025-10-23
M003679,P059,OUT,28,2026-02-09
M003680,P027,IN,102,2025-03-30
M003681,P096,OUT,96,2026-02-01
M003682,P098,OUT,184,2025-12-05
M003683,P029,OUT,35,2025-05-07
M003684,P005,OUT,194,2025-06-13
M003685,P061,IN,184,2025-04-18
M003686,P035,OUT,22,2025-07-15
M003687,P001,OUT,109,2025-07-03
M003688,P060,OUT,64,2025-06-16
M003689,P037,OUT,37,2025-12-06
M003690,P030,IN,52,2025-07-02
M003691,P097,OUT,119,2025-11-25
M003692,P090,OUT,82,2025-08-25
M003693,P026,IN,195,2025-07-20
M003694,P010,IN,88,2025-03-13
M003695,P079,OUT,58,2025-09-03
M003696,P047,IN,38,2025-06-22
M003697,P061,IN,153,2025-05-10
M003698,P051,IN,13,2025-03-17
M003699,P032,OUT,104,2025-07-02
M003700,P073,OUT,75,2025-08-08
M003701,P086,OUT,140,2025-07-06
M003702,P070,OUT,128,2025-08-22
M003703,P049,IN,83,2026-02-02
M003704,P083,IN,189,2025-12-11
M003705,P021,OUT,86,2025-08-31
M003706,P065,IN,164,2026-02-19
M003707,P058,OUT,121,2026-02-07
M003708,P085,OUT,94,2025-04-19
M003709,P063,OUT,12,2025-08-25
M003710,P015,OUT,145,2026-01-19
M003711,P098,OUT,71,2025-04-09
M003712,P084,OUT,156,2026-01-19
M003713,P062,OUT,63,2026-02-28
M003714,P095,OUT,174,2025-12-08
M003715,P007,IN,100,2025-04-15
M003716,P078,IN,39,2026-01-07
M003717,P066,IN,102,2025-12-04
M003718,P017,OUT,41,2025-06-07
M003719,P093,IN,161,2025-11-13
M003720,P066,IN,193,2025-05-08
M003721,P021,OUT,140,2025-06-13
M003722,P097,OUT,146,2025-09-17
M003723,P095,OUT,191,2025-09-10
M003724,P099,IN,61,2025-11-24
M003725,P074,IN,63,2025-03-27
M003726,P099,IN,184,2025-07-26
M003727,P048,OUT,198,2025-04-12
M003728,P034,OUT,115,2025-06-16
M003729,P076,IN,164,2026-01-01
M003730,P021,IN,20,2025-06-23
M003731,P009,IN,168,2025-07-17
M003732,P097,IN,68,2026-02-05
M003733,P092,OUT,114,2026-01-14
M003734,P017,IN,166,2025-05-16
M003735,P048,OUT,104,2025-08-17
M003736,P052,IN,138,2025-09-28
M003737,P079,IN,182,2026-01-31
M003738,P064,OUT,197,2025-08-21
M003739,P012,IN,150,2025-06-20
M003740,P036,OUT,175,2025-06-05
M003741,P095,OUT,137,2025-05-31
M003742,P040,IN,180,2025-04-03
M003743,P084,OUT,197,2025-10-24
M003744,P031,IN,128,2025-10-12
M003745,P056,IN,63,2025-09-10
M003746,P073,IN,39,2025-08-06
M003747,P067,OUT,130,2026-02-13
M003748,P004,OUT,95,2025-07-05
M003749,P030,OUT,89,2025-07-07
M003750,P037,OUT,135,2025-12-31
M003751,P084,OUT,19,2025-09-19
M003752,P034,OUT,160,2025-08-06
M003753,P014,OUT,119,2026-02-26
M003754,P062,IN,152,2025-05-01
M003755,P064,OUT,125,2025-12-29
M003756,P048,OUT,194,2026-01-12
M003757,P036,OUT,14,2025-12-14
M003758,P092,IN,8,2026-03-04
M003759,P096,OUT,89,2025-06-26
M003760,P091,OUT,141,2025-06-25
M003761,P096,IN,72,2026-02-12
M003762,P035,IN,167,2025-11-28
M003763,P069,IN,148,2025-12-27
M003764,P048,IN,103,2025-09-23
M003765,P038,OUT,175,2026-02-28
M003766,P019,OUT,57,2025-06-13
M003767,P042,OUT,183,2026-03-05
M003768,P095,OUT,87,2025-09-04
M003769,P094,IN,134,2026-01-15
M003770,P099,IN,69,2025-10-30
M003771,P083,OUT,146,2025-03-13
M003772,P035,OUT,87,2025-06-07
M003773,P050,IN,1,2025-04-07
M003774,P082,OUT,64,2025-12-30
M003775,P001,OUT,177,2025-12-15
M003776,P083,OUT,142,2025-12-22
M003777,P061,OUT,145,2025-11-16
M003778,P059,OUT,138,2025-08-22
M003779,P012,IN,72,2025-12-04
M003780,P039,IN,21,2025-05-02
M003781,P095,IN,111,2025-08-09
M003782,P004,OUT,182,2025-03-24
M003783,P064,IN,139,2025-09-20
M003784,P078,OUT,73,2025-05-09
M003785,P009,OUT,103,2025-10-19
M003786,P032,OUT,103,2025-09-05
M003787,P034,OUT,126,2025-12-29
M003788,P098,OUT,105,2025-11-12
M003789,P028,IN,90,2025-04-27
M003790,P046,IN,149,2025-05-16
M003791,P095,IN,40,2025-12-01
M003792,P034,IN,171,2026-02-27
M003793,P039,IN,25,2025-08-13
M003794,P072,OUT,15,2025-08-04
M003795,P049,IN,178,2025-12-06
M003796,P024,OUT,197,2025-12-11
M003797,P040,OUT,176,2025-12-29
M003798,P040,IN,112,2025-04-14
M003799,P050,IN,56,2025-12-11
M003800,P009,OUT,166,2025-09-03
M003801,P028,OUT,115,2025-03-27
M003802,P048,IN,60,2026-02-22
M003803,P096,OUT,162,2025-11-29
M003804,P050,IN,90,2025-11-29
M003805,P033,OUT,83,2025-08-11
M003806,P018,OUT,108,2025-08-18
M003807,P086,OUT,165,2025-03-23
M003808,P034,OUT,9,2025-07-14
M003809,P014,OUT,88,2026-01-06
M003810,P041,OUT,149,2025-11-06
M003811,P063,OUT,87,2025-08-23
M003812,P023,IN,123,2025-11-21
M003813,P099,OUT,146,2025-03-13
M003814,P083,OUT,65,2025-05-05
M003815,P069,OUT,77,2025-03-20
M003816,P017,IN,191,2026-01-28
M003817,P038,IN,199,2025-07-23
M003818,P024,IN,6,2025-07-10
M003819,P010,IN,28,2025-03-16
M003820,P038,OUT,27,2025-06-09
M003821,P078,IN,199,2025-10-17
M003822,P002,OUT,173,2025-06-15
M003823,P051,IN,70,2025-10-16
M003824,P093,OUT,45,2025-06-25
M003825,P064,OUT,109,2025-08-04
M003826,P073,OUT,43,2025-06-30
M003827,P037,OUT,140,2025-08-26
M003828,P028,IN,25,2025-04-10
M003829,P078,IN,87,2026-01-28
M003830,P066,IN,183,2025-09-26
M003831,P006,IN,164,2026-02-15
M003832,P011,OUT,16,2025-07-18
M003833,P099,OUT,11,2025-11-11
M003834,P021,OUT,200,2026-01-31
M003835,P057,IN,67,2025-12-12
M003836,P054,IN,182,2025-12-23
M003837,P052,OUT,6,2025-05-20
M003838,P036,OUT,157,2025-05-19
M003839,P011,IN,49,2025-03-22
M003840,P047,OUT,14,2025-10-24
M003841,P059,OUT,66,2025-09-28
M003842,P098,OUT,58,2026-03-01
M003843,P088,IN,114,2025-05-07
M003844,P079,OUT,43,2025-06-12
M003845,P063,OUT,185,2025-10-23
M003846,P076,OUT,30,2026-02-01
M003847,P041,OUT,17,2025-12-25
M003848,P026,OUT,24,2025-11-28
M003849,P047,IN,117,2026-01-12
M003850,P037,IN,112,2025-05-08
M003851,P031,OUT,102,2025-12-15
M003852,P049,IN,190,2026-03-06
M003853,P042,IN,34,2025-11-30
M003854,P029,IN,149,2025-03-26
M003855,P016,OUT,35,2025-12-18
M003856,P088,IN,79,2025-10-16
M003857,P028,IN,10,2025-11-02
M003858,P010,OUT,84,2025-09-19
M003859,P100,IN,85,2025-09-07
M003860,P047,IN,94,2025-09-17
M003861,P002,OUT,157,2026-02-07
M003862,P005,OUT,44,2025-06-23
M003863,P019,IN,3,2025-12-16
M003864,P007,OUT,132,2025-11-17
M003865,P006,IN,32,2025-10-17
M003866,P026,OUT,129,2026-02-26
M003867,P027,IN,180,2025-03-17
M003868,P064,IN,167,2025-03-09
M003869,P020,OUT,7,2026-02-20
M003870,P063,OUT,167,2025-10-18
M003871,P085,IN,101,2025-05-30
M003872,P013,IN,93,2025-04-25
M003873,P051,OUT,140,2025-06-18
M003874,P047,IN,38,2025-08-23
M003875,P029,IN,17,2026-02-14
M003876,P071,IN,198,2026-01-10
M003877,P051,OUT,69,2025-12-27
M003878,P015,OUT,21,2025-08-28
M003879,P007,OUT,179,2026-01-14
M003880,P099,OUT,59,2025-04-21
M003881,P012,IN,78,2025-04-22
M003882,P047,IN,43,2025-05-19
M003883,P020,IN,136,2025-09-10
M003884,P011,OUT,149,2025-07-29
M003885,P066,OUT,100,2025-09-06
M003886,P015,IN,11,2026-01-31
M003887,P002,OUT,142,2025-03-14
M003888,P055,IN,135,2025-10-21
M003889,P009,IN,92,2025-11-13
M003890,P018,OUT,30,2025-08-05
M003891,P013,IN,10,2025-12-17
M003892,P062,IN,177,2025-03-31
M003893,P056,IN,189,2025-08-18
M003894,P086,OUT,83,2026-02-26
M003895,P013,OUT,150,2025-04-15
M003896,P088,OUT,5,2026-01-14
M003897,P018,OUT,145,2025-09-06
M003898,P077,IN,65,2025-10-14
M003899,P016,IN,121,2025-10-04
M003900,P029,IN,54,2025-05-31
M003901,P049,OUT,122,2025-09-02
M003902,P058,IN,172,2026-01-01
M003903,P091,IN,148,2025-05-17
M003904,P050,IN,57,2025-06-11
M003905,P011,OUT,161,2026-01-28
M003906,P055,OUT,1,2025-12-21
M003907,P034,IN,47,2025-06-02
M003908,P052,IN,186,2025-08-22
M003909,P090,IN,64,2025-09-26
M003910,P058,OUT,144,2025-10-26
M003911,P026,IN,121,2025-10-25
M003912,P026,IN,19,2025-11-30
M003913,P044,OUT,89,2025-03-10
M003914,P091,OUT,23,2026-02-11
M003915,P011,OUT,177,2025-05-02
M003916,P057,IN,200,2025-10-07
M003917,P032,IN,144,2026-01-08
M003918,P010,OUT,194,2025-12-31
M003919,P012,IN,146,2025-07-30
M003920,P097,IN,61,2025-05-26
M003921,P091,IN,170,2026-01-08
M003922,P099,OUT,131,2025-08-02
M003923,P057,OUT,49,2026-03-01
M003924,P096,OUT,129,2025-11-19
M003925,P077,IN,41,2025-03-30
M003926,P050,IN,13,2026-01-16
M003927,P098,OUT,193,2025-05-28
M003928,P020,OUT,75,2025-04-09
M003929,P002,OUT,85,2025-06-27
M003930,P056,IN,130,2025-07-24
M003931,P091,IN,36,2025-08-27
M003932,P049,IN,16,2025-05-27
M003933,P011,OUT,186,2025-12-26
M003934,P091,OUT,57,2025-12-30
M003935,P074,IN,190,2025-04-21
M003936,P053,IN,14,2025-09-02
M003937,P033,IN,83,2026-01-21
M003938,P082,OUT,69,2026-01-03
M003939,P035,OUT,68,2025-05-23
M003940,P068,IN,31,2025-08-02
M003941,P045,OUT,162,2025-08-29
M003942,P099,IN,24,2025-06-25
M003943,P018,OUT,72,2026-01-12
M003944,P066,OUT,35,2026-01-31
M003945,P009,OUT,95,2026-01-13
M003946,P090,OUT,80,2025-05-08
M003947,P094,OUT,80,2025-05-11
M003948,P092,IN,129,2025-03-22
M003949,P029,IN,60,2026-01-29
M003950,P100,IN,112,2026-02-08
M003951,P077,IN,111,2026-01-24
M003952,P032,OUT,43,2025-08-13
M003953,P039,OUT,71,2026-02-02
M003954,P052,OUT,162,2025-10-07
M003955,P048,OUT,61,2025-11-07
M003956,P028,IN,164,2025-09-02
M003957,P079,OUT,174,2025-10-26
M003958,P092,OUT,197,2025-04-20
M003959,P006,OUT,121,2025-11-29
M003960,P090,OUT,118,2025-08-30
M003961,P050,OUT,124,2025-09-25
M003962,P070,IN,168,2025-03-09
M003963,P024,OUT,31,2026-01-17
M003964,P030,IN,26,2025-10-06
M003965,P059,OUT,53,2025-06-28
M003966,P038,OUT,104,2025-08-09
M003967,P085,OUT,120,2025-03-23
M003968,P084,OUT,73,2025-06-16
M003969,P027,IN,129,2026-01-14
M003970,P031,IN,11,2026-01-02
M003971,P024,IN,176,2025-08-15
M003972,P008,OUT,86,2025-06-24
M003973,P066,IN,28,2025-11-16
M003974,P014,OUT,92,2026-02-16
M003975,P069,OUT,176,2026-01-08
M003976,P029,OUT,106,2025-11-28
M003977,P098,IN,180,2025-12-26
M003978,P075,IN,3,2025-06-27
M003979,P029,OUT,108,2025-06-18
M003980,P058,IN,51,2025-08-29
M003981,P037,OUT,3,2025-07-20
M003982,P055,OUT,146,2025-10-30
M003983,P045,IN,53,2025-10-31
M003984,P020,OUT,136,2025-05-22
M003985,P052,OUT,31,2025-05-18
M003986,P049,OUT,26,2026-01-12
M003987,P064,IN,97,2026-01-23
M003988,P025,OUT,135,2025-07-27
M003989,P095,IN,171,2025-12-02
M003990,P014,OUT,93,2025-07-20
M003991,P042,OUT,108,2025-03-09
M003992,P010,OUT,65,2025-04-07
M003993,P078,OUT,77,2025-05-19
M003994,P094,OUT,23,2025-03-12
M003995,P010,OUT,14,2025-05-12
M003996,P075,IN,39,2025-07-12
M003997,P044,OUT,106,2025-08-12
M003998,P077,OUT,169,2025-05-04
M003999,P086,OUT,98,2025-03-24
M004000,P050,IN,41,2026-01-26
M004001,P077,OUT,154,2025-06-16
M004002,P018,OUT,53,2025-09-18
M004003,P100,OUT,186,2026-02-19
M004004,P011,IN,80,2025-10-10
M004005,P043,OUT,107,2025-11-06
M004006,P017,OUT,27,2025-08-22
M004007,P081,OUT,107,2025-11-19
M004008,P021,IN,110,2025-04-06
M004009,P011,IN,115,2025-03-20
M004010,P078,OUT,155,2025-11-16
M004011,P025,OUT,10,2025-11-21
M004012,P077,OUT,86,2025-08-29
M004013,P062,OUT,112,2025-07-16
M004014,P088,OUT,111,2025-12-04
M004015,P056,OUT,58,2025-06-02
M004016,P058,IN,153,2025-11-14
M004017,P051,OUT,194,2026-02-25
M004018,P036,OUT,92,2025-09-17
M004019,P011,IN,135,2025-12-15
M004020,P080,IN,154,2025-05-29
M004021,P099,IN,6,2026-01-28
M004022,P088,OUT,76,2026-01-31
M004023,P015,OUT,154,2026-02-08
M004024,P072,IN,99,2025-08-17
M004025,P004,IN,1,2026-02-25
M004026,P015,OUT,105,2025-05-24
M004027,P023,OUT,95,2025-11-27
M004028,P051,IN,67,2026-02-16
M004029,P027,OUT,163,2026-03-01
M004030,P055,IN,159,2026-03-03
M004031,P064,IN,186,2025-04-27
M004032,P035,OUT,67,2025-08-05
M004033,P063,OUT,26,2025-09-19
M004034,P056,OUT,184,2025-04-03
M004035,P042,IN,91,2025-04-20
M004036,P086,OUT,177,2025-12-05
M004037,P057,IN,175,2025-06-23
M004038,P063,OUT,76,2025-12-18
M004039,P069,OUT,17,2025-03-19
M004040,P035,OUT,93,2025-06-18
M004041,P058,OUT,192,2025-03-28
M004042,P011,IN,176,2025-04-03
M004043,P001,IN,95,2026-01-07
M004044,P010,OUT,49,2025-11-12
M004045,P100,IN,188,2025-06-07
M004046,P083,OUT,162,2025-06-24
M004047,P097,IN,20,2025-11-13
M004048,P078,OUT,112,2026-02-02
M004049,P062,IN,129,2025-11-09
M004050,P012,IN,66,2025-08-02
M004051,P009,OUT,35,2025-05-07
M004052,P016,IN,20,2025-09-18
M004053,P039,OUT,140,2025-08-07
M004054,P001,IN,33,2025-04-25
M004055,P066,OUT,171,2025-03-17
M004056,P048,IN,100,2026-03-09
M004057,P018,IN,159,2025-06-20
M004058,P054,OUT,97,2025-06-01
M004059,P058,OUT,118,2025-08-28
M004060,P044,IN,136,2025-04-13
M004061,P094,OUT,41,2025-04-29
M004062,P042,IN,58,2025-10-14
M004063,P006,IN,14,2026-01-14
M004064,P013,OUT,192,2025-03-15
M004065,P030,IN,196,2025-07-22
M004066,P058,IN,156,2025-04-23
M004067,P091,OUT,134,2025-05-12
M004068,P068,OUT,113,2025-05-11
M004069,P013,OUT,14,2025-08-31
M004070,P011,OUT,61,2025-09-08
M004071,P004,IN,109,2026-01-16
M004072,P054,IN,46,2025-11-01
M004073,P062,IN,77,2026-02-01
M004074,P024,OUT,158,2025-07-08
M004075,P007,IN,56,2026-01-23
M004076,P096,IN,147,2025-10-28
M004077,P018,OUT,62,2025-10-19
M004078,P008,OUT,147,2025-07-26
M004079,P079,IN,8,2025-08-17
M004080,P003,OUT,77,2025-08-23
M004081,P089,OUT,132,2025-04-22
M004082,P042,IN,18,2026-02-27
M004083,P085,IN,188,2025-10-16
M004084,P024,IN,2,2025-09-22
M004085,P054,OUT,22,2025-04-02
M004086,P064,IN,24,2025-12-06
M004087,P044,IN,37,2025-11-19
M004088,P060,OUT,117,2025-03-26
M004089,P007,IN,34,2026-01-19
M004090,P073,IN,143,2025-11-23
M004091,P035,IN,126,2026-02-06
M004092,P065,IN,55,2026-01-31
M004093,P051,OUT,153,2025-03-28
M004094,P030,OUT,35,2025-12-09
M004095,P077,IN,66,2025-10-23
M004096,P005,IN,154,2025-05-30
M004097,P077,IN,69,2025-08-03
M004098,P075,IN,132,2025-05-15
M004099,P095,IN,33,2026-02-10
M004100,P050,OUT,152,2025-08-06
M004101,P045,IN,177,2025-11-30
M004102,P095,IN,66,2025-03-21
M004103,P051,OUT,188,2025-03-25
M004104,P027,OUT,26,2025-09-12
M004105,P024,IN,156,2025-06-16
M004106,P065,IN,73,2025-09-25
M004107,P023,IN,151,2025-08-03
M004108,P051,IN,86,2025-05-18
M004109,P036,IN,43,2025-05-26
M004110,P004,OUT,195,2025-03-28
M004111,P025,OUT,13,2025-04-08
M004112,P038,OUT,151,2025-11-23
M004113,P059,OUT,4,2025-07-08
M004114,P064,IN,139,2025-09-13
M004115,P024,IN,51,2025-05-03
M004116,P030,IN,87,2025-11-24
M004117,P034,OUT,92,2026-01-28
M004118,P100,OUT,183,2025-07-29
M004119,P093,OUT,151,2025-08-31
M004120,P054,OUT,24,2025-10-13
M004121,P100,IN,155,2025-11-16
M004122,P068,OUT,23,2025-11-26
M004123,P079,OUT,117,2025-05-10
M004124,P020,IN,153,2025-05-20
M004125,P042,OUT,28,2025-11-30
M004126,P090,OUT,131,2025-10-11
M004127,P037,IN,163,2025-05-11
M004128,P064,OUT,7,2025-04-25
M004129,P020,IN,27,2025-07-05
M004130,P014,OUT,20,2026-02-01
M004131,P077,OUT,173,2025-05-24
M004132,P096,IN,51,2025-04-21
M004133,P022,OUT,69,2025-06-02
M004134,P056,IN,192,2025-08-12
M004135,P051,IN,99,2025-07-20
M004136,P033,OUT,150,2025-08-03
M004137,P026,IN,26,2026-01-18
M004138,P058,IN,123,2025-11-20
M004139,P014,OUT,161,2026-01-23
M004140,P010,IN,152,2025-03-27
M004141,P093,IN,3,2026-01-30
M004142,P071,IN,106,2025-12-23
M004143,P029,IN,28,2025-11-04
M004144,P011,OUT,18,2025-09-05
M004145,P041,IN,46,2025-12-17
M004146,P039,OUT,182,2025-10-20
M004147,P004,IN,149,2025-07-13
M004148,P064,IN,64,2025-11-09
M004149,P057,IN,154,2025-11-14
M004150,P046,IN,137,2025-11-27
M004151,P070,IN,150,2025-12-30
M004152,P041,IN,68,2025-12-14
M004153,P019,OUT,157,2025-10-03
M004154,P084,OUT,192,2025-10-05
M004155,P089,OUT,17,2025-10-10
M004156,P089,IN,36,2026-02-01
M004157,P055,IN,17,2025-05-01
M004158,P018,OUT,101,2025-12-08
M004159,P099,IN,77,2025-12-01
M004160,P062,IN,95,2026-02-09
M004161,P050,OUT,75,2025-07-17
M004162,P080,IN,89,2026-02-09
M004163,P001,IN,98,2026-01-04
M004164,P098,IN,192,2025-09-07
M004165,P032,IN,28,2025-11-25
M004166,P078,IN,85,2025-06-21
M004167,P095,IN,182,2026-01-28
M004168,P046,IN,197,2025-09-08
M004169,P038,IN,30,2025-12-23
M004170,P071,OUT,105,2025-04-11
M004171,P046,IN,2,2025-05-16
M004172,P064,IN,129,2026-01-12
M004173,P080,IN,10,2025-08-20
M004174,P037,IN,94,2025-05-21
M004175,P021,IN,40,2025-08-09
M004176,P012,OUT,79,2025-12-28
M004177,P056,IN,83,2025-05-13
M004178,P037,OUT,138,2025-10-09
M004179,P096,OUT,132,2025-07-30
M004180,P060,OUT,85,2025-07-11
M004181,P080,OUT,35,2025-10-14
M004182,P063,IN,85,2026-02-28
M004183,P021,IN,60,2025-06-20
M004184,P095,IN,75,2025-09-24
M004185,P068,OUT,73,2025-09-19
M004186,P044,IN,107,2025-05-26
M004187,P009,OUT,21,2025-12-08
M004188,P097,OUT,74,2025-08-13
M004189,P038,OUT,176,2025-08-14
M004190,P059,OUT,166,2025-08-18
M004191,P097,OUT,46,2025-09-30
M004192,P099,IN,3,2025-07-11
M004193,P097,OUT,12,2025-09-28
M004194,P080,OUT,127,2026-02-26
M004195,P059,IN,163,2025-05-16
M004196,P032,OUT,68,2026-02-27
M004197,P061,IN,45,2025-12-17
M004198,P017,OUT,67,2026-02-04
M004199,P088,OUT,42,2025-08-08
M004200,P056,OUT,161,2025-12-29
M004201,P078,IN,112,2025-09-18
M004202,P060,IN,52,2025-11-06
M004203,P053,IN,143,2025-09-06
M004204,P086,OUT,166,2025-04-24
M004205,P099,OUT,123,2025-08-02
M004206,P076,IN,10,2025-10-09
M004207,P066,OUT,139,2026-02-10
M004208,P073,IN,117,2025-10-26
M004209,P061,OUT,9,2025-07-14
M004210,P083,IN,172,2025-08-05
M004211,P071,OUT,91,2025-09-26
M004212,P062,OUT,37,2025-10-29
M004213,P001,OUT,7,2025-11-04
M004214,P019,OUT,47,2025-04-22
M004215,P043,IN,82,2025-05-18
M004216,P080,OUT,97,2025-08-08
M004217,P059,OUT,120,2025-09-26
M004218,P058,OUT,196,2025-05-11
M004219,P004,OUT,112,2025-07-20
M004220,P032,IN,19,2025-05-25
M004221,P015,IN,193,2025-05-11
M004222,P037,IN,129,2025-04-24
M004223,P064,OUT,29,2025-09-24
M004224,P030,IN,119,2025-11-01
M004225,P051,OUT,42,2026-01-26
M004226,P079,IN,46,2025-03-09
M004227,P066,IN,8,2025-08-14
M004228,P040,IN,40,2025-08-15
M004229,P037,OUT,95,2025-08-28
M004230,P091,OUT,112,2025-06-06
M004231,P012,OUT,199,2025-03-19
M004232,P005,IN,122,2026-01-19
M004233,P038,OUT,100,2025-07-10
M004234,P090,OUT,84,2025-11-27
M004235,P041,OUT,142,2025-09-18
M004236,P049,IN,159,2025-07-30
M004237,P026,IN,63,2025-07-21
M004238,P049,OUT,155,2025-04-29
M004239,P023,IN,35,2026-02-19
M004240,P096,OUT,57,2025-03-13
M004241,P007,IN,134,2025-05-22
M004242,P042,IN,191,2025-11-28
M004243,P018,OUT,185,2025-12-13
M004244,P076,OUT,194,2025-09-11
M004245,P017,OUT,82,2025-12-20
M004246,P034,OUT,18,2025-10-04
M004247,P022,IN,194,2025-06-26
M004248,P076,OUT,33,2025-12-04
M004249,P052,OUT,5,2025-11-21
M004250,P014,OUT,47,2025-08-02
M004251,P083,OUT,31,2026-02-19
M004252,P042,IN,13,2026-01-12
M004253,P056,OUT,179,2025-03-22
M004254,P089,OUT,194,2025-09-27
M004255,P094,IN,176,2025-04-27
M004256,P086,OUT,186,2026-02-04
M004257,P036,OUT,124,2025-11-01
M004258,P086,IN,45,2025-10-09
M004259,P044,IN,141,2025-03-15
M004260,P041,IN,135,2026-02-03
M004261,P082,IN,25,2025-03-19
M004262,P073,OUT,192,2025-08-12
M004263,P016,IN,55,2025-11-26
M004264,P039,IN,84,2025-12-09
M004265,P099,IN,169,2025-06-06
M004266,P014,OUT,30,2025-08-15
M004267,P059,OUT,16,2025-12-11
M004268,P012,OUT,53,2026-01-18
M004269,P065,OUT,110,2025-05-07
M004270,P096,IN,111,2025-09-06
M004271,P017,OUT,175,2026-01-22
M004272,P089,OUT,33,2025-09-23
M004273,P077,OUT,9,2025-03-10
M004274,P074,OUT,58,2026-02-02
M004275,P094,IN,184,2025-05-08
M004276,P070,OUT,25,2025-04-05
M004277,P094,OUT,43,2025-10-17
M004278,P029,OUT,191,2025-07-14
M004279,P090,OUT,156,2025-11-12
M004280,P039,OUT,42,2025-09-24
M004281,P074,IN,2,2025-08-14
M004282,P100,OUT,168,2025-04-05
M004283,P100,IN,46,2025-04-10
M004284,P019,IN,183,2025-12-08
M004285,P094,OUT,156,2025-05-06
M004286,P064,IN,69,2025-05-20
M004287,P002,OUT,14,2025-11-11
M004288,P093,OUT,148,2025-06-25
M004289,P024,OUT,101,2025-04-08
M004290,P020,OUT,26,2025-11-10
M004291,P064,OUT,173,2025-04-02
M004292,P029,IN,120,2025-09-01
M004293,P004,OUT,66,2025-12-28
M004294,P044,IN,109,2025-03-11
M004295,P042,OUT,31,2026-01-12
M004296,P067,OUT,41,2025-10-02
M004297,P023,OUT,157,2025-06-08
M004298,P036,OUT,117,2025-08-04
M004299,P008,IN,24,2026-02-18
M004300,P003,OUT,174,2025-05-27
M004301,P065,IN,143,2026-01-18
M004302,P045,IN,170,2026-03-03
M004303,P070,OUT,23,2026-02-06
M004304,P053,OUT,180,2026-02-26
M004305,P005,OUT,67,2026-01-18
M004306,P059,IN,79,2026-03-09
M004307,P096,IN,16,2026-01-19
M004308,P093,IN,171,2026-01-28
M004309,P006,OUT,111,2025-08-09
M004310,P056,IN,93,2025-07-30
M004311,P057,IN,15,2026-02-22
M004312,P024,IN,95,2025-09-07
M004313,P022,IN,163,2025-06-21
M004314,P022,IN,84,2025-09-27
M004315,P062,OUT,48,2026-02-13
M004316,P027,OUT,63,2025-11-19
M004317,P051,OUT,3,2025-10-20
M004318,P019,IN,69,2025-03-23
M004319,P038,IN,119,2025-12-05
M004320,P060,OUT,24,2025-06-20
M004321,P063,IN,16,2025-06-27
M004322,P100,OUT,97,2025-09-17
M004323,P026,OUT,89,2025-07-24
M004324,P074,OUT,170,2025-07-10
M004325,P028,OUT,180,2025-10-12
M004326,P071,IN,104,2026-02-09
M004327,P009,OUT,47,2025-11-08
M004328,P033,IN,156,2025-09-30
M004329,P086,IN,197,2025-07-14
M004330,P018,OUT,26,2025-03-31
M004331,P013,OUT,132,2025-04-04
M004332,P048,OUT,126,2025-03-16
M004333,P090,OUT,158,2025-11-06
M004334,P053,IN,52,2025-08-24
M004335,P037,OUT,148,2026-01-01
M004336,P031,OUT,37,2025-12-28
M004337,P005,IN,20,2025-05-29
M004338,P038,IN,145,2025-05-31
M004339,P076,OUT,18,2025-08-21
M004340,P018,OUT,176,2026-03-05
M004341,P030,IN,42,2025-08-29
M004342,P037,IN,88,2025-10-29
M004343,P049,IN,53,2025-11-19
M004344,P043,OUT,15,2025-03-26
M004345,P047,IN,127,2025-06-24
M004346,P091,IN,94,2025-08-20
M004347,P045,OUT,56,2025-08-04
M004348,P100,OUT,41,2025-03-26
M004349,P043,OUT,79,2025-04-06
M004350,P086,IN,139,2025-10-19
M004351,P094,OUT,4,2025-07-11
M004352,P065,OUT,4,2026-01-16
M004353,P046,OUT,177,2025-05-17
M004354,P064,OUT,61,2025-04-18
M004355,P011,IN,54,2026-01-16
M004356,P030,IN,190,2025-07-28
M004357,P036,OUT,103,2026-01-27
M004358,P072,IN,58,2026-01-17
M004359,P018,IN,119,2025-08-09
M004360,P053,OUT,14,2025-08-12
M004361,P023,OUT,46,2025-10-27
M004362,P058,OUT,35,2026-02-13
M004363,P100,OUT,82,2025-06-07
M004364,P100,OUT,90,2025-11-18
M004365,P060,IN,198,2026-03-08
M004366,P013,IN,100,2025-11-21
M004367,P002,IN,116,2026-01-11
M004368,P009,IN,172,2025-12-18
M004369,P012,OUT,63,2025-06-27
M004370,P008,OUT,3,2025-06-20
M004371,P041,IN,79,2025-10-05
M004372,P083,IN,98,2025-05-13
M004373,P071,OUT,77,2025-05-25
M004374,P031,IN,86,2025-03-21
M004375,P055,OUT,32,2025-05-18
M004376,P048,IN,191,2025-09-29
M004377,P020,OUT,153,2025-08-24
M004378,P018,OUT,69,2025-03-25
M004379,P049,OUT,144,2025-06-06
M004380,P046,OUT,109,2026-02-04
M004381,P094,OUT,87,2025-11-28
M004382,P097,OUT,123,2025-05-02
M004383,P031,OUT,166,2026-02-09
M004384,P065,IN,90,2025-05-25
M004385,P060,IN,5,2025-09-08
M004386,P054,IN,91,2025-05-13
M004387,P056,IN,64,2025-12-19
M004388,P011,IN,97,2025-05-22
M004389,P022,OUT,19,2025-05-11
M004390,P025,IN,34,2025-03-25
M004391,P061,IN,99,2025-04-14
M004392,P020,OUT,168,2025-06-04
M004393,P063,OUT,110,2025-06-16
M004394,P009,OUT,128,2025-08-28
M004395,P082,OUT,128,2026-02-28
M004396,P071,OUT,178,2025-03-23
M004397,P063,IN,125,2025-07-10
M004398,P042,IN,185,2026-02-09
M004399,P092,IN,70,2025-11-17
M004400,P066,IN,43,2026-01-09
M004401,P021,OUT,3,2025-10-05
M004402,P020,IN,128,2025-05-27
M004403,P100,OUT,198,2025-08-22
M004404,P002,OUT,173,2025-11-16
M004405,P049,IN,64,2025-10-17
M004406,P010,OUT,43,2026-02-25
M004407,P048,IN,7,2025-12-13
M004408,P079,IN,54,2025-07-23
M004409,P047,OUT,89,2025-09-26
M004410,P054,IN,5,2025-10-24
M004411,P058,IN,152,2025-09-03
M004412,P057,IN,145,2025-10-31
M004413,P005,IN,5,2025-08-20
M004414,P086,IN,17,2025-06-27
M004415,P055,IN,138,2025-08-22
M004416,P013,IN,86,2025-10-27
M004417,P002,IN,58,2025-06-14
M004418,P036,IN,103,2026-01-17
M004419,P040,OUT,33,2025-08-29
M004420,P043,OUT,40,2025-06-07
M004421,P003,IN,127,2026-02-07
M004422,P093,OUT,194,2025-10-08
M004423,P032,OUT,15,2025-06-19
M004424,P095,IN,10,2025-08-05
M004425,P030,IN,141,2025-09-04
M004426,P058,IN,29,2025-08-24
M004427,P061,OUT,138,2025-03-27
M004428,P093,OUT,14,2026-02-23
M004429,P052,IN,143,2025-06-27
M004430,P092,OUT,118,2025-08-29
M004431,P075,IN,22,2025-08-08
M004432,P069,IN,22,2025-07-08
M004433,P039,IN,91,2025-09-12
M004434,P038,IN,137,2026-01-08
M004435,P050,IN,186,2025-07-07
M004436,P058,OUT,83,2026-02-10
M004437,P039,OUT,102,2025-08-25
M004438,P044,IN,175,2025-11-19
M004439,P005,OUT,167,2025-09-05
M004440,P080,OUT,87,2025-09-05
M004441,P044,OUT,44,2025-10-11
M004442,P031,OUT,60,2025-12-15
M004443,P069,OUT,30,2025-08-15
M004444,P054,IN,33,2025-10-11
M004445,P061,IN,157,2025-08-24
M004446,P027,IN,32,2025-09-29
M004447,P064,OUT,52,2025-04-17
M004448,P075,OUT,68,2025-04-10
M004449,P100,OUT,180,2025-05-31
M004450,P032,IN,106,2025-11-25
M004451,P033,OUT,194,2025-07-20
M004452,P096,IN,100,2025-04-14
M004453,P031,IN,61,2026-02-01
M004454,P059,IN,165,2025-11-29
M004455,P008,IN,114,2025-05-18
M004456,P012,OUT,89,2025-05-06
M004457,P006,IN,146,2025-03-29
M004458,P002,IN,64,2025-12-22
M004459,P077,IN,39,2025-08-06
M004460,P018,IN,43,2025-08-19
M004461,P030,OUT,126,2025-03-30
M004462,P033,OUT,117,2025-04-27
M004463,P084,IN,55,2025-12-18
M004464,P070,OUT,96,2025-10-08
M004465,P091,OUT,158,2026-01-07
M004466,P001,IN,25,2026-02-07
M004467,P051,IN,31,2025-08-25
M004468,P011,OUT,145,2025-07-06
M004469,P032,IN,84,2025-12-11
M004470,P034,OUT,74,2025-12-22
M004471,P084,OUT,127,2026-02-14
M004472,P034,IN,197,2026-01-02
M004473,P074,OUT,123,2025-03-20
M004474,P100,OUT,193,2025-11-30
M004475,P071,IN,46,2025-12-03
M004476,P099,OUT,198,2026-01-12
M004477,P030,IN,86,2026-02-01
M004478,P015,IN,173,2025-06-03
M004479,P064,IN,90,2025-11-08
M004480,P009,OUT,70,2025-07-12
M004481,P018,IN,157,2026-01-17
M004482,P047,OUT,23,2025-03-20
M004483,P052,OUT,108,2025-07-20
M004484,P067,OUT,79,2025-05-03
M004485,P082,OUT,121,2025-09-19
M004486,P017,IN,54,2025-10-07
M004487,P040,OUT,87,2025-10-24
M004488,P013,IN,50,2025-08-03
M004489,P008,IN,24,2025-08-21
M004490,P034,IN,70,2025-08-23
M004491,P060,OUT,188,2025-12-01
M004492,P017,OUT,31,2025-10-29
M004493,P093,OUT,67,2025-11-23
M004494,P042,IN,80,2025-05-10
M004495,P091,OUT,106,2025-04-07
M004496,P030,IN,162,2025-05-04
M004497,P099,IN,27,2025-03-22
M004498,P043,OUT,186,2025-06-17
M004499,P025,IN,182,2026-01-26
M004500,P006,IN,6,2025-10-31
M004501,P048,IN,40,2025-06-12
M004502,P026,IN,7,2025-04-04
M004503,P006,OUT,79,2025-11-07
M004504,P067,IN,198,2025-08-25
M004505,P027,OUT,129,2025-04-16
M004506,P079,IN,170,2025-12-27
M004507,P090,OUT,39,2025-08-02
M004508,P030,OUT,183,2025-04-04
M004509,P068,IN,188,2026-01-02
M004510,P049,OUT,94,2025-04-04
M004511,P042,IN,167,2025-05-21
M004512,P068,IN,64,2025-09-19
M004513,P048,IN,182,2025-06-14
M004514,P100,OUT,60,2025-06-26
M004515,P020,IN,146,2025-05-18
M004516,P039,IN,144,2025-11-03
M004517,P011,IN,140,2025-07-21
M004518,P016,OUT,124,2025-08-10
M004519,P047,IN,70,2025-03-17
M004520,P089,OUT,93,2025-11-29
M004521,P090,OUT,142,2025-06-20
M004522,P003,IN,178,2025-10-15
M004523,P043,IN,91,2025-09-25
M004524,P093,OUT,112,2026-02-06
M004525,P059,IN,179,2025-10-05
M004526,P086,OUT,196,2025-12-04
M004527,P086,IN,76,2025-11-30
M004528,P045,IN,173,2025-05-19
M004529,P046,OUT,108,2026-01-28
M004530,P021,IN,5,2025-06-07
M004531,P028,IN,166,2025-09-29
M004532,P024,IN,142,2025-07-22
M004533,P054,IN,35,2025-04-26
M004534,P068,IN,26,2026-01-02
M004535,P003,OUT,196,2025-12-25
M004536,P075,OUT,126,2025-10-22
M004537,P020,IN,102,2025-07-25
M004538,P017,IN,103,2026-01-30
M004539,P089,IN,170,2025-06-02
M004540,P050,OUT,150,2025-08-20
M004541,P004,IN,48,2025-09-20
M004542,P078,OUT,192,2025-08-24
M004543,P026,OUT,32,2025-08-21
M004544,P043,OUT,172,2025-10-31
M004545,P087,IN,96,2025-06-12
M004546,P044,OUT,29,2025-10-20
M004547,P055,IN,94,2025-04-12
M004548,P008,OUT,194,2025-07-07
M004549,P061,IN,123,2025-05-25
M004550,P046,OUT,33,2025-05-15
M004551,P066,OUT,184,2026-03-03
M004552,P050,OUT,69,2026-01-29
M004553,P008,OUT,115,2025-06-15
M004554,P034,OUT,164,2025-09-15
M004555,P049,IN,196,2025-11-14
M004556,P019,OUT,145,2025-08-15
M004557,P031,IN,131,2025-05-06
M004558,P007,IN,163,2025-03-22
M004559,P031,IN,181,2025-10-06
M004560,P095,OUT,183,2025-08-06
M004561,P076,IN,9,2025-05-20
M004562,P081,OUT,98,2025-12-29
M004563,P050,OUT,164,2025-04-17
M004564,P052,OUT,73,2025-06-12
M004565,P056,OUT,139,2025-11-13
M004566,P050,IN,130,2025-09-18
M004567,P045,OUT,63,2025-05-10
M004568,P012,IN,53,2026-01-15
M004569,P049,OUT,77,2025-08-27
M004570,P023,IN,151,2025-11-05
M004571,P062,OUT,184,2025-12-20
M004572,P065,IN,120,2026-02-23
M004573,P081,OUT,134,2025-06-16
M004574,P041,IN,16,2025-11-05
M004575,P012,OUT,90,2025-08-27
M004576,P054,IN,136,2025-08-03
M004577,P051,OUT,109,2025-04-23
M004578,P055,OUT,147,2025-04-15
M004579,P024,IN,165,2026-01-24
M004580,P004,OUT,193,2025-03-21
M004581,P088,OUT,187,2025-04-21
M004582,P018,OUT,181,2025-08-18
M004583,P035,OUT,58,2026-02-20
M004584,P016,IN,163,2026-01-23
M004585,P044,IN,69,2026-01-12
M004586,P039,IN,164,2025-12-06
M004587,P062,IN,107,2025-04-18
M004588,P097,IN,80,2025-08-07
M004589,P066,IN,88,2025-05-06
M004590,P095,IN,30,2026-01-05
M004591,P030,OUT,45,2025-12-15
M004592,P046,OUT,6,2026-02-15
M004593,P011,IN,96,2025-11-27
M004594,P072,OUT,23,2025-06-12
M004595,P052,IN,59,2026-02-05
M004596,P072,IN,35,2026-03-04
M004597,P040,IN,45,2025-08-06
M004598,P081,OUT,194,2025-08-25
M004599,P030,OUT,28,2025-10-22
M004600,P046,IN,98,2025-07-28
M004601,P053,OUT,70,2026-02-26
M004602,P077,OUT,57,2025-11-25
M004603,P024,IN,144,2025-07-10
M004604,P060,IN,61,2025-06-13
M004605,P064,OUT,106,2025-08-25
M004606,P069,IN,41,2025-06-17
M004607,P073,IN,194,2025-06-02
M004608,P050,OUT,19,2025-12-23
M004609,P046,OUT,2,2025-10-18
M004610,P045,IN,29,2025-03-15
M004611,P094,OUT,163,2025-10-12
M004612,P022,OUT,154,2025-11-09
M004613,P054,IN,60,2025-12-17
M004614,P094,OUT,137,2025-12-08
M004615,P013,IN,185,2025-05-07
M004616,P080,OUT,31,2025-05-29
M004617,P040,OUT,45,2025-05-05
M004618,P090,OUT,19,2026-03-02
M004619,P053,IN,149,2025-05-06
M004620,P077,IN,183,2025-03-17
M004621,P050,IN,195,2025-06-03
M004622,P033,OUT,150,2025-05-30
M004623,P099,OUT,145,2025-11-01
M004624,P045,IN,124,2025-08-08
M004625,P019,IN,141,2025-10-03
M004626,P036,OUT,6,2025-12-10
M004627,P030,IN,139,2025-05-18
M004628,P079,IN,8,2025-04-16
M004629,P017,OUT,50,2025-12-04
M004630,P023,OUT,140,2025-12-26
M004631,P017,IN,120,2025-07-06
M004632,P012,OUT,101,2026-02-17
M004633,P031,IN,54,2025-06-25
M004634,P100,IN,100,2025-09-27
M004635,P078,OUT,183,2025-08-18
M004636,P091,OUT,26,2025-04-15
M004637,P096,OUT,178,2025-07-26
M004638,P052,IN,86,2025-05-25
M004639,P044,IN,164,2025-10-11
M004640,P027,OUT,172,2025-06-07
M004641,P037,IN,138,2026-01-27
M004642,P039,OUT,121,2025-05-23
M004643,P011,OUT,5,2025-05-31
M004644,P045,IN,7,2025-12-15
M004645,P100,OUT,12,2025-12-14
M004646,P045,IN,32,2025-08-26
M004647,P040,OUT,35,2025-07-08
M004648,P006,OUT,12,2026-01-08
M004649,P028,IN,21,2026-02-15
M004650,P027,IN,183,2025-06-01
M004651,P014,OUT,115,2026-02-11
M004652,P019,OUT,82,2025-06-06
M004653,P071,IN,60,2025-10-18
M004654,P034,IN,69,2025-07-06
M004655,P030,OUT,165,2025-07-25
M004656,P019,IN,180,2025-08-30
M004657,P016,OUT,18,2026-01-24
M004658,P040,IN,196,2025-07-10
M004659,P074,IN,52,2026-03-05
M004660,P080,OUT,176,2025-12-21
M004661,P027,IN,23,2025-04-04
M004662,P068,IN,177,2025-04-23
M004663,P090,OUT,190,2025-05-15
M004664,P100,IN,135,2026-03-05
M004665,P042,OUT,16,2025-11-01
M004666,P006,IN,127,2025-03-19
M004667,P052,OUT,40,2025-07-09
M004668,P088,OUT,24,2026-01-15
M004669,P074,IN,72,2026-02-18
M004670,P042,IN,31,2025-10-07
M004671,P076,OUT,195,2025-05-07
M004672,P008,IN,103,2025-10-10
M004673,P075,IN,41,2025-08-23
M004674,P011,IN,141,2025-05-19
M004675,P022,IN,59,2025-10-14
M004676,P041,IN,180,2026-02-10
M004677,P049,IN,40,2025-09-30
M004678,P081,OUT,197,2026-02-20
M004679,P098,OUT,49,2026-01-21
M004680,P065,IN,175,2026-02-01
M004681,P066,OUT,30,2026-02-05
M004682,P082,IN,88,2025-08-02
M004683,P094,IN,65,2025-03-31
M004684,P100,OUT,163,2025-04-03
M004685,P008,OUT,59,2025-08-23
M004686,P065,IN,17,2025-12-31
M004687,P075,OUT,108,2025-06-18
M004688,P056,OUT,166,2025-06-22
M004689,P069,OUT,191,2025-10-30
M004690,P091,OUT,129,2025-09-29
M004691,P098,OUT,71,2025-11-13
M004692,P095,OUT,154,2026-02-04
M004693,P011,OUT,167,2025-07-01
M004694,P046,IN,197,2025-06-10
M004695,P051,IN,192,2025-12-29
M004696,P025,OUT,42,2025-08-05
M004697,P087,IN,135,2025-05-20
M004698,P043,OUT,158,2026-02-08
M004699,P039,IN,179,2025-11-14
M004700,P043,OUT,107,2025-09-28
M004701,P037,IN,55,2025-07-01
M004702,P093,OUT,23,2025-06-12
M004703,P096,OUT,6,2025-11-21
M004704,P052,OUT,112,2025-10-19
M004705,P020,OUT,81,2025-07-04
M004706,P090,IN,136,2025-04-25
M004707,P052,OUT,178,2025-08-22
M004708,P025,OUT,178,2025-06-20
M004709,P035,IN,8,2025-10-18
M004710,P052,OUT,23,2025-04-10
M004711,P032,OUT,53,2025-07-08
M004712,P100,OUT,6,2025-12-02
M004713,P029,IN,134,2026-02-16
M004714,P079,OUT,190,2025-11-05
M004715,P055,OUT,84,2025-09-09
M004716,P051,IN,137,2026-01-30
M004717,P075,OUT,152,2025-05-26
M004718,P095,IN,179,2025-06-04
M004719,P075,IN,65,2025-08-08
M004720,P084,OUT,136,2025-11-29
M004721,P018,OUT,41,2025-08-06
M004722,P063,OUT,53,2025-10-14
M004723,P044,OUT,172,2025-10-11
M004724,P004,OUT,148,2025-06-23
M004725,P092,OUT,79,2025-06-29
M004726,P021,OUT,20,2025-04-26
M004727,P069,IN,172,2025-04-15
M004728,P057,IN,134,2025-09-10
M004729,P084,IN,170,2025-11-28
M004730,P044,IN,14,2026-03-08
M004731,P079,OUT,181,2026-01-15
M004732,P087,IN,157,2025-10-26
M004733,P075,IN,195,2025-04-08
M004734,P078,IN,79,2026-02-01
M004735,P066,IN,194,2025-08-13
M004736,P039,IN,29,2025-09-20
M004737,P027,IN,6,2025-06-12
M004738,P025,IN,165,2026-01-31
M004739,P051,IN,17,2025-04-05
M004740,P065,OUT,30,2025-07-16
M004741,P058,OUT,144,2025-12-10
M004742,P061,IN,172,2025-12-01
M004743,P055,IN,123,2025-12-24
M004744,P035,IN,196,2025-09-04
M004745,P016,OUT,45,2025-04-18
M004746,P059,OUT,64,2026-01-15
M004747,P097,IN,85,2026-01-26
M004748,P078,OUT,100,2025-09-03
M004749,P021,OUT,38,2025-09-04
M004750,P007,OUT,84,2025-11-21
M004751,P085,OUT,25,2025-12-06
M004752,P053,IN,197,2025-07-07
M004753,P006,IN,67,2025-05-14
M004754,P039,OUT,186,2025-11-17
M004755,P062,OUT,14,2025-04-08
M004756,P091,OUT,184,2025-08-05
M004757,P003,OUT,81,2026-01-08
M004758,P095,IN,186,2025-10-18
M004759,P032,OUT,58,2025-03-24
M004760,P059,IN,113,2025-05-27
M004761,P008,IN,110,2025-11-19
M004762,P047,OUT,92,2025-11-11
M004763,P088,OUT,105,2025-08-30
M004764,P082,OUT,192,2025-10-08
M004765,P085,OUT,66,2025-04-14
M004766,P047,OUT,44,2025-07-04
M004767,P090,OUT,167,2026-01-10
M004768,P038,IN,127,2025-05-04
M004769,P081,OUT,47,2025-10-07
M004770,P021,OUT,18,2025-04-06
M004771,P014,OUT,147,2025-12-17
M004772,P096,OUT,73,2026-03-02
M004773,P002,IN,104,2025-08-10
M004774,P071,OUT,43,2025-06-22
M004775,P038,IN,179,2025-11-23
M004776,P012,IN,107,2025-05-28
M004777,P095,IN,96,2026-02-18
M004778,P033,IN,175,2025-11-01
M004779,P017,IN,117,2025-11-08
M004780,P034,OUT,194,2025-06-04
M004781,P002,OUT,24,2026-01-29
M004782,P019,IN,62,2025-05-23
M004783,P039,OUT,183,2025-12-05
M004784,P092,IN,99,2026-03-08
M004785,P063,OUT,143,2025-03-28
M004786,P025,OUT,14,2025-03-20
M004787,P042,OUT,135,2025-12-18
M004788,P009,OUT,29,2025-10-28
M004789,P001,IN,117,2025-03-20
M004790,P082,IN,68,2025-08-05
M004791,P070,OUT,129,2026-01-02
M004792,P093,OUT,55,2025-05-23
M004793,P022,OUT,197,2025-06-06
M004794,P074,OUT,47,2025-06-24
M004795,P065,IN,176,2025-05-21
M004796,P002,OUT,130,2025-04-22
M004797,P042,IN,70,2025-11-15
M004798,P047,OUT,96,2025-05-19
M004799,P073,IN,113,2025-12-14
M004800,P005,OUT,110,2025-12-10
M004801,P012,IN,101,2025-11-13
M004802,P025,OUT,130,2025-03-10
M004803,P023,IN,163,2025-07-22
M004804,P059,IN,175,2025-11-07
M004805,P099,IN,86,2025-08-02
M004806,P012,OUT,170,2025-04-26
M004807,P094,OUT,92,2026-02-03
M004808,P059,OUT,159,2025-06-24
M004809,P028,IN,33,2025-11-17
M004810,P030,IN,51,2025-08-21
M004811,P075,IN,90,2025-04-12
M004812,P056,IN,159,2025-07-06
M004813,P021,OUT,67,2025-11-03
M004814,P081,IN,188,2025-10-17
M004815,P019,OUT,41,2025-09-07
M004816,P011,OUT,94,2025-09-22
M004817,P052,IN,148,2026-03-02
M004818,P020,IN,11,2025-04-12
M004819,P099,OUT,86,2025-09-27
M004820,P098,IN,158,2025-07-22
M004821,P012,IN,183,2026-03-04
M004822,P042,OUT,63,2025-08-15
M004823,P027,IN,100,2025-05-05
M004824,P068,OUT,37,2025-07-20
M004825,P001,IN,34,2025-07-18
M004826,P026,IN,113,2025-04-20
M004827,P025,IN,148,2026-01-14
M004828,P044,OUT,48,2025-11-21
M004829,P035,OUT,94,2025-05-20
M004830,P086,OUT,56,2025-08-08
M004831,P062,IN,72,2025-10-10
M004832,P029,IN,70,2026-02-14
M004833,P040,OUT,26,2025-09-27
M004834,P100,OUT,81,2025-07-18
M004835,P013,OUT,66,2026-03-09
M004836,P058,OUT,186,2026-03-05
M004837,P035,IN,114,2025-12-26
M004838,P010,IN,116,2026-01-06
M004839,P043,OUT,148,2025-12-18
M004840,P052,OUT,131,2025-10-30
M004841,P093,OUT,29,2025-04-08
M004842,P013,IN,16,2025-07-25
M004843,P064,OUT,7,2025-12-12
M004844,P042,OUT,124,2025-06-14
M004845,P040,IN,156,2025-10-01
M004846,P054,IN,60,2026-03-05
M004847,P050,IN,14,2025-08-11
M004848,P049,IN,39,2025-09-28
M004849,P023,IN,160,2025-06-26
M004850,P012,IN,134,2025-09-26
M004851,P076,OUT,114,2025-09-15
M004852,P014,IN,112,2025-04-06
M004853,P038,OUT,154,2025-05-24
M004854,P042,IN,8,2025-05-20
M004855,P032,IN,101,2025-12-08
M004856,P052,IN,175,2025-11-18
M004857,P073,OUT,118,2026-03-04
M004858,P062,OUT,160,2025-11-15
M004859,P023,OUT,200,2025-05-31
M004860,P007,OUT,165,2025-03-25
M004861,P071,IN,177,2025-08-28
M004862,P006,OUT,166,2025-11-06
M004863,P091,IN,40,2025-11-12
M004864,P055,OUT,71,2025-08-05
M004865,P047,IN,132,2025-08-20
M004866,P092,IN,168,2025-09-27
M004867,P071,OUT,91,2025-07-07
M004868,P014,IN,108,2026-01-19
M004869,P095,OUT,100,2025-05-14
M004870,P058,IN,177,2025-05-20
M004871,P074,OUT,62,2026-01-28
M004872,P048,OUT,147,2025-12-04
M004873,P075,IN,83,2026-01-26
M004874,P074,IN,193,2026-03-07
M004875,P088,IN,113,2025-07-04
M004876,P029,IN,76,2025-07-10
M004877,P023,IN,120,2025-05-03
M004878,P056,IN,166,2025-10-26
M004879,P006,OUT,55,2025-05-01
M004880,P075,OUT,26,2025-07-26
M004881,P017,IN,151,2025-06-16
M004882,P002,IN,175,2026-02-09
M004883,P042,OUT,31,2025-04-01
M004884,P089,OUT,32,2025-05-22
M004885,P041,OUT,60,2025-12-01
M004886,P059,IN,136,2025-08-19
M004887,P084,IN,106,2025-07-22
M004888,P080,OUT,28,2025-03-21
M004889,P046,OUT,129,2025-12-21
M004890,P001,IN,80,2025-04-05
M004891,P010,IN,13,2025-07-02
M004892,P078,OUT,55,2025-03-23
M004893,P017,IN,111,2026-01-31
M004894,P076,IN,114,2025-11-25
M004895,P023,IN,104,2025-09-02
M004896,P072,OUT,174,2026-01-14
M004897,P090,OUT,159,2025-12-25
M004898,P033,IN,136,2025-12-11
M004899,P056,OUT,168,2025-12-16
M004900,P059,OUT,90,2025-04-16
M004901,P076,IN,15,2025-05-17
M004902,P099,IN,105,2025-03-27
M004903,P068,IN,55,2025-12-29
M004904,P089,IN,159,2025-04-21
M004905,P066,OUT,151,2025-05-17
M004906,P057,IN,142,2025-07-03
M004907,P001,IN,163,2025-05-09
M004908,P041,OUT,130,2025-10-12
M004909,P049,IN,80,2025-03-26
M004910,P004,IN,172,2025-05-29
M004911,P068,OUT,1,2025-07-26
M004912,P030,IN,118,2025-04-19
M004913,P097,OUT,108,2025-08-19
M004914,P014,IN,35,2025-11-14
M004915,P011,OUT,87,2025-09-29
M004916,P044,IN,43,2025-12-07
M004917,P076,OUT,101,2025-12-01
M004918,P064,IN,149,2025-11-03
M004919,P093,OUT,16,2025-04-12
M004920,P021,OUT,159,2025-04-10
M004921,P055,IN,13,2026-02-20
M004922,P056,IN,33,2026-01-27
M004923,P026,IN,95,2025-12-11
M004924,P049,IN,139,2025-10-12
M004925,P071,IN,29,2025-05-20
M004926,P100,IN,145,2026-01-07
M004927,P029,OUT,92,2025-06-09
M004928,P031,IN,178,2025-11-17
M004929,P017,OUT,60,2025-06-17
M004930,P017,IN,128,2025-12-12
M004931,P091,OUT,10,2025-06-18
M004932,P013,OUT,135,2025-06-08
M004933,P002,OUT,46,2025-08-27
M004934,P095,IN,181,2025-09-21
M004935,P075,OUT,99,2025-06-27
M004936,P079,IN,82,2025-04-17
M004937,P017,OUT,121,2025-12-16
M004938,P019,OUT,73,2025-09-28
M004939,P018,IN,106,2025-10-17
M004940,P084,OUT,119,2025-05-27
M004941,P070,IN,153,2025-08-17
M004942,P064,OUT,107,2025-08-06
M004943,P074,OUT,155,2026-01-15
M004944,P035,OUT,144,2025-06-22
M004945,P052,OUT,134,2025-11-16
M004946,P013,IN,190,2025-10-27
M004947,P094,IN,27,2025-12-26
M004948,P092,IN,195,2025-09-16
M004949,P008,OUT,67,2026-03-03
M004950,P094,IN,67,2025-06-17
M004951,P054,IN,130,2025-11-26
M004952,P064,OUT,148,2025-11-17
M004953,P036,OUT,23,2025-04-05
M004954,P010,IN,56,2025-05-21
M004955,P024,OUT,50,2026-01-30
M004956,P041,IN,151,2025-06-18
M004957,P038,IN,23,2025-09-29
M004958,P064,OUT,74,2026-01-17
M004959,P070,OUT,149,2025-11-23
M004960,P008,IN,83,2025-07-18
M004961,P039,IN,7,2025-10-02
M004962,P012,OUT,142,2025-08-18
M004963,P061,OUT,5,2025-06-29
M004964,P065,IN,97,2025-03-25
M004965,P041,OUT,141,2026-01-09
M004966,P023,OUT,40,2025-05-24
M004967,P016,OUT,100,2025-06-20
M004968,P023,OUT,5,2025-12-04
M004969,P073,OUT,65,2025-07-31
M004970,P056,IN,11,2026-01-14
M004971,P060,OUT,108,2025-08-20
M004972,P006,IN,64,2025-04-27
M004973,P099,OUT,22,2025-03-18
M004974,P007,OUT,55,2025-09-10
M004975,P062,IN,182,2026-03-02
M004976,P015,IN,119,2026-01-30
M004977,P023,IN,133,2025-07-29
M004978,P080,IN,59,2025-05-23
M004979,P056,IN,50,2025-05-26
M004980,P085,OUT,71,2025-10-11
M004981,P063,IN,187,2025-06-18
M004982,P001,OUT,160,2025-05-15
M004983,P034,IN,33,2025-08-25
M004984,P083,OUT,20,2025-08-07
M004985,P064,OUT,84,2025-11-09
M004986,P081,IN,184,2025-08-28
M004987,P058,OUT,86,2026-01-10
M004988,P090,OUT,1,2026-01-13
M004989,P064,IN,93,2025-05-24
M004990,P091,IN,199,2025-05-17
M004991,P096,IN,107,2025-07-27
M004992,P059,OUT,84,2025-06-13
M004993,P099,IN,9,2025-06-03
M004994,P084,IN,42,2026-03-05
M004995,P040,IN,167,2025-06-06
M004996,P029,OUT,193,2025-10-20
M004997,P080,OUT,24,2025-11-19
M004998,P045,IN,75,2025-11-21
M004999,P025,IN,145,2025-04-05
M005000,P039,OUT,180,2025-12-11
M005001,P092,OUT,113,2025-05-05
M005002,P009,IN,29,2025-08-12
M005003,P077,IN,55,2025-12-01
M005004,P036,OUT,50,2025-10-02
M005005,P099,IN,184,2026-03-04
M005006,P023,IN,170,2025-06-03
M005007,P045,OUT,190,2026-02-05
M005008,P038,OUT,73,2025-07-17
M005009,P013,OUT,15,2025-03-27
M005010,P059,IN,42,2025-06-16
M005011,P070,IN,122,2025-10-19
M005012,P082,OUT,32,2025-03-27
M005013,P083,IN,173,2025-09-12
M005014,P019,OUT,37,2025-03-20
M005015,P019,IN,156,2026-01-10
M005016,P069,OUT,57,2026-01-19
M005017,P017,IN,105,2025-04-17
M005018,P037,IN,11,2025-12-19
M005019,P030,OUT,150,2025-11-30
M005020,P064,IN,53,2025-10-16
M005021,P060,OUT,195,2025-06-06
M005022,P033,OUT,142,2025-10-22
M005023,P039,IN,101,2025-12-12
M005024,P055,IN,169,2025-05-17
M005025,P083,IN,58,2025-03-09
M005026,P059,OUT,54,2025-11-17
M005027,P016,OUT,110,2025-06-20
M005028,P050,IN,24,2026-03-06
M005029,P035,IN,94,2025-04-25
M005030,P078,IN,179,2026-02-09
M005031,P070,OUT,83,2025-07-22
M005032,P049,OUT,49,2025-06-11
M005033,P059,OUT,134,2025-08-14
M005034,P086,IN,33,2025-05-08
M005035,P098,IN,31,2025-12-12
M005036,P038,IN,30,2025-06-15
M005037,P064,OUT,12,2025-04-21
M005038,P021,OUT,104,2025-11-16
M005039,P061,IN,157,2026-01-05
M005040,P005,IN,174,2025-11-18
M005041,P028,IN,7,2026-02-17
M005042,P043,IN,171,2025-09-04
M005043,P083,OUT,96,2025-12-20
M005044,P036,IN,61,2025-12-11
M005045,P020,OUT,187,2025-09-06
M005046,P082,IN,102,2025-03-20
M005047,P077,OUT,36,2025-05-25
M005048,P061,OUT,14,2025-08-25
M005049,P057,OUT,14,2025-03-26
M005050,P067,OUT,58,2026-02-08
M005051,P027,OUT,47,2025-05-23
M005052,P050,OUT,187,2025-09-29
M005053,P018,IN,86,2025-08-24
M005054,P040,IN,44,2025-08-21
M005055,P026,IN,175,2025-05-29
M005056,P053,OUT,52,2025-09-15
M005057,P038,OUT,156,2025-05-28
M005058,P009,IN,167,2025-07-26
M005059,P016,OUT,93,2026-01-08
M005060,P040,IN,91,2025-09-06
M005061,P065,OUT,96,2025-10-16
M005062,P019,OUT,129,2025-03-14
M005063,P062,OUT,153,2025-11-05
M005064,P040,OUT,194,2025-05-05
M005065,P069,OUT,151,2025-06-02
M005066,P009,IN,118,2025-06-07
M005067,P032,IN,84,2026-02-21
M005068,P015,IN,190,2026-02-01
M005069,P070,OUT,143,2026-01-29
M005070,P054,IN,73,2025-04-29
M005071,P079,OUT,128,2025-11-14
M005072,P010,IN,5,2025-12-19
M005073,P096,IN,86,2025-12-25
M005074,P032,OUT,27,2025-11-25
M005075,P028,IN,87,2025-09-28
M005076,P055,OUT,190,2025-04-29
M005077,P034,OUT,37,2025-03-24
M005078,P088,IN,93,2025-08-10
M005079,P036,OUT,55,2025-04-06
M005080,P013,IN,16,2025-06-24
M005081,P011,OUT,162,2025-12-22
M005082,P012,IN,22,2025-10-30
M005083,P053,IN,148,2025-03-15
M005084,P003,IN,88,2026-02-26
M005085,P028,OUT,52,2025-10-12
M005086,P091,IN,99,2026-01-18
M005087,P092,OUT,154,2025-09-26
M005088,P083,IN,160,2025-05-20
M005089,P059,OUT,189,2025-04-08
M005090,P099,OUT,41,2025-11-25
M005091,P015,OUT,79,2025-08-05
M005092,P070,OUT,74,2025-12-03
M005093,P058,IN,33,2025-10-09
M005094,P065,IN,58,2026-02-02
M005095,P054,OUT,13,2026-02-13
M005096,P046,OUT,26,2025-08-27
M005097,P018,IN,79,2025-06-30
M005098,P100,IN,193,2025-06-16
M005099,P081,IN,44,2025-05-31
M005100,P053,IN,59,2025-08-06
M005101,P038,IN,198,2026-02-11
M005102,P025,OUT,126,2025-06-17
M005103,P031,IN,59,2025-06-08
M005104,P079,OUT,37,2025-06-20
M005105,P016,OUT,159,2025-06-24
M005106,P036,OUT,114,2025-05-12
M005107,P083,IN,22,2026-03-01
M005108,P042,OUT,11,2025-05-25
M005109,P025,OUT,47,2025-05-04
M005110,P093,OUT,18,2025-04-03
M005111,P033,IN,110,2025-06-02
M005112,P006,OUT,33,2025-09-01
M005113,P025,IN,21,2025-09-24
M005114,P002,OUT,83,2025-09-12
M005115,P037,OUT,82,2025-12-12
M005116,P051,IN,173,2025-03-12
M005117,P042,OUT,98,2025-04-30
M005118,P099,OUT,33,2025-06-14
M005119,P034,OUT,36,2025-05-27
M005120,P041,OUT,146,2025-10-20
M005121,P090,OUT,85,2025-09-05
M005122,P060,OUT,76,2025-08-19
M005123,P033,OUT,97,2025-06-06
M005124,P066,IN,79,2025-06-26
M005125,P097,IN,61,2025-09-07
M005126,P025,IN,182,2025-05-29
M005127,P053,IN,92,2025-12-01
M005128,P006,OUT,88,2025-09-30
M005129,P013,IN,147,2025-06-12
M005130,P062,IN,167,2025-10-25
M005131,P024,OUT,23,2025-07-20
M005132,P084,OUT,11,2025-06-29
M005133,P090,IN,163,2025-08-17
M005134,P071,OUT,113,2025-05-12
M005135,P052,OUT,100,2026-02-27
M005136,P070,OUT,17,2025-06-11
M005137,P023,OUT,119,2025-07-20
M005138,P019,OUT,26,2025-10-19
M005139,P016,IN,21,2026-01-09
M005140,P018,OUT,160,2025-10-19
M005141,P056,IN,175,2025-05-09
M005142,P037,IN,179,2025-09-24
M005143,P013,OUT,193,2026-02-28
M005144,P085,OUT,159,2025-09-22
M005145,P015,IN,172,2025-04-20
M005146,P032,IN,166,2025-11-29
M005147,P080,OUT,140,2025-06-11
M005148,P033,IN,11,2025-03-17
M005149,P068,OUT,93,2025-03-25
M005150,P014,IN,5,2025-05-27
M005151,P017,OUT,61,2025-07-11
M005152,P013,IN,127,2025-06-07
M005153,P100,IN,93,2025-11-02
M005154,P048,IN,63,2026-02-13
M005155,P056,OUT,184,2025-06-08
M005156,P052,OUT,172,2025-10-12
M005157,P030,IN,106,2025-08-14
M005158,P002,IN,100,2025-11-11
M005159,P064,OUT,167,2025-08-17
M005160,P090,OUT,140,2025-10-19
M005161,P004,OUT,25,2025-03-11
M005162,P041,OUT,76,2025-07-21
M005163,P072,OUT,151,2026-01-04
M005164,P033,IN,118,2025-09-14
M005165,P035,OUT,138,2025-09-21
M005166,P009,IN,193,2026-02-01
M005167,P006,IN,2,2026-02-26
M005168,P025,OUT,87,2025-06-06
M005169,P068,IN,34,2025-07-30
M005170,P069,IN,41,2025-03-14
M005171,P044,OUT,69,2025-11-24
M005172,P100,IN,162,2025-05-09
M005173,P093,OUT,182,2025-03-22
M005174,P078,IN,54,2025-03-10
M005175,P080,IN,67,2025-12-04
M005176,P037,IN,117,2026-02-06
M005177,P057,OUT,172,2026-01-14
M005178,P058,IN,89,2025-03-20
M005179,P058,OUT,36,2025-11-28
M005180,P079,OUT,87,2026-01-04
M005181,P053,OUT,124,2025-08-11
M005182,P041,IN,56,2025-10-11
M005183,P095,OUT,171,2025-06-19
M005184,P096,IN,36,2025-08-02
M005185,P011,IN,193,2025-05-29
M005186,P024,OUT,156,2025-09-01
M005187,P043,IN,10,2025-10-11
M005188,P036,OUT,196,2026-02-12
M005189,P074,OUT,167,2025-04-10
M005190,P071,OUT,112,2025-08-02
M005191,P053,IN,95,2025-12-22
M005192,P047,IN,128,2025-08-31
M005193,P031,OUT,51,2026-02-24
M005194,P014,IN,164,2026-02-13
M005195,P084,OUT,123,2025-08-24
M005196,P016,IN,29,2025-05-09
M005197,P082,OUT,20,2025-10-19
M005198,P046,OUT,96,2026-01-25
M005199,P020,IN,66,2025-11-15
M005200,P083,IN,54,2025-08-21
M005201,P080,OUT,159,2025-06-15
M005202,P051,OUT,88,2026-01-20
M005203,P087,IN,136,2025-08-26
M005204,P029,OUT,51,2025-10-19
M005205,P019,IN,180,2025-07-05
M005206,P066,OUT,71,2026-02-06
M005207,P064,OUT,54,2025-04-08
M005208,P066,OUT,108,2025-09-09
M005209,P043,IN,4,2025-05-29
M005210,P028,IN,104,2025-07-05
M005211,P037,IN,2,2026-01-09
M005212,P089,IN,27,2025-10-21
M005213,P075,OUT,194,2025-10-19
M005214,P100,OUT,135,2025-06-13
M005215,P001,IN,157,2025-10-04
M005216,P049,IN,115,2025-08-12
M005217,P058,OUT,159,2025-08-16
M005218,P034,OUT,177,2025-12-20
M005219,P027,OUT,89,2025-08-10
M005220,P099,IN,174,2025-07-27
M005221,P041,OUT,125,2025-11-11
M005222,P077,IN,185,2025-08-20
M005223,P022,OUT,34,2026-01-25
M005224,P059,OUT,20,2025-11-24
M005225,P012,OUT,167,2026-01-08
M005226,P090,IN,75,2026-01-04
M005227,P003,OUT,61,2025-10-08
M005228,P046,OUT,184,2025-06-10
M005229,P041,IN,125,2025-10-06
M005230,P092,OUT,189,2025-08-18
M005231,P056,IN,162,2025-09-23
M005232,P086,OUT,170,2025-07-21
M005233,P081,OUT,84,2025-08-11
M005234,P011,OUT,153,2025-08-15
M005235,P030,IN,188,2025-04-18
M005236,P063,IN,70,2025-12-06
M005237,P048,IN,70,2025-05-12
M005238,P013,IN,131,2025-11-04
M005239,P020,OUT,99,2025-04-20
M005240,P006,IN,79,2025-04-25
M005241,P002,OUT,90,2026-02-11
M005242,P005,OUT,8,2025-03-25
M005243,P064,IN,181,2026-01-17
M005244,P053,OUT,80,2025-09-29
M005245,P058,IN,88,2025-06-22
M005246,P089,OUT,179,2025-12-05
M005247,P056,OUT,96,2026-02-17
M005248,P039,OUT,187,2025-08-03
M005249,P089,IN,127,2025-08-28
M005250,P025,OUT,133,2025-06-24
M005251,P099,IN,135,2026-01-04
M005252,P077,OUT,179,2026-01-29
M005253,P029,IN,163,2025-12-20
M005254,P076,OUT,31,2025-05-19
M005255,P065,OUT,105,2025-05-15
M005256,P005,OUT,115,2026-03-06
M005257,P070,OUT,181,2025-08-24
M005258,P085,OUT,59,2026-03-08
M005259,P084,IN,20,2025-07-09
M005260,P045,IN,46,2025-09-21
M005261,P086,OUT,105,2025-11-14
M005262,P053,OUT,63,2025-05-18
M005263,P036,OUT,138,2026-01-07
M005264,P088,OUT,82,2025-09-15
M005265,P027,OUT,11,2025-09-04
M005266,P081,IN,87,2025-03-14
M005267,P018,IN,71,2025-04-29
M005268,P066,OUT,156,2025-07-03
M005269,P043,OUT,174,2025-09-03
M005270,P057,OUT,156,2025-07-25
M005271,P041,OUT,130,2025-11-04
M005272,P026,OUT,174,2025-05-20
M005273,P086,OUT,156,2025-10-17
M005274,P021,OUT,73,2025-06-04
M005275,P008,IN,121,2025-03-12
M005276,P079,IN,68,2026-01-15
M005277,P032,IN,154,2025-10-22
M005278,P004,IN,43,2025-07-27
M005279,P066,IN,97,2026-01-21
M005280,P055,IN,144,2025-03-10
M005281,P067,IN,123,2026-03-08
M005282,P073,IN,14,2025-04-13
M005283,P087,OUT,24,2025-08-30
M005284,P052,OUT,77,2025-09-03
M005285,P036,OUT,154,2025-08-17
M005286,P100,IN,13,2025-08-15
M005287,P013,OUT,92,2026-01-17
M005288,P093,IN,174,2026-03-08
M005289,P073,OUT,192,2025-12-05
M005290,P037,IN,118,2025-10-02
M005291,P010,OUT,144,2025-06-09
M005292,P052,IN,14,2026-02-12
M005293,P010,IN,195,2025-09-10
M005294,P017,IN,182,2025-09-23
M005295,P093,IN,196,2026-01-19
M005296,P087,OUT,108,2025-08-21
M005297,P088,IN,28,2025-11-21
M005298,P004,OUT,200,2025-09-01
M005299,P100,OUT,23,2025-10-03
M005300,P031,OUT,190,2025-11-07
M005301,P030,OUT,173,2025-11-19
M005302,P036,IN,107,2025-04-30
M005303,P096,OUT,133,2025-12-15
M005304,P030,IN,115,2025-07-31
M005305,P002,OUT,160,2025-04-05
M005306,P094,IN,186,2025-05-16
M005307,P027,OUT,3,2026-01-25
M005308,P083,IN,150,2025-05-26
M005309,P078,OUT,77,2025-06-29
M005310,P052,IN,119,2025-06-26
M005311,P053,IN,195,2025-04-15
M005312,P096,IN,110,2025-12-03
M005313,P062,IN,26,2026-01-30
M005314,P077,IN,11,2026-01-22
M005315,P002,IN,160,2025-11-06
M005316,P044,OUT,200,2025-12-27
M005317,P060,IN,192,2025-05-06
M005318,P019,IN,130,2025-10-25
M005319,P021,IN,24,2025-04-14
M005320,P086,OUT,66,2025-04-22
M005321,P045,IN,152,2025-06-06
M005322,P010,OUT,78,2025-12-25
M005323,P059,IN,186,2026-01-12
M005324,P065,OUT,72,2025-07-02
M005325,P010,IN,124,2026-02-26
M005326,P030,OUT,69,2025-04-16
M005327,P089,IN,173,2025-10-13
M005328,P050,IN,83,2025-10-25
M005329,P015,IN,178,2025-08-23
M005330,P077,OUT,193,2025-11-08
M005331,P022,OUT,114,2025-12-24
M005332,P056,IN,80,2025-09-28
M005333,P026,IN,96,2025-05-03
M005334,P069,IN,177,2025-08-26
M005335,P016,OUT,175,2025-11-08
M005336,P018,OUT,30,2025-05-20
M005337,P002,OUT,186,2025-08-25
M005338,P061,IN,53,2025-06-25
M005339,P046,OUT,144,2025-06-03
M005340,P044,IN,186,2025-05-28
M005341,P088,IN,178,2025-09-15
M005342,P055,IN,42,2025-10-05
M005343,P059,IN,66,2025-09-06
M005344,P072,IN,65,2025-10-21
M005345,P022,IN,86,2025-03-23
M005346,P024,IN,143,2025-05-17
M005347,P034,OUT,10,2025-10-06
M005348,P094,IN,195,2026-02-18
M005349,P095,IN,31,2025-10-29
M005350,P087,OUT,50,2025-11-29
M005351,P015,OUT,161,2025-10-25
M005352,P082,IN,60,2026-01-30
M005353,P045,OUT,44,2025-03-16
M005354,P095,IN,168,2026-01-04
M005355,P014,OUT,144,2025-06-07
M005356,P094,OUT,53,2025-09-12
M005357,P058,IN,28,2025-07-05
M005358,P026,IN,72,2025-12-24
M005359,P096,OUT,124,2025-07-31
M005360,P030,OUT,192,2025-08-24
M005361,P062,OUT,85,2025-05-01
M005362,P033,IN,1,2025-07-29
M005363,P074,IN,111,2025-07-01
M005364,P049,OUT,106,2026-02-09
M005365,P050,IN,40,2025-08-11
M005366,P093,OUT,176,2025-08-02
M005367,P061,IN,178,2025-05-13
M005368,P014,IN,48,2025-09-05
M005369,P066,IN,105,2025-05-04
M005370,P064,OUT,111,2025-11-18
M005371,P086,IN,24,2025-05-09
M005372,P089,OUT,14,2025-12-15
M005373,P045,OUT,34,2025-05-13
M005374,P077,OUT,15,2025-04-05
M005375,P054,IN,3,2026-03-07
M005376,P037,IN,42,2025-09-30
M005377,P100,OUT,130,2025-09-09
M005378,P087,OUT,69,2026-02-11
M005379,P048,IN,79,2026-01-04
M005380,P052,IN,187,2025-05-22
M005381,P002,IN,176,2025-05-27
M005382,P037,IN,59,2025-05-04
M005383,P022,IN,195,2026-02-17
M005384,P083,IN,131,2025-08-25
M005385,P091,OUT,60,2025-12-16
M005386,P064,IN,152,2026-02-22
M005387,P021,IN,133,2026-01-08
M005388,P027,IN,69,2025-12-27
M005389,P083,IN,99,2026-02-20
M005390,P023,IN,137,2025-10-19
M005391,P002,IN,51,2025-10-02
M005392,P049,IN,175,2025-08-13
M005393,P013,OUT,148,2025-06-23
M005394,P027,IN,63,2026-01-25
M005395,P026,IN,19,2025-08-12
M005396,P043,IN,105,2025-10-24
M005397,P037,OUT,155,2025-09-28
M005398,P045,OUT,36,2025-03-14
M005399,P002,OUT,109,2026-02-11
M005400,P015,OUT,106,2025-06-11
M005401,P030,OUT,33,2025-10-28
M005402,P028,OUT,106,2025-05-06
M005403,P043,IN,159,2025-07-12
M005404,P071,IN,92,2025-05-23
M005405,P009,OUT,179,2025-10-16
M005406,P095,IN,185,2025-06-05
M005407,P027,OUT,113,2026-01-30
M005408,P096,OUT,93,2025-08-03
M005409,P054,IN,64,2025-08-25
M005410,P020,IN,76,2025-09-01
M005411,P003,IN,1,2025-05-14
M005412,P025,IN,73,2025-07-19
M005413,P050,IN,40,2025-12-19
M005414,P050,IN,81,2025-08-16
M005415,P080,IN,20,2025-09-07
M005416,P014,OUT,57,2025-10-14
M005417,P057,OUT,42,2026-02-04
M005418,P049,IN,63,2025-12-16
M005419,P066,OUT,160,2025-04-15
M005420,P083,OUT,103,2025-12-11
M005421,P022,OUT,33,2025-04-26
M005422,P002,OUT,168,2025-11-17
M005423,P071,IN,162,2026-02-02
M005424,P045,OUT,7,2025-10-04
M005425,P072,IN,89,2025-03-31
M005426,P052,IN,107,2025-12-10
M005427,P085,OUT,11,2025-05-11
M005428,P056,OUT,5,2025-09-24
M005429,P073,IN,126,2026-02-07
M005430,P049,IN,111,2025-04-19
M005431,P079,OUT,101,2025-07-04
M005432,P091,IN,198,2025-08-31
M005433,P029,IN,40,2025-09-23
M005434,P098,IN,178,2025-07-03
M005435,P066,IN,98,2025-08-19
M005436,P088,OUT,165,2025-03-29
M005437,P001,IN,61,2025-09-07
M005438,P005,IN,180,2026-03-02
M005439,P074,IN,187,2025-06-14
M005440,P040,IN,43,2025-12-16
M005441,P094,OUT,6,2025-11-22
M005442,P082,OUT,55,2025-08-28
M005443,P069,IN,142,2025-12-20
M005444,P034,OUT,180,2025-07-17
M005445,P083,OUT,96,2026-02-06
M005446,P023,OUT,40,2025-11-25
M005447,P082,IN,140,2025-05-29
M005448,P026,IN,48,2025-08-25
M005449,P020,IN,82,2025-06-28
M005450,P038,OUT,155,2025-12-18
M005451,P092,IN,140,2025-06-27
M005452,P086,OUT,180,2026-02-07
M005453,P033,OUT,105,2025-08-10
M005454,P072,IN,157,2025-11-26
M005455,P078,OUT,172,2026-01-19
M005456,P092,IN,198,2026-01-26
M005457,P057,IN,9,2025-12-08
M005458,P072,IN,145,2026-01-03
M005459,P049,OUT,13,2025-11-25
M005460,P018,IN,61,2025-08-21
M005461,P032,IN,78,2025-10-09
M005462,P087,IN,174,2025-06-12
M005463,P076,OUT,129,2025-04-18
M005464,P073,OUT,62,2025-11-05
M005465,P040,IN,175,2025-08-22
M005466,P097,OUT,149,2025-07-31
M005467,P077,OUT,197,2025-07-28
M005468,P056,IN,186,2025-03-16
M005469,P031,IN,180,2025-11-05
M005470,P025,OUT,69,2026-01-11
M005471,P058,IN,43,2025-10-01
M005472,P084,IN,26,2025-03-18
M005473,P036,OUT,19,2026-02-20
M005474,P077,OUT,180,2026-01-27
M005475,P042,IN,145,2025-03-12
M005476,P059,IN,3,2025-11-17
M005477,P081,IN,112,2025-12-19
M005478,P048,IN,13,2026-02-22
M005479,P045,IN,173,2025-06-14
M005480,P032,IN,181,2025-09-22
M005481,P007,OUT,96,2025-04-25
M005482,P059,IN,141,2025-05-04
M005483,P098,OUT,77,2026-01-26
M005484,P077,OUT,4,2025-08-09
M005485,P077,OUT,194,2025-06-12
M005486,P065,OUT,56,2025-10-29
M005487,P058,OUT,74,2025-09-13
M005488,P071,IN,39,2025-08-19
M005489,P082,IN,1,2025-07-08
M005490,P047,OUT,54,2026-01-29
M005491,P028,OUT,193,2026-02-27
M005492,P065,IN,141,2025-08-30
M005493,P092,OUT,32,2025-11-20
M005494,P075,IN,150,2025-04-02
M005495,P066,OUT,187,2025-11-21
M005496,P082,IN,31,2026-02-12
M005497,P003,IN,41,2025-04-21
M005498,P023,IN,31,2025-04-11
M005499,P057,IN,62,2025-06-12
M005500,P085,IN,163,2025-04-17
M005501,P044,IN,169,2025-07-10
M005502,P003,OUT,135,2025-05-18
M005503,P081,OUT,139,2025-05-16
M005504,P032,IN,50,2025-03-20
M005505,P091,IN,102,2025-04-04
M005506,P035,IN,106,2025-05-09
M005507,P013,OUT,67,2025-11-11
M005508,P008,IN,78,2025-05-14
M005509,P050,IN,10,2025-06-09
M005510,P035,OUT,66,2026-01-30
M005511,P070,OUT,15,2025-04-23
M005512,P053,OUT,128,2025-07-16
M005513,P041,OUT,38,2025-10-04
M005514,P048,IN,62,2025-05-23
M005515,P029,OUT,95,2025-05-31
M005516,P061,IN,46,2025-09-07
M005517,P001,OUT,41,2025-07-23
M005518,P034,OUT,105,2025-10-09
M005519,P065,IN,9,2025-03-19
M005520,P074,IN,65,2026-02-07
M005521,P048,IN,20,2025-08-18
M005522,P095,OUT,123,2025-06-20
M005523,P026,IN,145,2025-03-27
M005524,P081,OUT,187,2025-11-23
M005525,P003,IN,44,2025-03-14
M005526,P019,OUT,81,2026-01-30
M005527,P089,OUT,126,2025-05-19
M005528,P075,OUT,127,2025-12-22
M005529,P009,OUT,88,2025-03-29
M005530,P044,OUT,189,2025-04-09
M005531,P037,OUT,27,2025-08-04
M005532,P059,IN,70,2026-02-04
M005533,P029,OUT,75,2025-11-14
M005534,P046,IN,35,2025-07-25
M005535,P069,OUT,170,2025-04-07
M005536,P054,OUT,156,2025-03-13
M005537,P090,OUT,171,2025-11-21
M005538,P070,OUT,101,2025-11-16
M005539,P072,OUT,151,2025-11-04
M005540,P014,IN,101,2025-07-12
M005541,P071,IN,181,2025-03-13
M005542,P039,OUT,169,2026-01-25
M005543,P080,OUT,45,2025-10-17
M005544,P049,OUT,28,2025-12-13
M005545,P009,IN,84,2025-10-16
M005546,P044,IN,138,2026-01-05
M005547,P049,IN,60,2025-10-05
M005548,P050,OUT,148,2025-12-20
M005549,P090,OUT,122,2026-01-06
M005550,P064,OUT,98,2025-08-03
M005551,P077,OUT,86,2025-10-05
M005552,P018,IN,192,2025-12-13
M005553,P074,IN,139,2025-06-13
M005554,P046,IN,152,2025-08-24
M005555,P028,IN,84,2025-06-02
M005556,P079,IN,191,2025-05-31
M005557,P051,OUT,79,2025-05-24
M005558,P003,IN,48,2025-08-26
M005559,P048,IN,126,2025-11-27
M005560,P027,OUT,34,2025-12-05
M005561,P028,OUT,131,2025-09-19
M005562,P037,OUT,113,2025-10-30
M005563,P089,OUT,5,2025-09-22
M005564,P018,OUT,8,2025-12-12
M005565,P009,IN,127,2026-02-24
M005566,P068,OUT,172,2025-12-30
M005567,P006,IN,9,2025-05-04
M005568,P036,OUT,74,2025-03-25
M005569,P099,IN,55,2025-12-16
M005570,P063,IN,122,2025-09-07
M005571,P095,IN,73,2026-01-05
M005572,P088,IN,93,2025-07-25
M005573,P069,OUT,112,2025-12-29
M005574,P029,OUT,46,2025-05-02
M005575,P038,OUT,114,2025-03-14
M005576,P019,IN,38,2025-08-20
M005577,P072,IN,58,2025-07-03
M005578,P082,OUT,101,2026-01-29
M005579,P068,IN,29,2025-03-11
M005580,P028,OUT,45,2025-09-22
M005581,P054,IN,24,2025-06-28
M005582,P038,IN,106,2025-10-14
M005583,P028,IN,72,2025-09-25
M005584,P032,OUT,20,2026-01-24
M005585,P030,IN,34,2025-09-08
M005586,P038,IN,78,2025-10-29
M005587,P079,OUT,131,2026-02-28
M005588,P072,IN,108,2025-03-28
M005589,P085,OUT,145,2026-02-16
M005590,P054,OUT,88,2026-01-06
M005591,P075,OUT,188,2025-03-22
M005592,P018,IN,53,2025-05-29
M005593,P049,OUT,180,2025-10-21
M005594,P097,IN,5,2025-09-25
M005595,P001,IN,66,2025-10-15
M005596,P017,OUT,30,2025-09-05
M005597,P048,IN,56,2025-05-25
M005598,P059,OUT,155,2025-04-26
M005599,P011,IN,132,2025-04-21
M005600,P007,IN,88,2025-03-19
M005601,P084,OUT,62,2025-09-17
M005602,P029,IN,161,2025-03-19
M005603,P100,IN,181,2025-12-25
M005604,P010,IN,184,2025-07-07
M005605,P086,IN,94,2025-07-07
M005606,P079,IN,138,2025-07-31
M005607,P051,OUT,138,2025-08-29
M005608,P070,OUT,186,2025-12-15
M005609,P021,IN,138,2025-10-05
M005610,P004,IN,75,2025-07-21
M005611,P050,IN,152,2026-01-11
M005612,P096,IN,182,2026-02-27
M005613,P047,OUT,187,2025-05-28
M005614,P007,OUT,145,2025-12-13
M005615,P090,IN,9,2025-08-31
M005616,P074,OUT,145,2025-06-13
M005617,P070,IN,164,2025-11-16
M005618,P075,OUT,40,2025-05-23
M005619,P074,IN,172,2026-02-26
M005620,P091,OUT,86,2026-01-04
M005621,P027,OUT,37,2025-08-14
M005622,P093,IN,146,2026-01-25
M005623,P055,IN,168,2025-10-23
M005624,P077,OUT,82,2025-09-02
M005625,P082,IN,126,2025-11-13
M005626,P056,OUT,200,2025-05-17
M005627,P089,IN,78,2025-08-16
M005628,P067,OUT,72,2025-10-18
M005629,P011,IN,67,2025-08-31
M005630,P031,OUT,77,2025-09-06
M005631,P009,OUT,83,2026-02-09
M005632,P081,IN,139,2025-07-07
M005633,P050,IN,138,2025-11-10
M005634,P020,OUT,165,2025-12-07
M005635,P021,IN,170,2025-09-23
M005636,P091,OUT,44,2025-12-09
M005637,P049,OUT,27,2025-11-16
M005638,P086,IN,37,2025-11-06
M005639,P010,OUT,112,2025-06-17
M005640,P061,OUT,33,2025-09-07
M005641,P007,IN,124,2025-06-22
M005642,P050,IN,39,2025-04-08
M005643,P093,IN,142,2026-01-15
M005644,P004,IN,58,2025-05-18
M005645,P019,IN,197,2025-04-08
M005646,P054,IN,17,2025-10-25
M005647,P062,OUT,107,2026-01-01
M005648,P038,IN,178,2025-04-08
M005649,P006,IN,117,2025-04-21
M005650,P048,IN,149,2025-06-08
M005651,P012,IN,55,2025-08-03
M005652,P041,OUT,89,2026-02-11
M005653,P062,OUT,200,2025-10-27
M005654,P087,IN,199,2026-01-08
M005655,P047,IN,92,2026-01-18
M005656,P042,IN,78,2025-10-12
M005657,P004,OUT,81,2025-08-18
M005658,P075,OUT,72,2025-03-18
M005659,P027,IN,95,2025-04-11
M005660,P044,OUT,179,2025-06-18
M005661,P060,IN,34,2025-04-27
M005662,P021,OUT,168,2025-10-16
M005663,P013,OUT,126,2025-06-27
M005664,P003,IN,72,2025-06-05
M005665,P066,IN,72,2025-09-25
M005666,P015,IN,44,2025-12-23
M005667,P050,OUT,165,2026-02-03
M005668,P027,IN,27,2025-09-22
M005669,P033,OUT,81,2025-03-30
M005670,P099,OUT,129,2025-09-21
M005671,P081,OUT,113,2025-05-31
M005672,P077,OUT,183,2025-05-18
M005673,P094,OUT,32,2025-10-13
M005674,P010,IN,89,2025-11-04
M005675,P034,IN,35,2025-09-18
M005676,P021,IN,47,2025-03-18
M005677,P008,OUT,129,2025-04-26
M005678,P076,IN,141,2025-11-21
M005679,P031,IN,83,2025-05-16
M005680,P029,IN,53,2025-12-09
M005681,P049,IN,2,2025-08-21
M005682,P013,OUT,71,2025-03-16
M005683,P007,IN,140,2025-07-30
M005684,P031,IN,25,2025-09-02
M005685,P039,IN,90,2025-11-17
M005686,P052,OUT,119,2025-05-21
M005687,P092,OUT,91,2025-11-02
M005688,P057,OUT,162,2025-08-07
M005689,P030,OUT,32,2025-11-20
M005690,P080,IN,149,2025-03-31
M005691,P010,IN,136,2025-08-28
M005692,P034,OUT,31,2025-06-08
M005693,P049,IN,79,2025-12-17
M005694,P053,IN,128,2025-08-25
M005695,P093,OUT,19,2025-06-14
M005696,P079,OUT,102,2026-02-16
M005697,P050,OUT,155,2025-08-05
M005698,P079,OUT,154,2025-12-28
M005699,P044,IN,111,2025-05-26
M005700,P082,IN,77,2025-06-02
M005701,P089,IN,83,2026-02-05
M005702,P078,IN,32,2025-11-19
M005703,P025,OUT,111,2026-02-26
M005704,P010,OUT,109,2025-05-13
M005705,P071,IN,12,2025-12-13
M005706,P038,OUT,73,2025-06-14
M005707,P029,OUT,185,2026-01-19
M005708,P020,OUT,113,2025-04-12
M005709,P023,OUT,99,2025-08-19
M005710,P100,IN,14,2025-08-24
M005711,P035,OUT,27,2025-06-15
M005712,P085,OUT,89,2025-12-17
M005713,P007,OUT,171,2025-10-13
M005714,P059,IN,8,2025-12-28
M005715,P063,IN,149,2025-12-22
M005716,P008,OUT,11,2025-07-09
M005717,P026,OUT,25,2025-10-25
M005718,P075,OUT,155,2025-05-26
M005719,P065,OUT,89,2025-09-04
M005720,P091,OUT,29,2025-05-05
M005721,P011,OUT,16,2025-04-18
M005722,P057,OUT,169,2026-01-08
M005723,P038,OUT,14,2025-10-20
M005724,P079,OUT,64,2025-09-05
M005725,P100,OUT,40,2025-06-06
M005726,P012,OUT,122,2025-03-27
M005727,P016,IN,139,2025-10-08
M005728,P026,OUT,9,2025-04-17
M005729,P042,OUT,147,2025-12-02
M005730,P072,IN,164,2025-12-25
M005731,P081,OUT,10,2025-03-28
M005732,P010,IN,172,2025-05-11
M005733,P079,IN,136,2025-10-29
M005734,P073,IN,13,2025-11-12
M005735,P040,OUT,47,2025-03-17
M005736,P035,OUT,34,2025-10-15
M005737,P087,IN,180,2025-11-27
M005738,P028,OUT,11,2025-08-11
M005739,P035,OUT,191,2025-10-09
M005740,P044,IN,8,2025-04-13
M005741,P017,IN,71,2025-04-28
M005742,P068,OUT,188,2025-08-21
M005743,P012,OUT,152,2025-12-13
M005744,P026,IN,23,2025-09-09
M005745,P008,IN,30,2025-12-15
M005746,P011,OUT,71,2026-02-27
M005747,P091,OUT,128,2025-05-14
M005748,P059,OUT,83,2025-04-03
M005749,P045,IN,81,2026-01-24
M005750,P010,OUT,191,2026-01-06
M005751,P093,OUT,20,2025-08-27
M005752,P087,OUT,175,2025-12-04
M005753,P037,IN,177,2026-01-24
M005754,P029,OUT,102,2025-08-21
M005755,P006,OUT,168,2025-03-11
M005756,P056,IN,72,2025-07-25
M005757,P093,IN,11,2025-08-18
M005758,P012,OUT,65,2025-10-07
M005759,P059,IN,132,2025-11-02
M005760,P033,IN,135,2025-04-29
M005761,P015,IN,131,2025-04-22
M005762,P037,OUT,114,2025-05-25
M005763,P026,IN,132,2025-04-24
M005764,P027,OUT,91,2025-10-22
M005765,P003,IN,9,2025-05-30
M005766,P039,IN,103,2025-08-29
M005767,P030,OUT,179,2026-02-02
M005768,P043,OUT,170,2026-01-24
M005769,P085,OUT,82,2025-03-23
M005770,P019,OUT,49,2026-02-09
M005771,P069,OUT,169,2025-10-14
M005772,P025,OUT,11,2025-11-08
M005773,P031,OUT,153,2025-05-13
M005774,P015,OUT,170,2025-09-23
M005775,P036,IN,81,2025-08-21
M005776,P027,OUT,15,2025-07-09
M005777,P095,IN,142,2025-06-18
M005778,P020,IN,197,2025-11-11
M005779,P055,IN,79,2025-12-14
M005780,P086,OUT,43,2025-10-20
M005781,P090,OUT,88,2026-01-17
M005782,P036,OUT,62,2025-12-04
M005783,P020,OUT,187,2025-12-31
M005784,P046,OUT,84,2025-12-19
M005785,P017,IN,100,2026-01-06
M005786,P020,IN,38,2025-04-13
M005787,P045,OUT,55,2025-10-19
M005788,P038,OUT,182,2025-09-12
M005789,P081,OUT,186,2026-02-28
M005790,P046,OUT,160,2025-06-13
M005791,P037,IN,101,2025-08-17
M005792,P024,OUT,181,2026-01-25
M005793,P100,IN,9,2025-07-27
M005794,P004,IN,25,2025-03-24
M005795,P005,IN,82,2025-04-27
M005796,P083,OUT,93,2026-02-24
M005797,P004,IN,26,2025-04-03
M005798,P086,IN,193,2026-01-14
M005799,P089,OUT,4,2025-10-22
M005800,P012,IN,16,2025-08-19
M005801,P033,IN,151,2026-01-19
M005802,P008,OUT,112,2026-02-08
M005803,P030,IN,101,2025-10-06
M005804,P038,OUT,38,2025-12-22
M005805,P019,IN,193,2025-11-07
M005806,P043,IN,164,2026-01-22
M005807,P027,OUT,69,2025-11-18
M005808,P038,IN,96,2026-02-19
M005809,P021,OUT,175,2025-04-05
M005810,P092,OUT,60,2025-11-25
M005811,P096,OUT,136,2025-07-04
M005812,P097,IN,123,2025-11-30
M005813,P047,IN,33,2025-07-20
M005814,P047,IN,165,2025-11-07
M005815,P030,OUT,153,2025-09-21
M005816,P086,OUT,157,2025-10-18
M005817,P086,OUT,42,2025-04-09
M005818,P029,IN,188,2025-11-21
M005819,P018,IN,21,2025-05-03
M005820,P059,OUT,54,2025-08-13
M005821,P100,OUT,69,2025-04-01
M005822,P074,IN,172,2025-08-21
M005823,P051,IN,68,2025-06-24
M005824,P094,IN,187,2026-02-21
M005825,P056,OUT,193,2025-10-07
M005826,P061,OUT,20,2025-07-05
M005827,P055,OUT,61,2025-09-24
M005828,P026,IN,72,2025-05-19
M005829,P070,IN,141,2025-10-29
M005830,P081,OUT,54,2025-11-20
M005831,P003,IN,164,2025-06-13
M005832,P026,OUT,11,2025-08-03
M005833,P035,OUT,78,2026-02-02
M005834,P045,IN,84,2025-12-05
M005835,P096,OUT,190,2025-08-09
M005836,P062,OUT,191,2025-08-09
M005837,P013,IN,183,2025-09-20
M005838,P064,OUT,94,2025-11-03
M005839,P096,OUT,10,2025-03-23
M005840,P088,IN,33,2025-08-20
M005841,P032,IN,61,2025-04-13
M005842,P075,OUT,122,2026-01-06
M005843,P055,OUT,82,2025-09-12
M005844,P042,IN,91,2025-10-30
M005845,P009,OUT,148,2025-03-24
M005846,P022,OUT,97,2025-12-03
M005847,P013,IN,157,2025-04-20
M005848,P058,IN,1,2025-12-29
M005849,P045,OUT,50,2025-05-31
M005850,P056,IN,15,2025-10-24
M005851,P030,IN,106,2025-09-27
M005852,P072,OUT,173,2025-05-18
M005853,P055,IN,147,2025-06-24
M005854,P009,IN,177,2025-09-02
M005855,P037,OUT,158,2025-08-23
M005856,P074,IN,108,2025-04-23
M005857,P043,IN,130,2026-02-21
M005858,P018,IN,115,2025-06-02
M005859,P075,OUT,194,2025-10-18
M005860,P057,IN,147,2026-01-17
M005861,P031,IN,152,2025-04-10
M005862,P001,IN,105,2025-06-27
M005863,P088,OUT,119,2026-02-17
M005864,P021,IN,26,2025-03-24
M005865,P056,OUT,142,2026-03-01
M005866,P098,OUT,14,2025-03-13
M005867,P062,IN,136,2025-03-16
M005868,P075,OUT,137,2026-03-01
M005869,P016,IN,155,2025-10-08
M005870,P087,OUT,173,2025-06-01
M005871,P063,OUT,49,2025-09-27
M005872,P049,OUT,97,2025-09-06
M005873,P073,IN,122,2025-10-18
M005874,P070,OUT,20,2025-11-08
M005875,P079,IN,128,2026-02-10
M005876,P038,IN,183,2025-07-22
M005877,P061,IN,160,2025-06-15
M005878,P096,IN,95,2025-04-20
M005879,P056,OUT,36,2025-06-09
M005880,P012,IN,31,2025-04-04
M005881,P009,IN,7,2025-10-24
M005882,P006,OUT,147,2025-08-15
M005883,P078,OUT,149,2025-04-16
M005884,P068,OUT,38,2026-03-08
M005885,P048,IN,200,2025-08-31
M005886,P058,OUT,100,2025-09-21
M005887,P023,IN,76,2025-06-11
M005888,P059,IN,166,2025-10-06
M005889,P025,IN,99,2026-01-11
M005890,P069,IN,72,2025-03-31
M005891,P085,IN,123,2025-07-19
M005892,P022,IN,164,2025-09-25
M005893,P003,IN,81,2026-01-16
M005894,P044,IN,34,2026-02-16
M005895,P091,IN,110,2025-08-08
M005896,P006,OUT,173,2025-12-29
M005897,P004,OUT,125,2025-12-18
M005898,P001,OUT,154,2025-05-02
M005899,P089,OUT,38,2026-01-12
M005900,P093,IN,164,2026-01-23
M005901,P006,IN,39,2025-04-23
M005902,P016,OUT,111,2026-02-23
M005903,P023,IN,95,2026-01-30
M005904,P100,IN,178,2025-10-25
M005905,P082,OUT,113,2026-02-28
M005906,P047,IN,191,2025-09-18
M005907,P043,IN,101,2026-03-04
M005908,P013,IN,167,2025-09-11
M005909,P083,OUT,66,2025-10-21
M005910,P082,IN,34,2025-11-26
M005911,P031,OUT,112,2025-10-22
M005912,P067,IN,87,2025-06-12
M005913,P096,OUT,147,2025-12-10
M005914,P055,IN,133,2026-01-17
M005915,P087,OUT,186,2026-03-06
M005916,P014,OUT,28,2025-11-06
M005917,P073,OUT,98,2025-09-30
M005918,P085,OUT,52,2025-09-13
M005919,P004,IN,178,2026-02-25
M005920,P004,OUT,144,2025-10-05
M005921,P069,IN,154,2026-01-18
M005922,P017,OUT,2,2025-07-08
M005923,P074,IN,58,2025-04-24
M005924,P054,OUT,169,2025-12-08
M005925,P083,IN,137,2025-10-09
M005926,P004,IN,190,2026-01-25
M005927,P003,OUT,146,2025-12-09
M005928,P008,IN,182,2025-03-21
M005929,P097,IN,52,2025-10-30
M005930,P085,OUT,25,2026-03-01
M005931,P029,IN,97,2025-07-30
M005932,P021,IN,143,2025-05-28
M005933,P020,OUT,148,2025-11-25
M005934,P054,IN,70,2025-12-04
M005935,P032,OUT,171,2026-01-08
M005936,P051,OUT,22,2025-10-29
M005937,P014,IN,47,2026-01-14
M005938,P011,IN,98,2026-01-18
M005939,P035,OUT,21,2025-04-27
M005940,P072,OUT,184,2025-03-26
M005941,P096,IN,153,2026-01-10
M005942,P040,IN,166,2025-09-11
M005943,P041,IN,177,2025-04-15
M005944,P026,OUT,179,2025-11-22
M005945,P051,IN,194,2025-05-29
M005946,P001,IN,25,2025-10-14
M005947,P051,IN,30,2025-10-08
M005948,P030,OUT,156,2025-12-23
M005949,P005,IN,69,2025-03-12
M005950,P062,OUT,11,2025-08-12
M005951,P044,IN,63,2025-12-28
M005952,P078,IN,152,2025-07-26
M005953,P049,OUT,191,2025-05-14
M005954,P005,IN,191,2025-11-30
M005955,P004,IN,163,2025-11-02
M005956,P063,OUT,104,2025-11-15
M005957,P010,IN,103,2025-05-31
M005958,P006,OUT,168,2025-12-18
M005959,P053,OUT,89,2025-10-12
M005960,P007,OUT,111,2025-04-10
M005961,P057,OUT,181,2025-04-18
M005962,P012,IN,97,2025-03-23
M005963,P054,IN,69,2025-10-03
M005964,P036,OUT,144,2025-11-09
M005965,P021,IN,90,2025-06-11
M005966,P083,OUT,170,2025-04-04
M005967,P066,IN,198,2026-02-27
M005968,P013,OUT,123,2026-02-16
M005969,P092,OUT,62,2026-03-03
M005970,P059,IN,25,2025-11-28
M005971,P093,OUT,163,2026-03-01
M005972,P072,OUT,89,2025-09-01
M005973,P027,IN,123,2025-08-29
M005974,P009,OUT,74,2025-09-09
M005975,P087,OUT,63,2025-10-04
M005976,P030,IN,34,2025-07-23
M005977,P059,OUT,153,2025-06-29
M005978,P068,OUT,38,2025-12-09
M005979,P070,OUT,153,2026-01-25
M005980,P087,OUT,111,2025-12-30
M005981,P038,IN,136,2025-05-14
M005982,P062,OUT,155,2025-07-18
M005983,P077,OUT,134,2025-08-09
M005984,P055,OUT,69,2025-04-22
M005985,P041,IN,96,2025-04-12
M005986,P001,IN,18,2025-05-15
M005987,P089,OUT,73,2025-03-29
M005988,P088,OUT,187,2025-10-24
M005989,P060,IN,35,2025-05-17
M005990,P036,IN,41,2025-04-07
M005991,P097,OUT,170,2025-11-16
M005992,P049,IN,152,2026-03-09
M005993,P058,OUT,68,2025-08-06
M005994,P012,OUT,94,2025-04-11
M005995,P021,OUT,44,2025-10-26
M005996,P075,IN,159,2025-04-05
M005997,P039,OUT,102,2025-03-31
M005998,P004,OUT,184,2025-08-19
M005999,P046,OUT,119,2025-05-25
M006000,P017,OUT,61,2025-05-29
M006001,P014,OUT,102,2025-09-14
M006002,P026,IN,192,2025-08-01
M006003,P094,IN,91,2025-08-01
M006004,P009,OUT,36,2026-02-16
M006005,P002,OUT,191,2026-03-06
M006006,P090,OUT,134,2026-01-22
M006007,P038,OUT,45,2025-03-29
M006008,P041,IN,162,2026-02-19
M006009,P092,IN,116,2025-03-22
M006010,P043,IN,11,2025-05-16
M006011,P081,IN,170,2025-04-04
M006012,P048,OUT,180,2025-09-26
M006013,P031,OUT,147,2025-09-22
M006014,P027,IN,65,2025-08-27
M006015,P096,OUT,168,2025-10-09
M006016,P011,OUT,121,2025-03-27
M006017,P064,IN,149,2025-06-21
M006018,P062,IN,192,2026-02-22
M006019,P092,IN,84,2025-12-13
M006020,P079,OUT,163,2025-06-15
M006021,P009,IN,151,2025-05-11
M006022,P007,OUT,73,2025-09-18
M006023,P074,OUT,39,2026-02-10
M006024,P097,IN,108,2026-01-19
M006025,P070,IN,111,2025-05-08
M006026,P040,IN,26,2025-07-27
M006027,P043,OUT,166,2025-12-02
M006028,P061,IN,88,2025-06-20
M006029,P038,OUT,15,2025-07-20
M006030,P088,IN,150,2025-05-20
M006031,P054,IN,200,2025-06-05
M006032,P041,IN,187,2025-06-17
M006033,P073,IN,28,2026-01-19
M006034,P016,OUT,127,2025-12-20
M006035,P012,OUT,88,2025-12-15
M006036,P018,IN,56,2025-05-31
M006037,P031,IN,16,2025-03-21
M006038,P100,OUT,15,2025-12-13
M006039,P058,OUT,112,2025-07-20
M006040,P082,IN,200,2026-01-03
M006041,P063,IN,125,2025-07-12
M006042,P022,OUT,176,2025-08-23
M006043,P008,IN,182,2025-11-25
M006044,P099,IN,94,2025-03-28
M006045,P098,IN,194,2025-08-27
M006046,P033,OUT,7,2025-10-13
M006047,P006,OUT,97,2025-05-08
M006048,P030,OUT,112,2025-03-25
M006049,P011,OUT,47,2026-02-04
M006050,P050,OUT,8,2025-08-03
M006051,P023,IN,27,2025-08-08
M006052,P018,IN,99,2025-09-19
M006053,P084,OUT,187,2025-04-30
M006054,P066,IN,164,2025-04-03
M006055,P070,IN,71,2025-08-12
M006056,P048,IN,72,2026-02-13
M006057,P086,OUT,47,2025-09-18
M006058,P060,IN,4,2025-07-10
M006059,P025,OUT,193,2025-11-05
M006060,P027,IN,161,2025-08-23
M006061,P034,OUT,178,2025-08-29
M006062,P068,IN,164,2025-07-31
M006063,P047,IN,195,2025-11-19
M006064,P027,IN,65,2025-09-18
M006065,P081,OUT,46,2026-03-05
M006066,P015,IN,131,2025-06-03
M006067,P005,IN,6,2025-09-19
M006068,P052,OUT,65,2025-04-12
M006069,P096,IN,162,2025-11-07
M006070,P024,IN,149,2025-08-14
M006071,P072,OUT,44,2025-04-12
M006072,P065,IN,183,2025-07-07
M006073,P038,OUT,63,2025-03-25
M006074,P062,OUT,196,2026-02-11
M006075,P057,OUT,173,2025-12-09
M006076,P011,OUT,21,2025-03-31
M006077,P056,OUT,174,2025-09-17
M006078,P028,OUT,173,2025-04-24
M006079,P064,OUT,165,2025-12-22
M006080,P093,IN,10,2025-10-08
M006081,P031,IN,38,2025-10-24
M006082,P005,IN,87,2025-12-27
M006083,P064,IN,122,2025-03-09
M006084,P008,OUT,157,2025-12-23
M006085,P091,OUT,3,2025-12-09
M006086,P083,IN,173,2025-11-15
M006087,P044,IN,72,2025-09-22
M006088,P073,IN,155,2025-11-06
M006089,P024,IN,137,2026-01-24
M006090,P037,OUT,92,2025-03-21
M006091,P046,OUT,182,2026-01-16
M006092,P043,IN,41,2025-08-26
M006093,P062,IN,36,2025-12-14
M006094,P060,OUT,157,2025-03-14
M006095,P081,OUT,106,2025-06-19
M006096,P047,OUT,125,2025-09-06
M006097,P010,IN,36,2025-10-19
M006098,P052,OUT,177,2026-01-04
M006099,P025,OUT,110,2025-06-08
M006100,P035,OUT,100,2025-10-27
M006101,P061,IN,197,2025-06-01
M006102,P069,OUT,50,2025-08-13
M006103,P076,IN,115,2025-09-02
M006104,P022,IN,113,2025-08-15
M006105,P092,IN,19,2025-07-28
M006106,P064,IN,118,2025-09-25
M006107,P087,IN,87,2025-08-14
M006108,P045,IN,69,2025-10-11
M006109,P007,OUT,17,2025-08-25
M006110,P077,OUT,6,2025-03-14
M006111,P035,OUT,138,2025-10-07
M006112,P007,IN,187,2025-09-03
M006113,P086,OUT,106,2025-06-16
M006114,P036,OUT,73,2025-09-18
M006115,P011,IN,55,2026-02-02
M006116,P027,IN,15,2025-09-16
M006117,P041,IN,140,2025-06-21
M006118,P013,OUT,83,2026-02-08
M006119,P025,OUT,58,2025-05-29
M006120,P037,IN,86,2025-07-09
M006121,P090,IN,18,2025-07-24
M006122,P088,OUT,14,2025-07-13
M006123,P079,OUT,76,2026-02-15
M006124,P034,OUT,147,2025-10-16
M006125,P042,IN,81,2025-07-12
M006126,P009,OUT,78,2026-03-01
M006127,P031,IN,71,2025-08-14
M006128,P080,IN,59,2025-10-24
M006129,P053,IN,127,2025-10-07
M006130,P053,OUT,134,2026-02-10
M006131,P005,IN,167,2026-01-13
M006132,P007,IN,23,2026-01-25
M006133,P070,IN,9,2026-02-09
M006134,P100,OUT,10,2025-12-05
M006135,P070,IN,119,2025-04-14
M006136,P025,IN,174,2025-12-13
M006137,P009,IN,16,2025-03-16
M006138,P058,OUT,160,2025-07-22
M006139,P018,IN,47,2025-07-09
M006140,P034,IN,46,2026-02-18
M006141,P071,OUT,195,2026-01-04
M006142,P045,IN,20,2025-05-13
M006143,P094,IN,26,2025-07-06
M006144,P072,IN,50,2025-12-13
M006145,P039,OUT,31,2025-05-14
M006146,P058,OUT,163,2025-07-30
M006147,P051,OUT,94,2025-08-16
M006148,P089,OUT,35,2025-07-21
M006149,P036,OUT,121,2025-03-16
M006150,P086,OUT,186,2025-09-25
M006151,P099,IN,64,2025-07-18
M006152,P022,IN,170,2025-05-13
M006153,P075,IN,69,2025-12-08
M006154,P056,OUT,39,2025-11-10
M006155,P067,IN,17,2026-01-04
M006156,P079,IN,155,2026-03-09
M006157,P038,IN,146,2026-02-26
M006158,P074,IN,120,2025-12-22
M006159,P015,OUT,54,2025-10-31
M006160,P058,OUT,38,2025-12-19
M006161,P073,IN,168,2026-03-06
M006162,P043,OUT,184,2025-12-21
M006163,P092,OUT,57,2025-07-01
M006164,P034,IN,107,2025-08-07
M006165,P054,IN,18,2025-08-09
M006166,P007,OUT,102,2025-04-26
M006167,P097,IN,16,2025-12-25
M006168,P024,OUT,42,2025-08-31
M006169,P015,OUT,23,2025-09-15
M006170,P065,IN,156,2025-09-07
M006171,P100,OUT,135,2025-08-06
M006172,P004,OUT,122,2026-02-20
M006173,P041,IN,42,2025-10-14
M006174,P029,IN,47,2025-07-18
M006175,P006,OUT,86,2025-09-11
M006176,P059,IN,87,2025-06-11
M006177,P036,OUT,96,2025-05-22
M006178,P051,IN,176,2025-06-16
M006179,P067,OUT,22,2025-04-18
M006180,P086,OUT,169,2025-03-14
M006181,P079,IN,101,2025-03-26
M006182,P018,IN,177,2025-06-27
M006183,P057,IN,97,2025-04-01
M006184,P051,IN,155,2025-09-21
M006185,P100,OUT,132,2025-04-03
M006186,P092,OUT,110,2025-10-01
M006187,P052,IN,137,2025-08-18
M006188,P082,OUT,183,2026-02-12
M006189,P060,OUT,189,2025-09-17
M006190,P028,IN,151,2025-09-01
M006191,P047,IN,73,2025-06-12
M006192,P038,OUT,23,2025-07-31
M006193,P005,OUT,111,2025-12-08
M006194,P008,IN,195,2025-07-26
M006195,P032,IN,141,2025-04-16
M006196,P007,OUT,55,2025-03-15
M006197,P054,OUT,89,2025-09-06
M006198,P034,IN,199,2026-01-10
M006199,P050,OUT,93,2026-02-13
M006200,P078,OUT,120,2025-04-18
M006201,P041,OUT,81,2025-07-10
M006202,P025,OUT,6,2025-08-28
M006203,P077,IN,59,2026-01-21
M006204,P054,IN,45,2025-07-03
M006205,P098,IN,44,2025-09-14
M006206,P046,OUT,21,2025-12-22
M006207,P046,IN,193,2025-04-19
M006208,P087,OUT,52,2025-09-25
M006209,P041,OUT,75,2025-09-11
M006210,P055,IN,10,2025-06-27
M006211,P065,OUT,190,2025-04-19
M006212,P010,IN,174,2025-07-03
M006213,P053,OUT,173,2025-09-16
M006214,P042,OUT,138,2025-10-12
M006215,P017,IN,16,2026-01-05
M006216,P083,OUT,19,2025-11-19
M006217,P080,OUT,100,2025-06-16
M006218,P041,OUT,169,2025-08-19
M006219,P043,IN,10,2025-11-22
M006220,P066,OUT,116,2025-06-17
M006221,P047,OUT,59,2026-02-23
M006222,P039,IN,96,2025-07-15
M006223,P009,IN,34,2025-10-17
M006224,P054,OUT,7,2025-11-11
M006225,P023,IN,25,2025-10-12
M006226,P099,IN,144,2025-08-26
M006227,P038,IN,170,2025-10-22
M006228,P019,IN,130,2025-11-22
M006229,P003,OUT,50,2025-11-10
M006230,P074,OUT,134,2025-09-12
M006231,P066,IN,153,2025-06-24
M006232,P072,OUT,90,2025-03-22
M006233,P035,IN,121,2025-08-09
M006234,P055,OUT,127,2025-04-23
M006235,P038,IN,73,2025-09-25
M006236,P062,IN,66,2026-01-08
M006237,P026,OUT,156,2025-05-05
M006238,P049,IN,52,2025-03-16
M006239,P020,IN,53,2025-12-13
M006240,P029,OUT,54,2025-12-02
M006241,P068,OUT,66,2025-12-15
M006242,P038,IN,116,2025-09-15
M006243,P059,OUT,35,2025-10-22
M006244,P016,IN,100,2025-12-07
M006245,P082,OUT,31,2025-05-04
M006246,P062,OUT,83,2025-04-16
M006247,P054,IN,193,2025-06-28
M006248,P013,OUT,139,2025-08-06
M006249,P053,IN,98,2025-03-29
M006250,P079,IN,41,2025-06-26
M006251,P055,IN,184,2025-12-18
M006252,P038,IN,188,2025-07-28
M006253,P021,OUT,89,2025-10-28
M006254,P066,IN,56,2025-07-28
M006255,P065,OUT,18,2026-01-05
M006256,P064,IN,115,2025-08-29
M006257,P014,IN,10,2025-08-18
M006258,P073,IN,39,2025-06-06
M006259,P014,IN,192,2025-05-16
M006260,P064,IN,26,2026-02-17
M006261,P036,IN,95,2026-02-06
M006262,P069,OUT,12,2025-07-07
M006263,P014,IN,28,2025-09-11
M006264,P069,IN,68,2025-03-26
M006265,P029,OUT,181,2025-06-25
M006266,P034,OUT,190,2025-06-05
M006267,P093,OUT,89,2025-10-12
M006268,P033,OUT,31,2025-03-25
M006269,P047,IN,60,2025-04-13
M006270,P098,IN,133,2026-02-06
M006271,P012,OUT,97,2025-11-27
M006272,P058,IN,138,2026-02-26
M006273,P037,IN,25,2026-03-06
M006274,P064,OUT,3,2025-09-19
M006275,P041,OUT,163,2025-08-19
M006276,P087,OUT,17,2026-02-13
M006277,P029,IN,42,2025-05-18
M006278,P041,OUT,54,2026-01-11
M006279,P019,IN,71,2025-12-08
M006280,P033,IN,175,2025-05-06
M006281,P088,IN,151,2025-06-08
M006282,P078,OUT,156,2025-12-11
M006283,P079,OUT,62,2025-05-12
M006284,P063,OUT,27,2025-08-27
M006285,P071,OUT,183,2025-09-07
M006286,P094,IN,126,2025-04-07
M006287,P045,OUT,58,2025-10-19
M006288,P041,OUT,192,2026-01-25
M006289,P039,IN,21,2025-09-05
M006290,P050,IN,77,2026-02-24
M006291,P038,OUT,95,2025-08-03
M006292,P011,IN,71,2025-08-19
M006293,P087,IN,178,2025-06-18
M006294,P059,OUT,109,2025-11-26
M006295,P016,OUT,98,2025-06-17
M006296,P046,OUT,183,2025-06-02
M006297,P058,IN,86,2025-09-02
M006298,P026,IN,156,2025-03-24
M006299,P029,OUT,102,2025-09-21
M006300,P014,IN,70,2025-09-12
M006301,P090,OUT,57,2025-11-26
M006302,P056,OUT,66,2025-08-31
M006303,P039,IN,106,2025-07-19
M006304,P054,OUT,174,2025-08-24
M006305,P016,IN,120,2025-04-04
M006306,P062,OUT,92,2025-08-07
M006307,P015,IN,49,2025-09-26
M006308,P059,IN,144,2025-12-04
M006309,P069,IN,103,2026-02-12
M006310,P009,IN,119,2025-04-26
M006311,P096,IN,12,2025-05-13
M006312,P027,OUT,75,2025-07-26
M006313,P017,OUT,174,2025-07-11
M006314,P068,IN,102,2025-10-05
M006315,P070,IN,20,2025-04-12
M006316,P022,OUT,63,2025-07-07
M006317,P050,OUT,30,2025-03-26
M006318,P057,OUT,70,2025-06-03
M006319,P013,IN,122,2026-01-20
M006320,P028,IN,121,2025-08-23
M006321,P095,OUT,85,2025-12-29
M006322,P093,IN,158,2025-12-03
M006323,P072,OUT,23,2025-10-06
M006324,P042,IN,199,2025-08-14
M006325,P008,OUT,163,2025-07-01
M006326,P042,OUT,79,2025-04-01
M006327,P002,OUT,8,2025-05-18
M006328,P026,OUT,137,2026-02-11
M006329,P046,OUT,87,2025-12-17
M006330,P036,OUT,131,2025-12-04
M006331,P096,IN,145,2025-04-29
M006332,P067,OUT,87,2026-03-06
M006333,P006,OUT,149,2025-03-12
M006334,P070,OUT,127,2025-08-26
M006335,P033,IN,133,2025-10-14
M006336,P060,IN,179,2025-07-21
M006337,P074,OUT,111,2025-06-10
M006338,P057,IN,106,2025-03-26
M006339,P080,OUT,62,2025-09-12
M006340,P008,IN,45,2026-01-23
M006341,P092,OUT,160,2025-05-23
M006342,P041,OUT,152,2025-09-10
M006343,P041,OUT,165,2025-03-27
M006344,P026,IN,12,2026-02-26
M006345,P038,IN,149,2025-08-09
M006346,P042,IN,131,2025-04-16
M006347,P082,OUT,32,2025-04-04
M006348,P027,IN,52,2025-12-31
M006349,P094,OUT,171,2025-12-15
M006350,P095,OUT,175,2026-01-15
M006351,P059,OUT,159,2025-04-29
M006352,P096,IN,144,2025-11-21
M006353,P022,OUT,38,2026-02-11
M006354,P037,OUT,62,2025-07-09
M006355,P012,IN,156,2025-06-17
M006356,P064,IN,115,2025-05-16
M006357,P040,IN,108,2026-02-20
M006358,P043,OUT,46,2025-11-27
M006359,P094,IN,183,2025-09-03
M006360,P094,OUT,174,2025-03-13
M006361,P011,OUT,196,2025-09-23
M006362,P063,OUT,130,2025-04-06
M006363,P008,OUT,109,2025-11-20
M006364,P032,IN,102,2025-09-04
M006365,P064,OUT,187,2025-12-10
M006366,P085,IN,99,2026-02-04
M006367,P098,OUT,124,2025-04-12
M006368,P038,IN,193,2025-10-17
M006369,P081,IN,147,2025-04-28
M006370,P041,IN,20,2025-11-16
M006371,P083,IN,158,2026-02-25
M006372,P021,OUT,74,2025-09-02
M006373,P050,OUT,128,2025-03-28
M006374,P038,IN,123,2025-12-28
M006375,P083,IN,148,2025-10-09
M006376,P021,OUT,84,2025-03-23
M006377,P062,OUT,82,2025-09-06
M006378,P087,OUT,154,2025-11-01
M006379,P033,IN,104,2025-11-29
M006380,P038,IN,190,2025-10-24
M006381,P039,OUT,174,2026-01-04
M006382,P015,OUT,88,2025-03-20
M006383,P093,OUT,185,2025-06-14
M006384,P074,OUT,194,2025-12-11
M006385,P041,OUT,118,2025-11-28
M006386,P061,IN,124,2025-12-25
M006387,P009,IN,187,2025-06-08
M006388,P084,OUT,12,2025-08-24
M006389,P032,OUT,69,2025-06-16
M006390,P077,OUT,176,2025-08-11
M006391,P014,IN,21,2025-08-05
M006392,P003,IN,200,2025-11-26
M006393,P084,IN,97,2025-04-19
M006394,P084,OUT,67,2025-07-06
M006395,P069,IN,83,2025-12-09
M006396,P030,IN,141,2025-03-13
M006397,P038,OUT,129,2025-03-23
M006398,P034,IN,107,2025-06-07
M006399,P058,OUT,146,2025-09-18
M006400,P022,OUT,145,2025-12-20
M006401,P092,OUT,13,2025-04-29
M006402,P050,OUT,23,2025-04-01
M006403,P072,OUT,7,2025-05-12
M006404,P093,OUT,196,2026-02-02
M006405,P091,OUT,10,2025-12-29
M006406,P054,OUT,11,2025-03-25
M006407,P092,IN,34,2025-08-30
M006408,P002,IN,18,2025-07-02
M006409,P018,OUT,74,2025-04-29
M006410,P013,OUT,103,2025-07-19
M006411,P035,OUT,126,2026-01-17
M006412,P064,OUT,46,2025-05-14
M006413,P010,IN,111,2025-08-23
M006414,P030,OUT,106,2025-11-19
M006415,P068,OUT,191,2026-03-01
M006416,P098,OUT,138,2025-05-25
M006417,P085,OUT,47,2025-06-04
M006418,P094,IN,166,2025-10-21
M006419,P078,OUT,181,2025-10-24
M006420,P080,IN,23,2025-11-05
M006421,P089,IN,197,2025-12-12
M006422,P055,OUT,185,2025-11-17
M006423,P093,OUT,184,2025-05-18
M006424,P042,OUT,36,2025-12-24
M006425,P030,OUT,61,2026-02-03
M006426,P038,IN,10,2025-08-25
M006427,P031,OUT,52,2026-02-06
M006428,P025,IN,61,2025-05-31
M006429,P083,IN,137,2025-12-23
M006430,P053,IN,30,2025-07-29
M006431,P055,OUT,157,2025-04-06
M006432,P064,OUT,156,2025-10-29
M006433,P033,IN,121,2025-05-30
M006434,P011,IN,114,2026-03-06
M006435,P093,IN,70,2025-07-27
M006436,P076,IN,187,2025-05-18
M006437,P048,OUT,27,2026-01-23
M006438,P057,IN,20,2025-09-28
M006439,P091,OUT,95,2025-06-25
M006440,P097,IN,60,2026-01-31
M006441,P011,OUT,90,2025-09-21
M006442,P097,OUT,1,2025-10-14
M006443,P046,IN,94,2025-08-28
M006444,P087,OUT,98,2025-08-16
M006445,P096,OUT,30,2025-05-21
M006446,P072,IN,75,2025-03-14
M006447,P015,OUT,82,2025-12-28
M006448,P055,IN,6,2025-12-24
M006449,P001,IN,182,2025-08-30
M006450,P085,OUT,173,2026-01-16
M006451,P052,OUT,53,2025-05-01
M006452,P097,IN,88,2025-04-16
M006453,P010,IN,31,2025-05-07
M006454,P029,OUT,163,2025-05-07
M006455,P055,IN,52,2025-07-21
M006456,P025,OUT,105,2025-10-25
M006457,P095,IN,150,2025-06-25
M006458,P093,OUT,60,2025-10-31
M006459,P020,OUT,39,2026-02-01
M006460,P061,IN,136,2025-07-25
M006461,P096,IN,62,2025-08-15
M006462,P044,IN,115,2025-06-20
M006463,P010,OUT,155,2025-11-29
M006464,P027,IN,146,2026-02-05
M006465,P030,OUT,82,2025-12-11
M006466,P081,OUT,5,2025-07-09
M006467,P017,OUT,154,2025-12-15
M006468,P086,OUT,56,2025-05-26
M006469,P094,IN,80,2025-04-03
M006470,P097,IN,58,2025-11-23
M006471,P007,IN,144,2025-08-11
M006472,P038,OUT,28,2025-11-28
M006473,P036,OUT,155,2025-10-31
M006474,P079,IN,163,2025-06-26
M006475,P075,IN,162,2025-04-17
M006476,P072,IN,155,2025-06-29
M006477,P077,IN,49,2025-08-13
M006478,P080,OUT,134,2025-08-06
M006479,P013,IN,187,2025-11-14
M006480,P075,OUT,40,2025-09-21
M006481,P084,OUT,15,2026-01-12
M006482,P051,OUT,72,2025-09-30
M006483,P074,IN,131,2025-07-29
M006484,P005,OUT,24,2025-06-16
M006485,P074,IN,80,2025-09-04
M006486,P027,IN,156,2025-10-10
M006487,P099,OUT,135,2025-12-16
M006488,P052,IN,71,2025-03-18
M006489,P016,IN,190,2025-11-02
M006490,P049,IN,190,2025-06-11
M006491,P036,IN,95,2025-06-28
M006492,P094,IN,84,2025-07-23
M006493,P027,OUT,162,2025-09-26
M006494,P053,OUT,133,2025-10-09
M006495,P070,OUT,193,2025-09-11
M006496,P081,IN,132,2026-01-12
M006497,P079,IN,66,2025-08-21
M006498,P069,OUT,61,2025-04-01
M006499,P035,OUT,27,2025-09-05
M006500,P009,IN,139,2025-07-27
M006501,P024,OUT,26,2026-01-07
M006502,P021,OUT,192,2025-08-10
M006503,P033,IN,165,2025-08-03
M006504,P075,OUT,25,2025-10-01
M006505,P078,IN,56,2025-07-17
M006506,P002,IN,177,2025-08-19
M006507,P075,OUT,2,2025-04-02
M006508,P005,IN,92,2025-08-19
M006509,P033,OUT,159,2025-11-18
M006510,P033,IN,25,2025-07-23
M006511,P003,OUT,109,2025-03-09
M006512,P045,OUT,179,2025-12-29
M006513,P093,OUT,34,2026-01-02
M006514,P056,OUT,56,2025-07-27
M006515,P015,IN,124,2025-07-13
M006516,P086,IN,197,2025-04-15
M006517,P021,OUT,146,2025-07-21
M006518,P038,OUT,166,2026-02-01
M006519,P013,OUT,22,2026-01-19
M006520,P081,IN,190,2025-11-11
M006521,P070,OUT,118,2025-09-12
M006522,P022,IN,71,2025-10-14
M006523,P013,OUT,22,2025-03-28
M006524,P086,IN,94,2025-06-21
M006525,P019,IN,58,2025-04-20
M006526,P032,OUT,56,2025-12-23
M006527,P049,IN,182,2025-11-16
M006528,P083,IN,123,2026-02-09
M006529,P094,OUT,119,2025-11-04
M006530,P099,IN,18,2025-07-15
M006531,P095,IN,61,2025-08-17
M006532,P036,OUT,156,2025-12-05
M006533,P012,IN,75,2025-10-26
M006534,P096,IN,166,2025-07-16
M006535,P072,OUT,198,2026-03-06
M006536,P089,OUT,195,2025-10-13
M006537,P057,OUT,122,2025-11-04
M006538,P042,IN,84,2025-11-17
M006539,P002,OUT,31,2025-09-06
M006540,P055,OUT,44,2025-07-31
M006541,P074,OUT,103,2025-12-17
M006542,P027,OUT,24,2025-05-01
M006543,P027,OUT,70,2026-02-23
M006544,P016,OUT,110,2025-07-02
M006545,P025,IN,77,2025-06-28
M006546,P002,IN,40,2025-10-28
M006547,P035,IN,68,2025-11-29
M006548,P077,IN,103,2026-01-16
M006549,P017,IN,100,2025-08-11
M006550,P029,OUT,85,2026-02-25
M006551,P069,IN,157,2026-01-06
M006552,P098,OUT,27,2026-02-16
M006553,P048,IN,121,2026-01-03
M006554,P045,OUT,199,2025-07-03
M006555,P033,IN,52,2025-10-05
M006556,P084,IN,128,2025-10-19
M006557,P039,OUT,135,2025-06-19
M006558,P036,IN,53,2025-09-11
M006559,P038,OUT,71,2025-12-08
M006560,P045,IN,141,2025-03-30
M006561,P079,OUT,165,2025-09-19
M006562,P049,IN,78,2025-06-24
M006563,P013,OUT,6,2025-09-24
M006564,P059,OUT,144,2025-04-05
M006565,P032,IN,9,2025-06-18
M006566,P087,OUT,16,2025-09-26
M006567,P017,IN,43,2025-08-16
M006568,P078,OUT,91,2025-04-22
M006569,P089,OUT,126,2025-11-22
M006570,P017,IN,1,2025-08-29
M006571,P052,OUT,107,2025-05-14
M006572,P010,IN,3,2025-11-21
M006573,P002,OUT,30,2025-05-08
M006574,P005,IN,177,2025-12-06
M006575,P087,IN,41,2025-09-27
M006576,P021,OUT,64,2025-08-03
M006577,P098,OUT,131,2025-09-02
M006578,P069,IN,119,2025-09-28
M006579,P024,IN,54,2025-03-20
M006580,P082,OUT,15,2025-11-16
M006581,P004,OUT,100,2025-08-19
M006582,P079,IN,72,2025-08-27
M006583,P095,IN,87,2025-09-20
M006584,P085,IN,165,2025-10-26
M006585,P004,OUT,40,2025-03-30
M006586,P035,OUT,89,2025-03-12
M006587,P063,OUT,53,2025-07-13
M006588,P067,OUT,190,2025-05-05
M006589,P062,OUT,114,2025-05-22
M006590,P058,IN,52,2025-08-20
M006591,P058,IN,119,2026-01-26
M006592,P036,OUT,83,2025-07-29
M006593,P066,IN,76,2025-06-30
M006594,P039,IN,152,2025-06-19
M006595,P019,IN,170,2025-11-19
M006596,P047,IN,182,2026-02-21
M006597,P070,IN,85,2025-06-29
M006598,P050,OUT,70,2025-12-24
M006599,P006,OUT,171,2025-09-02
M006600,P003,IN,143,2025-09-01
M006601,P095,OUT,47,2026-01-13
M006602,P019,OUT,120,2025-12-12
M006603,P085,OUT,6,2026-02-27
M006604,P036,IN,45,2026-02-05
M006605,P049,IN,111,2025-09-10
M006606,P039,IN,176,2025-04-27
M006607,P038,OUT,86,2025-12-12
M006608,P066,IN,175,2025-08-23
M006609,P080,OUT,65,2025-11-04
M006610,P100,OUT,29,2025-04-29
M006611,P056,IN,149,2025-04-03
M006612,P023,IN,38,2026-01-01
M006613,P094,IN,68,2026-01-06
M006614,P017,OUT,131,2025-06-25
M006615,P083,OUT,122,2025-08-10
M006616,P069,IN,18,2025-10-11
M006617,P079,IN,122,2025-04-13
M006618,P017,OUT,161,2025-10-26
M006619,P024,OUT,61,2025-08-16
M006620,P037,IN,165,2026-01-13
M006621,P061,IN,159,2025-08-19
M006622,P014,OUT,37,2025-05-10
M006623,P018,OUT,15,2025-11-27
M006624,P026,OUT,86,2025-09-11
M006625,P028,IN,92,2025-08-14
M006626,P009,IN,174,2025-06-05
M006627,P007,OUT,186,2025-07-26
M006628,P005,OUT,75,2025-10-30
M006629,P018,OUT,35,2025-05-25
M006630,P072,OUT,145,2025-11-18
M006631,P047,IN,57,2025-11-22
M006632,P097,OUT,50,2026-01-02
M006633,P089,OUT,197,2025-07-05
M006634,P036,OUT,93,2025-06-04
M006635,P091,OUT,2,2025-12-28
M006636,P067,IN,80,2025-05-28
M006637,P039,OUT,16,2025-03-27
M006638,P014,OUT,142,2025-09-19
M006639,P042,OUT,47,2025-08-06
M006640,P037,OUT,161,2025-12-10
M006641,P018,IN,42,2026-01-15
M006642,P090,OUT,143,2025-09-03
M006643,P077,OUT,73,2025-10-12
M006644,P088,OUT,32,2025-06-05
M006645,P062,OUT,92,2025-04-25
M006646,P011,IN,74,2025-08-17
M006647,P053,IN,70,2025-06-06
M006648,P069,OUT,103,2025-04-03
M006649,P012,OUT,194,2025-12-14
M006650,P033,IN,109,2025-07-23
M006651,P018,IN,149,2025-11-15
M006652,P052,OUT,18,2025-09-03
M006653,P045,OUT,100,2025-05-24
M006654,P032,IN,198,2026-01-10
M006655,P012,IN,135,2026-01-12
M006656,P065,IN,182,2025-08-05
M006657,P068,OUT,155,2025-08-26
M006658,P052,IN,126,2025-11-05
M006659,P003,IN,146,2025-10-16
M006660,P086,IN,21,2025-03-14
M006661,P060,OUT,163,2025-05-09
M006662,P086,OUT,59,2025-09-07
M006663,P035,OUT,62,2025-05-18
M006664,P030,OUT,104,2025-12-28
M006665,P069,OUT,84,2025-05-23
M006666,P033,OUT,19,2025-09-13
M006667,P032,OUT,79,2026-03-04
M006668,P021,OUT,186,2025-07-16
M006669,P084,OUT,189,2025-04-17
M006670,P036,IN,66,2025-03-28
M006671,P075,OUT,60,2025-08-06
M006672,P012,OUT,75,2025-12-21
M006673,P010,IN,112,2026-03-05
M006674,P078,OUT,9,2025-08-29
M006675,P069,IN,185,2025-04-17
M006676,P002,IN,12,2026-01-30
M006677,P080,OUT,48,2025-06-05
M006678,P097,IN,146,2026-02-10
M006679,P017,IN,131,2025-08-26
M006680,P022,IN,57,2025-09-19
M006681,P086,IN,94,2025-12-07
M006682,P089,OUT,170,2026-03-02
M006683,P058,IN,123,2025-09-04
M006684,P012,IN,155,2025-09-10
M006685,P052,IN,106,2025-09-05
M006686,P037,IN,80,2025-10-17
M006687,P009,IN,15,2025-07-25
M006688,P089,OUT,194,2025-07-21
M006689,P076,OUT,14,2025-06-11
M006690,P035,OUT,73,2025-11-25
M006691,P046,IN,193,2025-09-28
M006692,P001,IN,199,2025-12-31
M006693,P080,IN,22,2026-01-26
M006694,P004,IN,144,2025-12-20
M006695,P002,IN,74,2026-03-07
M006696,P035,OUT,111,2025-06-14
M006697,P098,IN,185,2025-09-24
M006698,P079,IN,157,2025-12-29
M006699,P044,IN,63,2025-09-19
M006700,P076,OUT,171,2025-06-08
M006701,P045,OUT,144,2025-07-20
M006702,P050,OUT,103,2025-04-29
M006703,P079,IN,121,2025-06-02
M006704,P076,OUT,182,2026-01-24
M006705,P012,IN,49,2025-07-28
M006706,P001,IN,59,2025-07-20
M006707,P006,OUT,58,2025-07-25
M006708,P088,OUT,178,2025-08-24
M006709,P031,OUT,23,2025-09-27
M006710,P021,IN,74,2026-01-16
M006711,P073,OUT,197,2025-09-07
M006712,P009,OUT,8,2025-05-26
M006713,P079,IN,103,2026-03-04
M006714,P043,IN,40,2025-11-21
M006715,P080,IN,54,2025-10-11
M006716,P009,OUT,35,2026-01-04
M006717,P072,OUT,93,2026-02-02
M006718,P013,OUT,41,2025-06-30
M006719,P011,OUT,191,2025-03-09
M006720,P028,OUT,148,2025-05-19
M006721,P017,OUT,57,2026-01-06
M006722,P043,OUT,15,2025-09-02
M006723,P047,OUT,18,2025-08-10
M006724,P072,IN,125,2025-09-06
M006725,P020,IN,150,2025-06-14
M006726,P052,IN,39,2026-01-30
M006727,P085,IN,163,2025-07-02
M006728,P037,IN,148,2025-12-02
M006729,P082,IN,77,2025-04-13
M006730,P032,OUT,129,2025-06-29
M006731,P004,OUT,49,2025-07-02
M006732,P013,IN,123,2026-01-22
M006733,P035,IN,72,2025-05-07
M006734,P001,OUT,189,2025-07-07
M006735,P047,OUT,115,2025-05-02
M006736,P003,OUT,89,2025-09-23
M006737,P074,OUT,107,2025-06-17
M006738,P099,OUT,32,2025-11-15
M006739,P063,IN,36,2026-01-07
M006740,P033,IN,111,2025-12-21
M006741,P019,IN,42,2026-01-07
M006742,P027,IN,39,2026-01-14
M006743,P036,OUT,87,2025-08-15
M006744,P040,OUT,46,2026-02-05
M006745,P017,IN,113,2026-02-24
M006746,P048,OUT,152,2025-11-17
M006747,P012,OUT,46,2025-09-08
M006748,P057,IN,42,2025-07-08
M006749,P054,OUT,141,2025-05-29
M006750,P030,OUT,197,2025-07-22
M006751,P050,IN,144,2025-04-28
M006752,P038,IN,169,2025-10-24
M006753,P038,IN,68,2025-12-08
M006754,P028,IN,41,2025-11-16
M006755,P003,OUT,177,2025-03-14
M006756,P063,OUT,77,2025-04-03
M006757,P030,IN,137,2025-12-13
M006758,P082,IN,66,2026-01-17
M006759,P054,OUT,44,2025-11-29
M006760,P075,OUT,90,2025-05-29
M006761,P053,OUT,193,2025-07-18
M006762,P076,OUT,123,2025-07-07
M006763,P011,OUT,189,2025-10-30
M006764,P002,IN,31,2025-12-23
M006765,P060,IN,121,2025-12-26
M006766,P066,OUT,5,2026-02-08
M006767,P068,IN,132,2026-02-04
M006768,P066,OUT,163,2025-11-09
M006769,P022,OUT,100,2025-10-12
M006770,P082,IN,71,2025-08-24
M006771,P035,OUT,176,2025-05-17
M006772,P048,IN,89,2025-04-09
M006773,P021,OUT,100,2025-06-22
M006774,P099,IN,144,2025-07-31
M006775,P098,IN,119,2025-08-08
M006776,P040,OUT,166,2026-01-11
M006777,P075,IN,111,2025-04-17
M006778,P030,IN,108,2025-12-14
M006779,P099,OUT,86,2026-02-06
M006780,P057,IN,5,2025-06-26
M006781,P007,IN,194,2025-11-16
M006782,P090,IN,127,2025-04-25
M006783,P023,IN,171,2025-03-28
M006784,P029,IN,87,2026-02-09
M006785,P028,OUT,192,2025-09-30
M006786,P085,OUT,25,2025-03-09
M006787,P038,OUT,103,2025-05-17
M006788,P014,OUT,128,2025-03-27
M006789,P100,IN,82,2025-08-23
M006790,P086,OUT,124,2025-10-24
M006791,P020,OUT,92,2026-02-19
M006792,P098,OUT,129,2025-04-13
M006793,P045,IN,142,2025-07-12
M006794,P080,OUT,108,2025-04-13
M006795,P032,OUT,45,2026-03-02
M006796,P041,IN,83,2025-08-09
M006797,P074,IN,123,2025-11-23
M006798,P069,OUT,82,2025-04-11
M006799,P036,IN,20,2026-03-04
M006800,P044,OUT,150,2026-02-16
M006801,P100,OUT,111,2025-11-06
M006802,P049,IN,120,2025-09-01
M006803,P042,IN,118,2025-09-29
M006804,P029,IN,121,2025-09-07
M006805,P049,OUT,176,2025-06-16
M006806,P075,IN,139,2026-02-02
M006807,P070,IN,36,2025-03-31
M006808,P035,IN,14,2025-03-19
M006809,P051,IN,71,2025-10-02
M006810,P065,IN,89,2025-03-09
M006811,P032,OUT,76,2025-06-14
M006812,P083,OUT,25,2025-07-07
M006813,P039,IN,17,2026-02-17
M006814,P026,OUT,56,2025-05-23
M006815,P012,OUT,49,2025-11-11
M006816,P050,OUT,137,2025-08-11
M006817,P025,IN,178,2026-03-03
M006818,P093,OUT,120,2025-03-16
M006819,P018,OUT,50,2025-08-01
M006820,P027,IN,171,2025-04-09
M006821,P017,OUT,182,2025-10-10
M006822,P036,OUT,50,2025-08-05
M006823,P037,OUT,106,2026-02-04
M006824,P086,IN,165,2025-07-07
M006825,P030,OUT,61,2025-12-25
M006826,P093,OUT,16,2025-08-29
M006827,P004,IN,199,2026-01-24
M006828,P045,IN,197,2025-12-21
M006829,P073,IN,39,2025-03-27
M006830,P062,IN,8,2025-03-15
M006831,P079,IN,20,2026-01-20
M006832,P008,IN,120,2025-06-18
M006833,P068,IN,196,2025-12-07
M006834,P092,OUT,146,2025-03-16
M006835,P062,IN,184,2026-03-04
M006836,P063,IN,127,2025-11-24
M006837,P046,IN,195,2025-09-02
M006838,P048,IN,137,2025-08-29
M006839,P086,OUT,180,2025-11-17
M006840,P086,IN,57,2025-11-14
M006841,P014,IN,99,2026-01-26
M006842,P011,IN,151,2025-12-10
M006843,P043,OUT,106,2025-10-16
M006844,P057,IN,13,2026-01-07
M006845,P013,OUT,50,2026-02-14
M006846,P064,IN,86,2025-07-02
M006847,P007,IN,177,2025-05-08
M006848,P063,IN,180,2025-09-30
M006849,P088,IN,73,2026-03-05
M006850,P035,IN,198,2025-11-22
M006851,P010,OUT,115,2025-04-23
M006852,P056,OUT,62,2025-07-31
M006853,P059,OUT,93,2025-05-11
M006854,P025,OUT,174,2025-11-17
M006855,P063,OUT,182,2026-01-06
M006856,P030,OUT,179,2025-12-29
M006857,P096,OUT,98,2025-04-23
M006858,P001,IN,93,2026-02-16
M006859,P074,IN,91,2025-09-03
M006860,P018,IN,47,2025-07-28
M006861,P041,OUT,8,2026-01-25
M006862,P073,OUT,28,2026-01-10
M006863,P093,IN,5,2025-04-21
M006864,P058,OUT,88,2026-02-26
M006865,P080,OUT,184,2025-10-04
M006866,P037,IN,144,2025-10-19
M006867,P093,OUT,19,2026-03-09
M006868,P063,IN,157,2025-04-12
M006869,P056,IN,139,2025-06-25
M006870,P086,IN,39,2025-06-13
M006871,P048,IN,96,2025-07-11
M006872,P060,OUT,124,2025-08-25
M006873,P087,IN,8,2025-11-02
M006874,P037,IN,185,2025-04-02
M006875,P099,OUT,27,2025-07-17
M006876,P070,IN,3,2026-02-18
M006877,P095,IN,20,2025-03-15
M006878,P001,IN,29,2025-05-17
M006879,P073,IN,140,2025-06-19
M006880,P055,OUT,110,2025-06-19
M006881,P018,OUT,181,2025-12-27
M006882,P028,IN,198,2025-08-20
M006883,P064,OUT,65,2025-06-05
M006884,P084,IN,121,2025-08-23
M006885,P035,IN,120,2025-08-16
M006886,P005,OUT,107,2025-04-26
M006887,P094,OUT,6,2025-09-18
M006888,P006,IN,1,2025-10-27
M006889,P079,OUT,2,2025-07-28
M006890,P025,IN,153,2025-03-09
M006891,P086,OUT,178,2025-05-17
M006892,P046,IN,174,2025-09-27
M006893,P099,IN,112,2025-08-09
M006894,P066,OUT,162,2026-01-22
M006895,P013,IN,191,2025-06-20
M006896,P030,IN,77,2025-04-20
M006897,P007,IN,60,2026-02-14
M006898,P006,OUT,26,2025-10-20
M006899,P079,IN,54,2025-04-13
M006900,P081,OUT,32,2025-05-30
M006901,P063,IN,152,2025-05-24
M006902,P065,IN,81,2025-12-31
M006903,P015,OUT,60,2026-03-05
M006904,P047,IN,118,2025-09-30
M006905,P012,IN,124,2025-12-08
M006906,P093,IN,49,2025-11-07
M006907,P099,IN,11,2025-07-06
M006908,P046,IN,193,2025-12-04
M006909,P060,OUT,183,2025-11-02
M006910,P078,OUT,141,2025-12-02
M006911,P054,OUT,2,2025-07-10
M006912,P058,OUT,140,2025-11-03
M006913,P007,IN,126,2026-01-16
M006914,P070,IN,65,2025-06-07
M006915,P067,OUT,190,2025-04-17
M006916,P016,OUT,46,2025-08-23
M006917,P060,IN,75,2025-04-15
M006918,P005,IN,173,2025-08-03
M006919,P089,IN,125,2026-02-21
M006920,P068,OUT,72,2025-10-27
M006921,P004,OUT,182,2026-01-23
M006922,P001,OUT,62,2025-08-01
M006923,P040,IN,70,2025-09-03
M006924,P068,OUT,192,2026-02-19
M006925,P098,OUT,74,2025-08-15
M006926,P085,OUT,194,2025-12-04
M006927,P014,IN,33,2025-12-15
M006928,P070,OUT,174,2025-08-20
M006929,P080,IN,166,2025-07-07
M006930,P001,OUT,123,2025-12-17
M006931,P045,OUT,101,2025-12-28
M006932,P043,IN,1,2025-07-31
M006933,P092,IN,118,2025-10-26
M006934,P031,IN,66,2025-08-19
M006935,P070,OUT,75,2025-11-09
M006936,P057,OUT,9,2025-04-16
M006937,P092,OUT,31,2025-03-28
M006938,P095,IN,47,2025-05-12
M006939,P054,IN,69,2025-12-15
M006940,P004,OUT,179,2025-10-13
M006941,P044,OUT,175,2025-04-02
M006942,P047,IN,58,2025-07-02
M006943,P002,IN,61,2025-12-14
M006944,P009,OUT,18,2025-06-22
M006945,P004,IN,98,2025-03-10
M006946,P098,OUT,127,2025-09-10
M006947,P029,OUT,119,2025-08-04
M006948,P082,OUT,38,2025-03-15
M006949,P032,OUT,19,2025-07-30
M006950,P047,IN,18,2026-01-20
M006951,P038,IN,135,2025-09-04
M006952,P027,OUT,3,2025-11-15
M006953,P065,OUT,156,2025-03-09
M006954,P002,OUT,144,2025-12-12
M006955,P072,OUT,160,2025-12-04
M006956,P076,OUT,81,2025-03-25
M006957,P051,IN,161,2026-01-06
M006958,P033,OUT,138,2025-04-26
M006959,P089,OUT,56,2025-10-05
M006960,P049,IN,80,2025-12-06
M006961,P085,IN,143,2025-06-07
M006962,P071,OUT,23,2025-05-30
M006963,P059,IN,148,2025-05-27
M006964,P032,OUT,152,2025-10-30
M006965,P063,IN,26,2025-10-02
M006966,P039,IN,102,2026-03-07
M006967,P078,IN,92,2025-12-07
M006968,P038,OUT,19,2026-03-09
M006969,P092,OUT,183,2025-04-19
M006970,P026,IN,33,2025-06-13
M006971,P054,IN,192,2025-10-01
M006972,P022,IN,44,2025-12-09
M006973,P046,IN,178,2025-06-08
M006974,P011,IN,162,2025-12-11
M006975,P078,OUT,9,2025-06-24
M006976,P085,OUT,134,2025-08-30
M006977,P065,IN,147,2025-05-09
M006978,P036,OUT,85,2025-08-20
M006979,P040,OUT,199,2025-12-07
M006980,P095,OUT,29,2025-09-09
M006981,P044,IN,160,2025-03-18
M006982,P006,OUT,33,2026-02-15
M006983,P017,OUT,93,2025-10-09
M006984,P030,OUT,102,2025-08-09
M006985,P011,IN,24,2025-04-27
M006986,P054,IN,172,2025-10-28
M006987,P003,OUT,52,2026-01-11
M006988,P062,OUT,38,2025-08-29
M006989,P072,IN,118,2025-08-18
M006990,P057,OUT,35,2026-01-17
M006991,P064,OUT,63,2025-04-22
M006992,P006,IN,70,2025-06-30
M006993,P074,OUT,106,2025-07-16
M006994,P088,IN,76,2025-05-03
M006995,P066,OUT,141,2025-10-19
M006996,P081,IN,143,2025-06-01
M006997,P049,IN,67,2025-05-23
M006998,P092,OUT,55,2025-09-21
M006999,P075,IN,95,2025-04-20
M007000,P078,IN,156,2026-01-12
M007001,P054,OUT,74,2026-02-28
M007002,P078,IN,67,2025-10-19
M007003,P097,IN,125,2025-08-19
M007004,P001,OUT,169,2025-12-17
M007005,P086,IN,107,2025-05-30
M007006,P092,OUT,35,2025-04-17
M007007,P005,IN,145,2025-12-12
M007008,P001,IN,128,2026-02-04
M007009,P021,OUT,126,2025-09-05
M007010,P081,OUT,55,2025-05-13
M007011,P024,IN,40,2026-02-10
M007012,P076,OUT,61,2026-03-05
M007013,P013,OUT,141,2025-06-30
M007014,P041,IN,171,2025-12-29
M007015,P038,OUT,177,2025-10-21
M007016,P062,OUT,142,2025-06-04
M007017,P050,OUT,54,2025-05-28
M007018,P007,IN,125,2025-09-27
M007019,P091,IN,66,2025-07-05
M007020,P075,IN,5,2025-05-09
M007021,P078,IN,72,2025-06-11
M007022,P006,OUT,87,2025-08-08
M007023,P087,OUT,139,2025-10-15
M007024,P096,OUT,152,2025-04-30
M007025,P060,IN,152,2025-06-20
M007026,P099,OUT,193,2025-07-17
M007027,P041,OUT,85,2025-09-06
M007028,P069,IN,13,2025-05-14
M007029,P071,OUT,192,2025-09-09
M007030,P015,IN,3,2025-05-18
M007031,P032,OUT,114,2025-03-17
M007032,P026,IN,74,2025-08-30
M007033,P089,IN,12,2025-08-08
M007034,P080,IN,136,2025-06-09
M007035,P039,OUT,107,2025-10-30
M007036,P001,IN,74,2025-11-28
M007037,P066,IN,110,2025-03-24
M007038,P044,OUT,146,2025-07-16
M007039,P039,IN,193,2025-03-26
M007040,P067,OUT,165,2026-02-03
M007041,P063,IN,125,2025-11-16
M007042,P050,IN,16,2025-03-15
M007043,P064,OUT,160,2025-05-20
M007044,P053,IN,44,2025-10-17
M007045,P058,IN,56,2025-06-05
M007046,P035,OUT,40,2025-03-19
M007047,P039,OUT,164,2025-07-13
M007048,P030,IN,72,2025-11-30
M007049,P098,OUT,105,2025-09-04
M007050,P056,OUT,67,2025-11-04
M007051,P070,OUT,176,2025-12-23
M007052,P095,IN,193,2025-06-21
M007053,P008,IN,103,2025-10-17
M007054,P035,IN,38,2025-05-05
M007055,P048,OUT,31,2025-03-21
M007056,P027,IN,35,2025-06-03
M007057,P003,OUT,85,2025-12-08
M007058,P094,IN,178,2025-07-11
M007059,P045,OUT,113,2025-04-30
M007060,P061,IN,166,2025-10-11
M007061,P041,OUT,112,2025-03-24
M007062,P090,OUT,89,2025-04-16
M007063,P037,OUT,22,2025-03-29
M007064,P088,OUT,111,2025-09-09
M007065,P058,OUT,96,2025-06-20
M007066,P080,OUT,86,2026-02-10
M007067,P034,OUT,148,2025-10-18
M007068,P033,IN,28,2025-11-30
M007069,P029,OUT,17,2026-01-20
M007070,P008,IN,191,2025-11-17
M007071,P034,IN,197,2025-12-16
M007072,P001,OUT,21,2025-07-01
M007073,P059,IN,200,2025-08-08
M007074,P063,OUT,104,2025-07-29
M007075,P053,IN,81,2025-05-17
M007076,P063,IN,9,2025-12-28
M007077,P092,OUT,39,2026-01-31
M007078,P092,IN,87,2025-04-05
M007079,P023,OUT,190,2025-12-11
M007080,P041,OUT,2,2025-09-02
M007081,P028,IN,113,2025-09-24
M007082,P088,OUT,138,2025-05-20
M007083,P078,IN,60,2025-06-01
M007084,P033,IN,44,2025-05-31
M007085,P098,IN,127,2026-01-03
M007086,P089,IN,111,2025-03-21
M007087,P068,OUT,14,2025-09-18
M007088,P008,OUT,8,2025-09-11
M007089,P075,IN,89,2025-10-10
M007090,P062,IN,113,2025-11-11
M007091,P050,OUT,13,2025-12-05
M007092,P008,OUT,57,2026-02-09
M007093,P067,OUT,59,2025-09-20
M007094,P077,OUT,118,2026-02-28
M007095,P006,IN,63,2025-06-11
M007096,P024,OUT,142,2025-06-29
M007097,P029,IN,59,2025-12-18
M007098,P077,IN,112,2026-03-04
M007099,P043,OUT,127,2026-02-16
M007100,P018,OUT,41,2025-07-28
M007101,P078,OUT,137,2026-01-20
M007102,P082,IN,58,2025-09-27
M007103,P071,OUT,192,2025-04-08
M007104,P026,OUT,66,2025-05-24
M007105,P093,IN,111,2025-09-25
M007106,P090,OUT,71,2025-03-27
M007107,P040,OUT,36,2025-09-01
M007108,P042,OUT,140,2025-03-22
M007109,P001,OUT,83,2025-09-27
M007110,P081,IN,194,2025-11-04
M007111,P073,IN,69,2025-06-22
M007112,P056,OUT,76,2026-01-18
M007113,P036,IN,54,2025-10-03
M007114,P011,IN,178,2025-08-06
M007115,P040,IN,198,2025-09-29
M007116,P074,IN,166,2025-08-11
M007117,P020,IN,36,2025-10-21
M007118,P050,OUT,134,2025-12-30
M007119,P002,IN,189,2025-08-18
M007120,P058,OUT,135,2026-02-02
M007121,P071,OUT,48,2025-04-27
M007122,P061,IN,78,2025-12-02
M007123,P037,IN,156,2025-03-12
M007124,P015,IN,48,2025-05-07
M007125,P052,IN,41,2025-12-01
M007126,P077,IN,81,2025-05-24
M007127,P022,OUT,142,2025-03-27
M007128,P031,IN,98,2025-04-02
M007129,P002,IN,17,2025-09-21
M007130,P026,IN,60,2025-05-26
M007131,P010,OUT,22,2025-07-18
M007132,P085,IN,30,2025-10-06
M007133,P055,IN,164,2025-10-14
M007134,P064,OUT,118,2025-07-17
M007135,P093,IN,121,2025-12-10
M007136,P042,OUT,46,2025-05-19
M007137,P088,OUT,190,2025-08-17
M007138,P093,OUT,7,2025-09-19
M007139,P016,OUT,87,2025-08-12
M007140,P076,IN,40,2025-08-15
M007141,P092,IN,58,2025-04-25
M007142,P067,OUT,199,2026-02-14
M007143,P027,OUT,89,2025-11-24
M007144,P086,IN,23,2025-04-23
M007145,P028,OUT,64,2025-10-18
M007146,P034,OUT,191,2025-07-05
M007147,P017,OUT,15,2025-12-23
M007148,P017,IN,39,2025-07-07
M007149,P099,OUT,145,2025-03-24
M007150,P031,OUT,66,2025-12-14
M007151,P089,IN,58,2025-11-29
M007152,P082,IN,26,2026-02-18
M007153,P002,IN,64,2026-01-28
M007154,P019,OUT,122,2026-01-31
M007155,P007,IN,49,2025-11-25
M007156,P055,IN,35,2025-06-22
M007157,P074,IN,78,2025-08-12
M007158,P013,IN,3,2025-05-08
M007159,P017,IN,93,2025-05-23
M007160,P051,OUT,140,2025-03-10
M007161,P012,OUT,33,2026-02-25
M007162,P062,IN,97,2025-10-03
M007163,P021,OUT,99,2025-05-17
M007164,P011,IN,157,2026-02-27
M007165,P068,IN,94,2025-04-02
M007166,P075,OUT,116,2025-05-25
M007167,P005,OUT,66,2025-09-17
M007168,P054,IN,103,2025-06-30
M007169,P026,IN,75,2025-03-26
M007170,P010,OUT,73,2025-05-03
M007171,P029,OUT,196,2026-01-11
M007172,P087,OUT,146,2025-06-17
M007173,P053,IN,192,2025-07-08
M007174,P035,OUT,14,2025-07-07
M007175,P087,IN,160,2025-09-24
M007176,P008,IN,37,2025-09-13
M007177,P028,OUT,187,2025-05-14
M007178,P035,OUT,78,2026-02-14
M007179,P035,IN,142,2026-01-03
M007180,P061,OUT,165,2025-08-19
M007181,P085,IN,34,2025-12-11
M007182,P043,IN,168,2025-07-14
M007183,P009,IN,37,2026-02-17
M007184,P008,OUT,9,2026-01-08
M007185,P097,OUT,134,2025-11-02
M007186,P035,OUT,11,2026-02-11
M007187,P043,OUT,81,2025-08-12
M007188,P001,OUT,69,2025-08-20
M007189,P074,IN,98,2025-05-27
M007190,P080,IN,55,2025-04-15
M007191,P005,OUT,80,2025-11-25
M007192,P075,OUT,86,2025-06-25
M007193,P043,OUT,129,2025-04-05
M007194,P018,OUT,105,2025-05-26
M007195,P004,OUT,14,2025-04-09
M007196,P064,OUT,154,2026-03-07
M007197,P035,IN,60,2025-09-04
M007198,P036,IN,152,2025-11-15
M007199,P037,IN,144,2026-01-08
M007200,P003,IN,128,2025-04-25
M007201,P037,IN,29,2025-04-24
M007202,P019,IN,31,2025-06-16
M007203,P072,IN,176,2026-02-05
M007204,P065,OUT,49,2025-10-08
M007205,P068,IN,36,2025-06-29
M007206,P076,OUT,31,2025-07-03
M007207,P028,OUT,49,2025-08-20
M007208,P082,OUT,20,2026-01-08
M007209,P062,IN,115,2025-07-31
M007210,P053,IN,195,2025-06-17
M007211,P087,IN,172,2025-08-29
M007212,P046,IN,74,2025-10-01
M007213,P049,IN,6,2026-01-27
M007214,P011,IN,38,2025-05-14
M007215,P010,IN,188,2025-10-03
M007216,P065,OUT,124,2025-08-10
M007217,P003,IN,81,2025-06-24
M007218,P076,OUT,93,2025-09-29
M007219,P076,OUT,158,2025-07-07
M007220,P058,OUT,62,2025-04-10
M007221,P089,OUT,148,2026-01-18
M007222,P088,OUT,187,2025-03-18
M007223,P062,OUT,61,2025-08-29
M007224,P005,OUT,133,2025-07-07
M007225,P073,OUT,152,2025-04-08
M007226,P037,IN,90,2025-12-12
M007227,P003,OUT,149,2026-01-22
M007228,P015,IN,110,2025-08-06
M007229,P070,IN,138,2025-04-19
M007230,P027,OUT,121,2026-01-02
M007231,P050,OUT,94,2025-05-31
M007232,P082,OUT,138,2025-07-10
M007233,P096,OUT,29,2026-01-19
M007234,P084,IN,78,2025-07-13
M007235,P097,OUT,114,2026-01-05
M007236,P093,OUT,110,2025-05-18
M007237,P082,OUT,170,2025-06-14
M007238,P021,IN,27,2025-09-18
M007239,P069,OUT,184,2025-12-06
M007240,P051,IN,178,2025-05-08
M007241,P093,OUT,118,2025-11-01
M007242,P018,IN,63,2025-05-11
M007243,P061,OUT,200,2025-09-01
M007244,P030,OUT,196,2025-03-27
M007245,P052,IN,160,2025-06-13
M007246,P018,IN,47,2026-01-28
M007247,P085,IN,21,2025-07-22
M007248,P039,IN,134,2025-12-15
M007249,P013,OUT,69,2025-10-09
M007250,P070,IN,56,2026-02-22
M007251,P019,OUT,152,2025-09-16
M007252,P062,OUT,52,2025-10-21
M007253,P086,OUT,30,2025-08-24
M007254,P018,OUT,113,2026-02-20
M007255,P013,IN,112,2025-06-29
M007256,P073,IN,46,2025-12-07
M007257,P005,IN,92,2025-08-07
M007258,P067,OUT,48,2025-09-04
M007259,P084,OUT,71,2025-06-22
M007260,P099,IN,10,2025-06-25
M007261,P030,OUT,183,2025-05-30
M007262,P080,IN,166,2025-06-14
M007263,P051,IN,154,2025-09-10
M007264,P020,IN,180,2026-01-16
M007265,P024,IN,61,2025-08-16
M007266,P071,OUT,123,2025-06-09
M007267,P014,OUT,185,2026-02-18
M007268,P069,OUT,191,2025-04-26
M007269,P085,IN,42,2025-09-13
M007270,P010,IN,196,2025-09-25
M007271,P080,OUT,75,2025-04-21
M007272,P040,IN,31,2025-04-28
M007273,P034,IN,17,2025-08-18
M007274,P001,IN,73,2026-01-22
M007275,P018,IN,26,2025-11-08
M007276,P022,OUT,130,2026-02-27
M007277,P090,IN,10,2025-11-16
M007278,P013,IN,160,2026-01-06
M007279,P033,OUT,128,2025-09-29
M007280,P049,OUT,69,2025-10-22
M007281,P086,IN,94,2026-03-09
M007282,P068,OUT,140,2025-11-28
M007283,P018,IN,188,2025-11-09
M007284,P061,OUT,188,2025-11-13
M007285,P058,IN,89,2025-08-01
M007286,P065,IN,18,2025-11-16
M007287,P028,OUT,180,2025-12-31
M007288,P081,OUT,200,2025-11-09
M007289,P075,OUT,122,2025-08-13
M007290,P065,IN,19,2025-08-03
M007291,P078,IN,121,2025-06-18
M007292,P066,IN,104,2025-04-13
M007293,P091,OUT,120,2025-06-06
M007294,P039,OUT,137,2025-07-29
M007295,P010,OUT,51,2026-03-06
M007296,P047,IN,17,2025-05-21
M007297,P039,IN,90,2025-08-24
M007298,P010,OUT,97,2025-08-25
M007299,P032,OUT,118,2025-09-14
M007300,P074,IN,200,2025-05-06
M007301,P045,OUT,140,2025-08-25
M007302,P071,IN,87,2026-01-11
M007303,P013,IN,130,2025-04-02
M007304,P078,OUT,16,2025-06-10
M007305,P077,IN,112,2026-02-22
M007306,P023,OUT,132,2025-10-23
M007307,P036,IN,1,2025-03-22
M007308,P046,IN,27,2025-09-06
M007309,P035,IN,170,2025-10-06
M007310,P073,IN,184,2025-11-13
M007311,P081,OUT,80,2025-07-21
M007312,P002,OUT,1,2025-10-12
M007313,P016,IN,170,2025-06-27
M007314,P024,IN,73,2025-07-08
M007315,P037,IN,118,2025-08-21
M007316,P012,IN,49,2025-08-10
M007317,P031,OUT,175,2025-07-19
M007318,P048,IN,185,2026-02-22
M007319,P007,IN,107,2026-03-03
M007320,P063,OUT,161,2026-02-12
M007321,P046,OUT,72,2026-01-19
M007322,P061,IN,163,2025-05-02
M007323,P021,IN,197,2025-12-02
M007324,P009,IN,87,2025-12-23
M007325,P051,OUT,186,2025-07-28
M007326,P075,IN,76,2025-09-19
M007327,P001,IN,124,2025-07-13
M007328,P063,OUT,111,2025-06-18
M007329,P064,IN,122,2025-09-15
M007330,P090,OUT,90,2025-10-20
M007331,P021,OUT,177,2025-12-07
M007332,P063,IN,27,2025-12-12
M007333,P005,IN,109,2025-09-20
M007334,P054,IN,122,2025-06-29
M007335,P028,IN,197,2026-01-12
M007336,P079,IN,107,2025-12-24
M007337,P014,IN,9,2025-07-01
M007338,P019,OUT,72,2026-01-30
M007339,P043,OUT,109,2025-06-28
M007340,P002,OUT,55,2025-06-15
M007341,P041,IN,134,2025-05-16
M007342,P013,IN,1,2025-11-10
M007343,P059,IN,38,2025-05-17
M007344,P018,OUT,53,2025-04-22
M007345,P082,IN,147,2025-09-20
M007346,P078,IN,61,2026-01-15
M007347,P091,IN,35,2025-08-26
M007348,P050,OUT,136,2025-04-02
M007349,P069,IN,147,2026-02-17
M007350,P045,IN,182,2025-08-09
M007351,P038,OUT,11,2025-08-01
M007352,P088,OUT,108,2025-11-18
M007353,P017,OUT,39,2025-04-07
M007354,P017,IN,50,2025-07-21
M007355,P028,IN,127,2025-12-24
M007356,P042,OUT,74,2025-12-07
M007357,P009,OUT,42,2025-08-31
M007358,P061,IN,141,2025-08-11
M007359,P007,OUT,89,2025-05-05
M007360,P041,OUT,21,2025-11-06
M007361,P006,IN,113,2025-12-13
M007362,P066,OUT,86,2025-11-21
M007363,P059,OUT,26,2025-08-07
M007364,P032,OUT,99,2026-03-02
M007365,P030,IN,106,2025-03-22
M007366,P043,OUT,116,2025-07-09
M007367,P065,IN,178,2025-03-30
M007368,P027,IN,92,2025-10-07
M007369,P028,OUT,71,2025-05-10
M007370,P087,OUT,156,2025-10-12
M007371,P095,OUT,50,2025-12-24
M007372,P051,OUT,143,2025-06-26
M007373,P003,IN,136,2026-02-18
M007374,P003,IN,140,2025-08-07
M007375,P069,IN,107,2025-06-10
M007376,P042,IN,69,2025-09-18
M007377,P095,IN,172,2025-11-15
M007378,P040,IN,15,2025-03-20
M007379,P037,OUT,168,2025-08-15
M007380,P047,IN,75,2025-11-08
M007381,P018,OUT,173,2025-11-29
M007382,P061,IN,199,2025-08-29
M007383,P090,IN,59,2025-10-06
M007384,P023,OUT,167,2025-06-11
M007385,P056,OUT,137,2025-05-04
M007386,P032,IN,120,2025-04-26
M007387,P058,OUT,51,2025-10-17
M007388,P030,IN,36,2025-07-04
M007389,P065,IN,110,2025-10-26
M007390,P064,IN,114,2025-08-24
M007391,P070,OUT,76,2025-11-29
M007392,P063,OUT,109,2026-01-11
M007393,P088,OUT,13,2026-01-27
M007394,P072,OUT,153,2025-11-25
M007395,P014,OUT,6,2025-12-25
M007396,P072,IN,38,2026-01-08
M007397,P030,OUT,81,2025-03-26
M007398,P025,IN,90,2025-10-15
M007399,P063,IN,53,2025-10-05
M007400,P004,IN,122,2025-03-18
M007401,P066,OUT,167,2025-08-08
M007402,P069,IN,55,2025-08-30
M007403,P087,OUT,140,2025-12-23
M007404,P075,IN,182,2025-05-25
M007405,P064,IN,177,2025-09-22
M007406,P033,OUT,85,2025-05-10
M007407,P075,IN,145,2026-02-08
M007408,P077,OUT,122,2026-02-04
M007409,P079,IN,69,2025-04-08
M007410,P048,OUT,124,2026-02-02
M007411,P063,OUT,32,2025-04-24
M007412,P038,OUT,179,2025-11-28
M007413,P033,IN,51,2025-07-27
M007414,P090,OUT,11,2025-06-16
M007415,P029,IN,81,2025-05-16
M007416,P029,OUT,131,2025-08-28
M007417,P004,OUT,134,2025-07-05
M007418,P063,IN,112,2025-11-04
M007419,P046,OUT,53,2025-09-09
M007420,P048,IN,133,2025-11-26
M007421,P025,OUT,71,2025-03-10
M007422,P078,IN,83,2026-02-27
M007423,P025,OUT,116,2025-07-06
M007424,P008,OUT,81,2025-07-19
M007425,P010,IN,182,2025-08-29
M007426,P086,IN,113,2025-11-02
M007427,P002,IN,89,2026-02-26
M007428,P001,OUT,90,2025-05-02
M007429,P087,OUT,193,2025-07-09
M007430,P002,OUT,90,2025-09-11
M007431,P047,OUT,82,2026-01-19
M007432,P034,IN,52,2025-09-14
M007433,P053,IN,144,2025-06-16
M007434,P027,OUT,46,2025-09-28
M007435,P064,IN,64,2025-03-09
M007436,P080,OUT,114,2026-01-22
M007437,P009,OUT,162,2026-02-05
M007438,P020,OUT,68,2026-01-28
M007439,P026,IN,56,2025-10-16
M007440,P027,OUT,93,2025-07-01
M007441,P073,IN,40,2025-03-25
M007442,P009,IN,68,2026-02-26
M007443,P021,IN,2,2025-11-17
M007444,P020,IN,141,2026-01-11
M007445,P013,IN,121,2025-08-14
M007446,P094,IN,34,2025-12-03
M007447,P092,OUT,78,2025-11-07
M007448,P056,IN,155,2026-01-23
M007449,P095,IN,123,2026-01-22
M007450,P012,OUT,99,2025-07-22
M007451,P091,IN,151,2026-02-14
M007452,P090,IN,87,2025-08-31
M007453,P073,IN,88,2026-01-02
M007454,P077,OUT,43,2025-07-28
M007455,P038,IN,184,2026-03-09
M007456,P082,IN,41,2026-03-03
M007457,P014,IN,177,2025-11-18
M007458,P004,OUT,31,2025-07-21
M007459,P006,OUT,148,2025-09-19
M007460,P075,IN,138,2025-04-17
M007461,P031,IN,61,2026-01-19
M007462,P049,IN,161,2025-05-24
M007463,P040,OUT,193,2026-02-18
M007464,P009,IN,135,2025-03-23
M007465,P006,OUT,146,2025-03-24
M007466,P091,OUT,55,2025-05-07
M007467,P062,OUT,139,2025-11-20
M007468,P081,IN,92,2025-06-20
M007469,P075,IN,108,2025-03-30
M007470,P046,OUT,165,2026-02-09
M007471,P011,IN,102,2025-04-07
M007472,P045,OUT,174,2025-11-09
M007473,P016,IN,144,2025-03-15
M007474,P088,IN,200,2025-11-26
M007475,P028,OUT,61,2026-01-01
M007476,P056,OUT,94,2025-08-30
M007477,P004,IN,43,2025-08-22
M007478,P055,OUT,120,2025-06-03
M007479,P011,IN,87,2025-08-27
M007480,P075,OUT,10,2025-07-10
M007481,P079,IN,55,2025-10-21
M007482,P026,OUT,115,2026-01-11
M007483,P019,IN,12,2026-01-11
M007484,P042,OUT,140,2025-05-11
M007485,P033,OUT,3,2025-10-28
M007486,P046,OUT,145,2025-08-01
M007487,P079,IN,22,2025-09-25
M007488,P035,IN,54,2025-10-19
M007489,P058,OUT,58,2025-06-08
M007490,P066,IN,115,2025-06-03
M007491,P099,OUT,174,2025-07-15
M007492,P085,IN,112,2025-08-11
M007493,P043,OUT,41,2025-08-17
M007494,P061,OUT,124,2025-04-22
M007495,P025,IN,105,2025-09-25
M007496,P087,IN,194,2025-07-28
M007497,P086,OUT,32,2025-04-03
M007498,P020,IN,139,2025-03-31
M007499,P054,OUT,74,2025-12-11
M007500,P058,OUT,37,2026-03-07
M007501,P070,OUT,180,2025-10-01
M007502,P030,IN,160,2026-02-02
M007503,P061,OUT,30,2025-12-28
M007504,P078,OUT,167,2026-01-20
M007505,P046,OUT,145,2025-10-30
M007506,P036,IN,44,2025-05-02
M007507,P051,IN,57,2025-11-06
M007508,P023,OUT,49,2026-03-03
M007509,P084,OUT,160,2026-02-02
M007510,P023,IN,140,2025-05-13
M007511,P053,OUT,161,2026-02-17
M007512,P065,IN,22,2025-04-05
M007513,P012,OUT,71,2025-05-21
M007514,P041,IN,190,2025-08-26
M007515,P094,IN,75,2025-12-23
M007516,P016,IN,43,2025-07-17
M007517,P067,OUT,125,2025-03-27
M007518,P040,OUT,110,2026-01-16
M007519,P030,IN,140,2026-01-07
M007520,P056,IN,127,2025-12-27
M007521,P032,IN,172,2025-12-13
M007522,P075,IN,26,2025-08-07
M007523,P057,OUT,87,2026-01-19
M007524,P001,OUT,87,2025-05-27
M007525,P062,IN,35,2025-06-11
M007526,P039,OUT,69,2025-09-18
M007527,P081,IN,136,2025-07-19
M007528,P088,OUT,85,2025-07-05
M007529,P014,OUT,119,2025-10-09
M007530,P024,OUT,38,2026-01-07
M007531,P055,OUT,144,2026-01-01
M007532,P087,OUT,143,2025-09-22
M007533,P094,IN,116,2025-03-12
M007534,P081,OUT,104,2026-02-24
M007535,P004,OUT,135,2025-08-08
M007536,P020,IN,188,2025-07-01
M007537,P054,OUT,104,2025-09-20
M007538,P089,OUT,125,2025-10-18
M007539,P093,OUT,172,2025-07-14
M007540,P057,IN,85,2026-01-30
M007541,P095,OUT,127,2025-07-18
M007542,P083,OUT,122,2025-03-17
M007543,P067,OUT,53,2025-11-08
M007544,P064,IN,21,2026-01-06
M007545,P072,OUT,35,2025-12-08
M007546,P100,IN,133,2025-08-24
M007547,P058,OUT,139,2025-12-21
M007548,P055,OUT,53,2025-06-18
M007549,P008,IN,133,2025-04-16
M007550,P034,IN,108,2025-06-30
M007551,P024,IN,189,2025-06-02
M007552,P008,OUT,2,2025-08-18
M007553,P075,OUT,103,2025-03-26
M007554,P012,OUT,34,2026-01-09
M007555,P076,IN,69,2025-05-31
M007556,P064,OUT,58,2025-08-22
M007557,P030,OUT,100,2026-03-02
M007558,P052,OUT,160,2026-01-01
M007559,P042,OUT,195,2025-06-26
M007560,P020,OUT,187,2025-10-07
M007561,P041,OUT,50,2025-03-27
M007562,P019,OUT,196,2025-05-13
M007563,P049,IN,178,2025-06-03
M007564,P021,OUT,142,2026-02-02
M007565,P045,IN,2,2025-11-24
M007566,P010,IN,72,2025-05-23
M007567,P073,IN,127,2025-09-30
M007568,P051,OUT,23,2026-01-21
M007569,P058,IN,149,2025-07-24
M007570,P028,OUT,165,2025-06-29
M007571,P032,OUT,118,2025-05-05
M007572,P055,IN,74,2025-12-28
M007573,P015,IN,150,2025-08-04
M007574,P078,OUT,167,2025-10-24
M007575,P064,IN,3,2025-04-15
M007576,P084,OUT,136,2026-01-10
M007577,P078,IN,165,2025-12-19
M007578,P093,IN,119,2026-01-01
M007579,P027,OUT,141,2025-03-31
M007580,P100,OUT,72,2025-08-06
M007581,P080,IN,95,2025-06-06
M007582,P085,OUT,195,2025-10-14
M007583,P081,IN,116,2026-01-26
M007584,P031,IN,20,2025-09-15
M007585,P013,IN,190,2026-02-24
M007586,P100,IN,103,2025-07-04
M007587,P066,OUT,150,2025-06-17
M007588,P064,IN,145,2025-05-21
M007589,P012,IN,97,2025-07-03
M007590,P030,OUT,75,2025-09-03
M007591,P029,OUT,85,2026-02-18
M007592,P063,OUT,145,2025-07-09
M007593,P023,IN,121,2025-12-16
M007594,P038,IN,53,2025-09-09
M007595,P076,OUT,15,2025-05-12
M007596,P014,OUT,8,2025-07-15
M007597,P074,OUT,142,2026-01-08
M007598,P072,IN,24,2025-11-25
M007599,P021,IN,185,2025-10-02
M007600,P056,OUT,16,2025-08-29
M007601,P010,IN,110,2025-11-05
M007602,P040,OUT,48,2026-02-13
M007603,P059,OUT,170,2025-12-12
M007604,P057,OUT,13,2025-06-02
M007605,P003,OUT,200,2025-08-03
M007606,P024,OUT,150,2026-01-09
M007607,P003,IN,39,2026-01-18
M007608,P040,OUT,51,2026-01-27
M007609,P056,OUT,160,2025-07-18
M007610,P098,OUT,119,2026-02-25
M007611,P079,IN,89,2025-06-11
M007612,P047,IN,35,2025-08-11
M007613,P002,IN,200,2025-08-20
M007614,P084,OUT,113,2025-11-23
M007615,P058,IN,139,2026-02-09
M007616,P066,IN,7,2025-05-27
M007617,P059,OUT,71,2025-04-20
M007618,P033,IN,168,2025-05-18
M007619,P080,IN,105,2025-07-04
M007620,P022,OUT,104,2025-07-25
M007621,P061,IN,21,2025-12-01
M007622,P096,OUT,181,2025-10-19
M007623,P033,OUT,134,2025-07-06
M007624,P032,OUT,87,2025-04-05
M007625,P089,OUT,91,2025-12-01
M007626,P085,IN,54,2025-09-22
M007627,P039,IN,56,2026-02-07
M007628,P090,IN,196,2025-12-17
M007629,P058,OUT,149,2025-09-28
M007630,P066,OUT,167,2026-02-07
M007631,P018,OUT,199,2025-10-21
M007632,P001,OUT,144,2025-07-08
M007633,P067,OUT,13,2026-01-11
M007634,P006,OUT,38,2025-12-12
M007635,P067,IN,95,2026-02-20
M007636,P008,OUT,104,2025-07-01
M007637,P062,IN,195,2025-10-09
M007638,P073,IN,6,2025-12-22
M007639,P070,IN,166,2025-06-05
M007640,P017,IN,10,2025-11-24
M007641,P098,OUT,14,2025-08-27
M007642,P082,IN,138,2025-08-06
M007643,P100,IN,22,2025-10-14
M007644,P056,IN,145,2025-07-04
M007645,P083,OUT,128,2025-09-28
M007646,P018,IN,70,2025-09-05
M007647,P009,IN,66,2025-12-06
M007648,P074,IN,177,2025-10-19
M007649,P011,IN,79,2025-07-20
M007650,P043,IN,15,2025-03-14
M007651,P010,IN,177,2025-11-18
M007652,P028,OUT,138,2025-08-14
M007653,P089,OUT,120,2025-11-10
M007654,P064,IN,157,2025-07-10
M007655,P053,IN,169,2025-05-06
M007656,P045,IN,183,2025-05-17
M007657,P081,IN,113,2025-04-27
M007658,P094,OUT,5,2025-07-03
M007659,P083,IN,86,2026-01-29
M007660,P053,IN,125,2026-02-25
M007661,P089,IN,44,2025-06-11
M007662,P052,IN,94,2025-07-08
M007663,P053,OUT,139,2025-12-04
M007664,P041,OUT,65,2025-05-28
M007665,P069,OUT,72,2025-07-20
M007666,P061,IN,89,2025-04-24
M007667,P022,OUT,7,2025-03-31
M007668,P018,OUT,90,2025-12-20
M007669,P044,IN,89,2025-09-14
M007670,P036,OUT,65,2025-11-29
M007671,P009,IN,135,2026-01-31
M007672,P045,IN,55,2025-12-15
M007673,P091,IN,191,2026-03-07
M007674,P002,IN,161,2025-10-23
M007675,P059,OUT,195,2026-01-03
M007676,P050,IN,55,2025-11-15
M007677,P065,OUT,200,2026-01-23
M007678,P036,IN,87,2025-09-27
M007679,P057,OUT,183,2025-04-22
M007680,P019,OUT,155,2025-04-02
M007681,P023,OUT,85,2025-12-31
M007682,P056,IN,167,2025-07-22
M007683,P046,OUT,144,2025-06-04
M007684,P072,IN,160,2025-11-01
M007685,P010,OUT,67,2025-12-31
M007686,P040,IN,193,2025-06-27
M007687,P100,OUT,173,2026-03-05
M007688,P096,OUT,39,2025-11-01
M007689,P041,IN,6,2025-06-23
M007690,P059,OUT,47,2026-02-03
M007691,P099,OUT,67,2025-05-10
M007692,P031,IN,16,2025-08-16
M007693,P043,OUT,82,2025-03-22
M007694,P078,OUT,130,2025-10-28
M007695,P093,IN,171,2025-07-21
M007696,P034,IN,158,2025-08-31
M007697,P014,IN,82,2025-08-03
M007698,P066,IN,12,2026-02-08
M007699,P069,OUT,184,2025-09-26
M007700,P045,OUT,104,2025-12-02
M007701,P090,OUT,148,2025-12-24
M007702,P006,IN,102,2026-01-04
M007703,P053,OUT,32,2025-11-25
M007704,P034,OUT,62,2025-07-10
M007705,P087,IN,173,2025-05-04
M007706,P090,IN,133,2025-07-02
M007707,P012,OUT,108,2026-03-03
M007708,P036,OUT,117,2025-10-16
M007709,P009,OUT,114,2025-08-13
M007710,P012,OUT,48,2025-05-16
M007711,P076,OUT,131,2025-04-22
M007712,P056,IN,147,2025-11-08
M007713,P006,IN,170,2025-04-22
M007714,P052,IN,73,2025-06-17
M007715,P049,OUT,102,2025-04-23
M007716,P038,IN,196,2026-01-29
M007717,P012,IN,78,2025-05-25
M007718,P080,OUT,26,2026-02-17
M007719,P028,OUT,135,2025-09-29
M007720,P100,IN,165,2025-06-24
M007721,P009,IN,73,2025-03-24
M007722,P004,IN,116,2025-11-28
M007723,P010,IN,102,2026-02-04
M007724,P025,IN,77,2026-01-31
M007725,P060,IN,80,2025-06-09
M007726,P069,IN,6,2026-01-23
M007727,P009,IN,105,2025-07-25
M007728,P054,OUT,172,2025-11-14
M007729,P019,OUT,140,2025-09-10
M007730,P097,OUT,71,2025-12-11
M007731,P058,IN,150,2025-07-28
M007732,P001,IN,166,2026-01-20
M007733,P023,OUT,14,2025-12-23
M007734,P065,OUT,84,2026-02-24
M007735,P065,OUT,29,2025-04-20
M007736,P094,OUT,113,2025-11-04
M007737,P011,IN,42,2026-02-21
M007738,P081,IN,81,2025-05-09
M007739,P031,OUT,72,2025-06-01
M007740,P086,IN,7,2025-10-13
M007741,P084,OUT,26,2025-06-13
M007742,P048,OUT,22,2026-01-30
M007743,P087,IN,167,2025-12-21
M007744,P044,OUT,195,2025-09-10
M007745,P021,OUT,33,2025-04-20
M007746,P073,IN,15,2025-10-29
M007747,P015,OUT,124,2025-11-07
M007748,P061,IN,102,2026-01-31
M007749,P067,OUT,84,2025-09-16
M007750,P036,OUT,143,2025-06-10
M007751,P047,OUT,112,2026-03-09
M007752,P100,OUT,34,2025-07-14
M007753,P017,OUT,22,2026-01-19
M007754,P029,IN,31,2026-01-30
M007755,P029,IN,50,2025-03-17
M007756,P018,IN,34,2025-08-11
M007757,P051,IN,25,2025-08-10
M007758,P034,IN,150,2026-02-13
M007759,P083,IN,84,2026-01-16
M007760,P093,OUT,135,2025-09-07
M007761,P066,IN,122,2025-12-04
M007762,P035,OUT,19,2025-09-07
M007763,P010,OUT,79,2025-05-30
M007764,P034,OUT,11,2026-02-04
M007765,P083,IN,20,2026-01-26
M007766,P062,IN,187,2025-05-21
M007767,P015,OUT,52,2025-04-10
M007768,P037,IN,140,2025-09-02
M007769,P091,OUT,140,2025-09-30
M007770,P039,OUT,7,2025-05-14
M007771,P010,IN,128,2025-04-20
M007772,P033,OUT,25,2025-07-06
M007773,P042,OUT,75,2025-07-31
M007774,P094,IN,100,2025-05-22
M007775,P055,OUT,170,2025-08-27
M007776,P024,IN,7,2026-02-23
M007777,P089,IN,97,2025-11-15
M007778,P080,OUT,15,2025-09-16
M007779,P061,IN,54,2025-11-24
M007780,P058,OUT,190,2025-04-05
M007781,P025,OUT,30,2025-10-16
M007782,P057,OUT,111,2025-06-23
M007783,P024,IN,158,2025-05-04
M007784,P100,OUT,2,2025-10-10
M007785,P057,IN,159,2025-08-08
M007786,P024,IN,20,2025-04-03
M007787,P056,IN,145,2025-09-17
M007788,P066,IN,168,2025-12-08
M007789,P014,OUT,200,2025-09-11
M007790,P026,OUT,156,2025-04-13
M007791,P034,OUT,142,2025-06-07
M007792,P031,IN,51,2026-03-01
M007793,P007,OUT,2,2026-02-13
M007794,P040,IN,68,2025-07-07
M007795,P088,OUT,75,2025-04-21
M007796,P096,OUT,25,2025-11-11
M007797,P062,IN,186,2025-10-15
M007798,P025,OUT,188,2025-03-22
M007799,P004,OUT,125,2025-11-16
M007800,P017,IN,40,2025-04-01
M007801,P052,IN,57,2025-09-08
M007802,P002,IN,129,2025-04-03
M007803,P044,OUT,134,2025-03-30
M007804,P018,OUT,13,2025-09-16
M007805,P064,IN,198,2026-01-20
M007806,P086,OUT,76,2026-01-20
M007807,P024,IN,98,2025-10-22
M007808,P022,IN,151,2025-08-22
M007809,P091,OUT,62,2025-10-14
M007810,P092,OUT,3,2025-11-23
M007811,P093,IN,82,2026-02-07
M007812,P078,IN,30,2026-01-12
M007813,P064,OUT,111,2025-07-25
M007814,P041,IN,153,2025-04-16
M007815,P025,IN,108,2025-09-05
M007816,P068,IN,130,2026-02-20
M007817,P079,OUT,32,2025-11-09
M007818,P002,IN,168,2025-10-15
M007819,P001,OUT,187,2025-09-19
M007820,P074,IN,2,2026-02-03
M007821,P005,IN,81,2026-01-31
M007822,P034,IN,4,2025-04-30
M007823,P073,OUT,136,2025-04-06
M007824,P005,IN,70,2025-04-25
M007825,P058,IN,200,2026-01-08
M007826,P073,OUT,127,2026-01-19
M007827,P050,OUT,79,2025-07-12
M007828,P016,IN,46,2025-04-20
M007829,P018,IN,109,2026-01-01
M007830,P017,OUT,41,2025-05-15
M007831,P045,IN,7,2025-06-23
M007832,P017,OUT,32,2025-11-15
M007833,P080,OUT,33,2025-11-13
M007834,P073,OUT,90,2025-10-04
M007835,P031,IN,61,2025-08-18
M007836,P048,IN,117,2025-07-31
M007837,P016,IN,181,2025-09-17
M007838,P034,OUT,8,2026-02-02
M007839,P064,OUT,154,2025-06-05
M007840,P033,IN,23,2025-05-12
M007841,P074,OUT,11,2025-07-30
M007842,P021,IN,197,2025-08-31
M007843,P083,IN,86,2025-07-31
M007844,P050,IN,97,2025-08-04
M007845,P056,OUT,76,2025-10-02
M007846,P040,IN,140,2025-08-15
M007847,P019,IN,51,2026-03-07
M007848,P073,OUT,168,2025-03-21
M007849,P010,OUT,151,2025-08-27
M007850,P092,IN,125,2025-04-19
M007851,P052,OUT,1,2025-05-16
M007852,P011,IN,9,2025-03-27
M007853,P067,IN,173,2025-06-11
M007854,P004,IN,155,2026-03-06
M007855,P086,IN,44,2025-12-29
M007856,P064,IN,90,2025-11-05
M007857,P080,IN,115,2026-01-31
M007858,P097,OUT,157,2025-08-22
M007859,P039,OUT,200,2025-08-15
M007860,P009,IN,67,2025-08-21
M007861,P031,OUT,96,2025-04-22
M007862,P045,IN,87,2025-12-21
M007863,P047,OUT,147,2025-12-21
M007864,P025,OUT,114,2025-07-20
M007865,P017,OUT,179,2026-02-28
M007866,P099,IN,17,2025-09-07
M007867,P073,OUT,80,2025-10-04
M007868,P069,IN,73,2025-07-01
M007869,P017,OUT,72,2025-12-31
M007870,P071,IN,116,2025-07-17
M007871,P027,IN,162,2025-11-20
M007872,P049,IN,28,2025-07-11
M007873,P017,OUT,21,2025-03-12
M007874,P001,IN,104,2026-01-13
M007875,P049,IN,48,2025-03-29
M007876,P098,IN,164,2026-01-11
M007877,P038,OUT,183,2026-01-02
M007878,P081,OUT,83,2025-06-04
M007879,P027,IN,35,2026-01-28
M007880,P092,OUT,91,2025-08-18
M007881,P019,OUT,144,2025-10-29
M007882,P072,IN,15,2025-03-17
M007883,P078,OUT,87,2025-12-15
M007884,P038,IN,151,2025-09-16
M007885,P088,IN,54,2025-08-28
M007886,P094,IN,179,2026-02-04
M007887,P009,OUT,8,2025-09-14
M007888,P093,IN,21,2025-10-31
M007889,P010,OUT,127,2026-01-19
M007890,P049,OUT,24,2025-06-21
M007891,P051,IN,188,2025-08-11
M007892,P092,OUT,148,2025-06-18
M007893,P030,IN,23,2025-10-15
M007894,P090,IN,152,2025-04-17
M007895,P042,OUT,62,2025-10-31
M007896,P100,OUT,140,2025-08-22
M007897,P040,OUT,43,2025-05-06
M007898,P048,OUT,190,2025-11-22
M007899,P097,OUT,21,2026-01-25
M007900,P061,IN,127,2026-02-13
M007901,P091,IN,85,2025-06-30
M007902,P032,OUT,99,2025-05-13
M007903,P004,IN,186,2025-12-22
M007904,P068,IN,56,2025-12-23
M007905,P005,IN,114,2025-05-10
M007906,P096,IN,6,2025-12-19
M007907,P052,IN,23,2025-10-25
M007908,P049,OUT,125,2025-08-26
M007909,P069,IN,177,2025-11-05
M007910,P094,IN,18,2025-10-15
M007911,P037,OUT,139,2026-01-20
M007912,P011,OUT,70,2026-03-07
M007913,P023,OUT,147,2025-08-20
M007914,P035,IN,103,2025-12-23
M007915,P092,OUT,184,2025-06-18
M007916,P011,IN,90,2025-04-29
M007917,P022,IN,120,2025-04-17
M007918,P039,IN,189,2025-05-13
M007919,P048,IN,153,2025-06-06
M007920,P011,IN,110,2025-08-06
M007921,P088,OUT,185,2025-10-11
M007922,P032,OUT,193,2025-06-13
M007923,P031,OUT,47,2025-07-08
M007924,P025,IN,190,2025-07-15
M007925,P100,IN,170,2025-06-23
M007926,P033,IN,43,2026-01-23
M007927,P021,OUT,66,2025-06-26
M007928,P027,IN,156,2025-07-05
M007929,P019,IN,142,2025-03-10
M007930,P077,OUT,52,2026-01-21
M007931,P069,OUT,91,2025-03-09
M007932,P059,OUT,185,2025-09-12
M007933,P053,IN,124,2026-01-17
M007934,P022,IN,93,2025-08-23
M007935,P055,OUT,174,2025-11-16
M007936,P052,IN,71,2025-09-25
M007937,P079,OUT,98,2026-02-28
M007938,P076,IN,189,2025-03-27
M007939,P098,IN,64,2025-11-04
M007940,P001,OUT,98,2025-06-17
M007941,P016,IN,113,2025-05-23
M007942,P049,OUT,124,2025-07-24
M007943,P008,IN,102,2025-10-07
M007944,P079,OUT,169,2026-01-24
M007945,P095,OUT,37,2026-01-18
M007946,P048,IN,193,2025-05-31
M007947,P006,IN,94,2025-07-09
M007948,P007,OUT,31,2025-05-26
M007949,P077,OUT,76,2025-07-30
M007950,P014,IN,146,2025-06-29
M007951,P002,OUT,121,2025-11-27
M007952,P083,OUT,43,2026-01-28
M007953,P033,OUT,82,2026-01-01
M007954,P020,IN,8,2025-08-15
M007955,P098,OUT,103,2025-10-23
M007956,P054,IN,45,2025-03-13
M007957,P071,IN,148,2025-12-15
M007958,P019,IN,143,2026-01-29
M007959,P064,OUT,64,2025-10-19
M007960,P096,IN,29,2025-04-17
M007961,P033,OUT,159,2025-05-11
M007962,P096,OUT,153,2025-09-05
M007963,P081,IN,21,2025-11-04
M007964,P078,OUT,100,2025-06-16
M007965,P065,IN,63,2025-10-09
M007966,P022,IN,112,2025-07-19
M007967,P099,IN,147,2025-10-04
M007968,P066,IN,154,2025-06-06
M007969,P030,OUT,173,2025-07-20
M007970,P019,IN,115,2025-06-07
M007971,P070,OUT,157,2025-11-02
M007972,P035,OUT,99,2026-01-24
M007973,P100,IN,114,2025-10-28
M007974,P059,OUT,150,2025-08-01
M007975,P004,OUT,155,2025-03-11
M007976,P015,IN,61,2025-06-15
M007977,P032,OUT,163,2025-10-31
M007978,P045,IN,62,2025-09-12
M007979,P100,OUT,84,2025-06-23
M007980,P018,OUT,88,2025-03-09
M007981,P080,IN,27,2025-10-27
M007982,P002,OUT,159,2025-06-06
M007983,P090,OUT,57,2025-07-25
M007984,P030,OUT,66,2025-08-31
M007985,P031,IN,194,2025-04-17
M007986,P055,OUT,40,2025-10-26
M007987,P070,IN,6,2026-01-24
M007988,P027,OUT,15,2025-10-02
M007989,P033,OUT,82,2025-05-04
M007990,P092,IN,174,2025-09-22
M007991,P011,OUT,185,2025-12-07
M007992,P069,OUT,136,2025-04-09
M007993,P053,OUT,108,2026-01-12
M007994,P068,IN,78,2025-09-12
M007995,P057,IN,29,2025-11-27
M007996,P020,OUT,149,2026-02-21
M007997,P007,OUT,3,2025-04-01
M007998,P063,IN,14,2025-03-16
M007999,P063,IN,16,2025-05-01
M008000,P094,OUT,161,2025-11-08
M008001,P071,OUT,105,2026-03-03
M008002,P090,OUT,80,2025-10-16
M008003,P001,OUT,149,2025-07-22
M008004,P096,IN,28,2025-08-03
M008005,P061,OUT,190,2025-12-20
M008006,P093,OUT,173,2025-09-07
M008007,P030,IN,154,2025-05-26
M008008,P035,OUT,95,2025-09-11
M008009,P044,IN,114,2025-12-21
M008010,P091,IN,109,2026-01-13
M008011,P084,IN,125,2025-08-30
M008012,P084,OUT,184,2025-04-27
M008013,P097,IN,112,2025-07-06
M008014,P040,IN,170,2025-05-16
M008015,P068,OUT,18,2025-05-13
M008016,P068,IN,77,2025-03-16
M008017,P071,IN,17,2025-05-17
M008018,P026,OUT,57,2025-08-16
M008019,P036,IN,162,2025-12-26
M008020,P096,OUT,106,2025-09-21
M008021,P055,OUT,102,2025-06-05
M008022,P072,IN,116,2025-11-10
M008023,P039,IN,113,2025-04-21
M008024,P097,IN,179,2025-07-08
M008025,P090,OUT,23,2025-05-21
M008026,P083,OUT,189,2025-04-22
M008027,P073,IN,107,2025-06-25
M008028,P076,OUT,93,2025-04-01
M008029,P014,IN,146,2025-04-16
M008030,P046,OUT,180,2025-11-22
M008031,P050,IN,11,2026-03-04
M008032,P076,IN,93,2026-01-22
M008033,P076,OUT,149,2026-01-16
M008034,P044,IN,26,2026-01-15
M008035,P089,IN,190,2025-06-05
M008036,P065,OUT,8,2025-05-10
M008037,P004,OUT,92,2025-03-18
M008038,P042,OUT,171,2025-10-29
M008039,P088,OUT,73,2025-11-11
M008040,P014,IN,170,2025-05-31
M008041,P013,IN,190,2025-10-09
M008042,P038,OUT,148,2025-11-11
M008043,P070,OUT,27,2025-12-04
M008044,P081,IN,144,2025-07-03
M008045,P038,OUT,94,2025-08-30
M008046,P057,OUT,171,2025-07-02
M008047,P043,OUT,109,2025-05-21
M008048,P010,IN,157,2025-12-27
M008049,P081,IN,43,2025-07-13
M008050,P067,IN,156,2025-08-03
M008051,P027,IN,139,2025-06-17
M008052,P074,OUT,21,2025-10-09
M008053,P028,IN,128,2025-07-26
M008054,P096,IN,56,2026-02-18
M008055,P059,OUT,125,2025-11-30
M008056,P047,IN,102,2026-03-03
M008057,P099,OUT,165,2025-06-11
M008058,P068,OUT,60,2025-06-28
M008059,P015,OUT,50,2025-11-15
M008060,P075,OUT,47,2025-08-03
M008061,P096,IN,57,2025-12-03
M008062,P025,OUT,165,2025-09-13
M008063,P037,OUT,173,2026-01-08
M008064,P042,IN,2,2025-07-21
M008065,P070,OUT,152,2026-01-14
M008066,P063,OUT,74,2025-10-22
M008067,P020,IN,165,2025-11-20
M008068,P054,OUT,9,2025-06-10
M008069,P097,OUT,115,2026-01-30
M008070,P060,IN,142,2025-12-26
M008071,P047,OUT,200,2025-10-09
M008072,P011,OUT,176,2025-09-17
M008073,P024,IN,43,2025-09-19
M008074,P031,OUT,187,2025-06-01
M008075,P002,IN,149,2025-09-15
M008076,P031,IN,107,2025-10-11
M008077,P087,IN,12,2026-02-07
M008078,P060,OUT,36,2025-11-04
M008079,P058,OUT,103,2025-12-03
M008080,P070,OUT,194,2025-07-22
M008081,P013,OUT,4,2025-09-20
M008082,P040,IN,113,2025-07-10
M008083,P021,IN,56,2025-12-07
M008084,P092,OUT,198,2026-01-03
M008085,P019,IN,19,2025-11-24
M008086,P067,IN,171,2025-12-18
M008087,P009,OUT,191,2025-11-06
M008088,P099,OUT,23,2025-04-18
M008089,P006,IN,45,2025-09-19
M008090,P095,IN,25,2025-10-14
M008091,P054,IN,96,2025-04-26
M008092,P081,OUT,53,2025-06-21
M008093,P094,IN,52,2025-09-11
M008094,P036,IN,181,2025-08-14
M008095,P096,IN,36,2025-08-31
M008096,P005,IN,12,2025-08-28
M008097,P073,IN,5,2026-02-13
M008098,P053,OUT,144,2026-03-09
M008099,P038,IN,21,2025-06-09
M008100,P082,OUT,47,2025-03-16
M008101,P060,IN,34,2025-10-05
M008102,P035,OUT,198,2026-02-16
M008103,P077,IN,111,2025-09-01
M008104,P052,IN,125,2025-08-06
M008105,P074,OUT,68,2025-08-10
M008106,P048,OUT,87,2025-03-12
M008107,P038,IN,65,2025-06-30
M008108,P017,IN,45,2026-02-01
M008109,P064,IN,127,2025-10-27
M008110,P020,OUT,40,2025-06-24
M008111,P015,IN,196,2025-06-10
M008112,P083,IN,200,2025-03-27
M008113,P034,OUT,59,2026-01-30
M008114,P021,OUT,91,2025-12-01
M008115,P050,IN,80,2025-09-13
M008116,P039,OUT,165,2025-06-06
M008117,P052,IN,200,2025-10-23
M008118,P063,OUT,2,2025-09-23
M008119,P078,OUT,143,2025-09-15
M008120,P030,IN,5,2025-06-23
M008121,P037,OUT,43,2025-06-04
M008122,P031,IN,162,2026-02-24
M008123,P062,OUT,86,2025-09-12
M008124,P007,IN,81,2025-08-21
M008125,P001,OUT,11,2025-07-16
M008126,P050,OUT,89,2025-09-29
M008127,P008,OUT,129,2025-09-13
M008128,P097,OUT,48,2025-05-28
M008129,P036,IN,133,2025-03-29
M008130,P066,IN,4,2025-03-13
M008131,P074,OUT,2,2025-03-31
M008132,P007,IN,92,2025-08-01
M008133,P038,IN,183,2026-02-01
M008134,P056,IN,72,2026-03-07
M008135,P003,IN,113,2025-11-19
M008136,P093,IN,112,2025-12-09
M008137,P079,IN,33,2025-06-18
M008138,P018,OUT,184,2026-01-05
M008139,P020,IN,95,2025-12-26
M008140,P092,IN,60,2025-05-07
M008141,P035,IN,66,2025-10-04
M008142,P070,OUT,65,2025-04-16
M008143,P034,OUT,21,2025-03-18
M008144,P073,OUT,27,2025-08-31
M008145,P006,OUT,103,2025-11-25
M008146,P093,IN,80,2025-10-12
M008147,P056,OUT,13,2025-04-26
M008148,P074,IN,92,2025-04-13
M008149,P065,IN,130,2025-10-23
M008150,P074,OUT,185,2025-04-06
M008151,P062,OUT,136,2025-03-13
M008152,P096,IN,16,2026-02-07
M008153,P091,IN,172,2025-09-28
M008154,P020,OUT,98,2025-05-22
M008155,P026,OUT,139,2025-12-15
M008156,P039,IN,106,2025-06-19
M008157,P014,OUT,95,2026-02-18
M008158,P010,OUT,121,2026-02-19
M008159,P051,OUT,135,2026-01-07
M008160,P090,OUT,180,2025-12-20
M008161,P044,OUT,50,2025-10-18
M008162,P056,IN,75,2025-05-08
M008163,P077,OUT,122,2025-12-02
M008164,P100,IN,44,2025-03-29
M008165,P066,OUT,65,2025-10-02
M008166,P024,OUT,101,2025-05-06
M008167,P089,OUT,78,2025-10-08
M008168,P007,OUT,9,2026-03-05
M008169,P062,IN,128,2025-12-16
M008170,P095,OUT,146,2025-07-29
M008171,P004,IN,113,2025-11-07
M008172,P008,IN,17,2026-01-01
M008173,P050,IN,186,2026-03-04
M008174,P012,OUT,57,2025-10-26
M008175,P049,OUT,61,2025-06-01
M008176,P027,IN,191,2026-02-13
M008177,P003,OUT,192,2025-12-14
M008178,P088,IN,5,2026-01-28
M008179,P003,IN,45,2025-11-07
M008180,P013,OUT,152,2025-03-09
M008181,P085,OUT,3,2025-04-29
M008182,P032,IN,115,2026-02-10
M008183,P024,IN,79,2026-01-07
M008184,P007,IN,32,2025-12-19
M008185,P058,OUT,91,2025-10-10
M008186,P004,IN,176,2026-02-28
M008187,P061,IN,141,2026-03-02
M008188,P069,OUT,64,2025-09-21
M008189,P042,IN,123,2025-08-04
M008190,P092,IN,129,2026-01-28
M008191,P066,IN,158,2025-12-04
M008192,P003,IN,128,2025-03-15
M008193,P028,OUT,191,2026-01-07
M008194,P076,OUT,102,2025-09-29
M008195,P017,OUT,126,2025-09-27
M008196,P073,OUT,150,2025-03-24
M008197,P093,IN,190,2025-11-24
M008198,P089,OUT,158,2025-12-02
M008199,P010,IN,71,2025-07-29
M008200,P057,IN,67,2025-04-30
M008201,P052,OUT,24,2025-06-09
M008202,P061,OUT,128,2025-10-24
M008203,P023,IN,141,2025-06-28
M008204,P003,IN,70,2025-03-29
M008205,P049,IN,141,2025-06-03
M008206,P009,IN,18,2025-07-04
M008207,P084,OUT,175,2026-02-25
M008208,P002,IN,126,2025-06-14
M008209,P056,OUT,151,2026-02-12
M008210,P089,OUT,65,2025-11-24
M008211,P005,IN,119,2026-03-06
M008212,P097,OUT,72,2025-10-31
M008213,P086,OUT,28,2025-12-08
M008214,P073,IN,200,2025-11-25
M008215,P056,IN,54,2025-03-12
M008216,P084,OUT,4,2025-04-27
M008217,P082,IN,186,2025-09-17
M008218,P015,OUT,74,2025-05-03
M008219,P028,IN,154,2025-12-13
M008220,P066,OUT,25,2025-06-03
M008221,P099,IN,191,2026-03-06
M008222,P007,IN,43,2026-01-14
M008223,P056,IN,2,2025-07-03
M008224,P070,IN,57,2025-07-05
M008225,P100,IN,181,2025-10-20
M008226,P062,OUT,109,2025-06-01
M008227,P030,OUT,3,2025-08-31
M008228,P037,IN,89,2025-03-10
M008229,P072,IN,88,2025-03-21
M008230,P014,OUT,177,2025-09-05
M008231,P025,IN,74,2025-03-24
M008232,P089,OUT,134,2025-10-26
M008233,P014,IN,136,2026-02-28
M008234,P077,OUT,137,2026-01-15
M008235,P041,IN,177,2025-03-27
M008236,P035,IN,5,2025-09-30
M008237,P056,OUT,94,2025-05-11
M008238,P079,OUT,191,2025-07-04
M008239,P036,IN,113,2026-02-05
M008240,P088,IN,34,2025-10-16
M008241,P097,IN,4,2025-08-23
M008242,P043,IN,156,2025-08-29
M008243,P002,IN,182,2026-02-28
M008244,P031,OUT,142,2026-02-12
M008245,P055,OUT,79,2025-05-22
M008246,P026,IN,11,2025-06-01
M008247,P067,IN,137,2025-11-14
M008248,P081,IN,179,2025-10-01
M008249,P019,OUT,194,2025-05-23
M008250,P076,IN,22,2025-10-25
M008251,P058,OUT,139,2026-01-08
M008252,P024,OUT,104,2025-05-06
M008253,P007,IN,102,2025-03-17
M008254,P046,OUT,49,2025-11-09
M008255,P073,OUT,131,2026-01-17
M008256,P046,IN,167,2025-10-30
M008257,P007,IN,55,2025-04-22
M008258,P042,IN,132,2025-09-30
M008259,P044,IN,58,2025-08-15
M008260,P036,IN,114,2025-08-16
M008261,P044,IN,193,2025-08-20
M008262,P026,IN,68,2025-05-17
M008263,P006,OUT,171,2025-07-15
M008264,P040,IN,88,2025-03-23
M008265,P049,IN,15,2025-09-14
M008266,P066,IN,44,2025-07-13
M008267,P094,IN,9,2025-03-15
M008268,P011,OUT,129,2025-04-09
M008269,P065,OUT,34,2026-01-12
M008270,P030,IN,188,2026-01-16
M008271,P054,OUT,69,2025-09-28
M008272,P013,OUT,153,2025-08-17
M008273,P003,IN,63,2025-04-17
M008274,P001,IN,17,2026-02-10
M008275,P013,OUT,88,2025-03-29
M008276,P095,OUT,199,2025-03-23
M008277,P046,IN,114,2025-04-19
M008278,P098,IN,159,2025-05-03
M008279,P067,OUT,165,2025-11-21
M008280,P060,IN,116,2025-05-30
M008281,P036,IN,155,2026-01-06
M008282,P068,IN,30,2025-05-06
M008283,P063,IN,60,2025-10-21
M008284,P098,IN,171,2025-07-03
M008285,P089,OUT,162,2025-03-11
M008286,P069,IN,37,2025-11-04
M008287,P074,IN,129,2025-05-01
M008288,P001,IN,187,2025-08-07
M008289,P027,IN,140,2025-11-19
M008290,P048,OUT,28,2025-08-06
M008291,P003,IN,198,2025-10-31
M008292,P092,IN,6,2025-04-12
M008293,P073,OUT,183,2025-06-05
M008294,P003,OUT,12,2025-11-26
M008295,P053,OUT,66,2025-06-02
M008296,P056,IN,67,2025-11-18
M008297,P096,OUT,200,2025-05-05
M008298,P039,OUT,199,2026-02-23
M008299,P050,IN,41,2025-06-21
M008300,P010,IN,117,2026-02-23
M008301,P012,OUT,187,2025-09-21
M008302,P076,IN,173,2025-05-05
M008303,P075,OUT,65,2025-09-03
M008304,P008,IN,103,2025-10-10
M008305,P054,IN,96,2026-01-30
M008306,P088,IN,68,2025-03-20
M008307,P055,OUT,44,2025-04-04
M008308,P037,IN,23,2025-06-28
M008309,P057,OUT,80,2025-04-18
M008310,P012,OUT,165,2025-05-28
M008311,P085,IN,167,2025-09-13
M008312,P051,OUT,58,2025-08-23
M008313,P002,IN,164,2025-08-13
M008314,P079,IN,17,2025-08-15
M008315,P036,IN,151,2025-04-14
M008316,P082,OUT,18,2025-05-16
M008317,P068,OUT,21,2025-10-13
M008318,P026,IN,173,2025-03-25
M008319,P043,IN,166,2025-06-17
M008320,P031,OUT,149,2025-10-25
M008321,P002,OUT,72,2025-03-13
M008322,P068,IN,26,2025-07-07
M008323,P023,OUT,153,2025-04-29
M008324,P060,IN,128,2025-11-11
M008325,P029,IN,55,2025-09-13
M008326,P046,IN,151,2025-06-12
M008327,P028,IN,141,2025-11-09
M008328,P072,OUT,114,2026-03-02
M008329,P037,OUT,121,2025-08-06
M008330,P055,OUT,44,2025-05-29
M008331,P084,IN,50,2025-05-27
M008332,P001,IN,120,2025-09-08
M008333,P071,IN,132,2026-02-25
M008334,P053,OUT,68,2026-01-22
M008335,P016,IN,193,2025-09-07
M008336,P025,OUT,25,2025-07-10
M008337,P061,IN,168,2025-12-12
M008338,P014,OUT,71,2026-02-22
M008339,P062,IN,140,2025-06-17
M008340,P095,OUT,89,2025-11-24
M008341,P039,IN,77,2025-08-28
M008342,P089,OUT,11,2026-02-26
M008343,P039,IN,70,2025-08-20
M008344,P054,OUT,137,2026-01-06
M008345,P017,OUT,190,2025-09-02
M008346,P091,OUT,122,2025-07-20
M008347,P040,IN,68,2025-08-04
M008348,P028,OUT,166,2025-12-18
M008349,P026,IN,12,2025-08-24
M008350,P027,IN,21,2025-07-30
M008351,P078,IN,52,2025-05-13
M008352,P099,IN,33,2025-03-29
M008353,P053,IN,149,2025-06-13
M008354,P017,IN,147,2025-12-04
M008355,P070,IN,11,2025-07-13
M008356,P030,OUT,197,2025-08-03
M008357,P062,OUT,24,2025-06-04
M008358,P025,OUT,6,2026-02-17
M008359,P056,OUT,150,2025-05-11
M008360,P006,IN,109,2025-03-30
M008361,P007,OUT,39,2025-06-26
M008362,P038,OUT,197,2026-01-31
M008363,P006,OUT,25,2025-12-08
M008364,P037,OUT,13,2025-03-14
M008365,P018,IN,112,2025-03-10
M008366,P009,IN,4,2025-04-06
M008367,P029,OUT,28,2025-10-09
M008368,P077,IN,126,2025-04-28
M008369,P041,IN,194,2025-07-03
M008370,P008,OUT,112,2025-10-16
M008371,P057,IN,110,2025-06-06
M008372,P004,IN,82,2025-07-20
M008373,P030,OUT,189,2025-08-14
M008374,P091,OUT,190,2026-02-07
M008375,P004,IN,81,2025-05-20
M008376,P079,OUT,112,2026-02-22
M008377,P089,OUT,90,2025-05-25
M008378,P088,IN,2,2025-08-08
M008379,P019,IN,194,2025-09-17
M008380,P039,OUT,141,2025-08-04
M008381,P004,OUT,98,2026-03-02
M008382,P068,OUT,60,2025-11-11
M008383,P048,IN,85,2025-09-27
M008384,P008,OUT,197,2026-02-26
M008385,P059,OUT,17,2025-05-12
M008386,P093,IN,83,2026-03-02
M008387,P042,IN,189,2025-05-04
M008388,P012,OUT,131,2025-05-28
M008389,P030,IN,111,2025-05-21
M008390,P099,OUT,89,2025-10-30
M008391,P064,OUT,89,2025-09-09
M008392,P008,OUT,49,2025-08-21
M008393,P094,IN,12,2025-11-02
M008394,P089,OUT,165,2026-01-06
M008395,P061,IN,45,2025-07-16
M008396,P062,IN,55,2025-05-03
M008397,P100,OUT,189,2025-07-26
M008398,P035,IN,194,2025-07-16
M008399,P004,IN,76,2025-10-09
M008400,P054,OUT,159,2025-05-27
M008401,P090,IN,82,2025-03-12
M008402,P082,OUT,198,2026-01-20
M008403,P088,OUT,200,2025-08-04
M008404,P055,OUT,194,2026-01-22
M008405,P023,OUT,10,2025-10-29
M008406,P061,IN,74,2025-07-14
M008407,P039,OUT,83,2025-11-08
M008408,P026,IN,193,2025-04-18
M008409,P024,OUT,69,2025-12-26
M008410,P002,IN,69,2025-11-29
M008411,P008,IN,116,2025-05-14
M008412,P047,OUT,154,2025-09-29
M008413,P093,IN,191,2025-12-05
M008414,P010,IN,106,2025-06-23
M008415,P050,IN,193,2025-05-04
M008416,P005,IN,77,2026-01-10
M008417,P067,OUT,135,2025-04-24
M008418,P049,IN,26,2025-05-20
M008419,P042,IN,194,2026-02-25
M008420,P063,IN,58,2025-04-27
M008421,P086,IN,110,2026-03-02
M008422,P002,OUT,184,2025-04-26
M008423,P047,IN,95,2025-09-11
M008424,P091,IN,5,2025-12-31
M008425,P047,OUT,84,2026-01-01
M008426,P041,IN,100,2025-07-27
M008427,P001,OUT,84,2025-03-26
M008428,P083,OUT,31,2025-04-29
M008429,P032,OUT,97,2025-09-21
M008430,P098,OUT,41,2025-06-03
M008431,P018,IN,196,2025-10-19
M008432,P050,IN,64,2025-10-08
M008433,P027,OUT,118,2025-07-11
M008434,P089,OUT,100,2026-02-27
M008435,P068,OUT,5,2025-11-01
M008436,P010,IN,177,2025-10-07
M008437,P007,OUT,54,2025-07-05
M008438,P007,OUT,121,2025-10-01
M008439,P009,IN,82,2026-03-09
M008440,P048,OUT,38,2025-03-30
M008441,P077,IN,195,2025-12-30
M008442,P094,OUT,42,2025-03-31
M008443,P051,OUT,75,2025-08-19
M008444,P062,IN,7,2025-08-21
M008445,P012,OUT,190,2025-11-16
M008446,P061,IN,74,2026-03-01
M008447,P015,OUT,83,2026-01-13
M008448,P017,OUT,127,2025-12-01
M008449,P019,IN,154,2025-06-18
M008450,P084,OUT,35,2025-07-29
M008451,P077,OUT,12,2025-06-03
M008452,P005,IN,15,2025-08-14
M008453,P031,IN,112,2025-10-21
M008454,P002,OUT,30,2025-08-08
M008455,P029,IN,121,2025-08-16
M008456,P006,OUT,63,2025-09-18
M008457,P093,OUT,156,2025-12-30
M008458,P100,OUT,30,2025-04-05
M008459,P072,IN,175,2025-05-23
M008460,P020,OUT,35,2025-10-12
M008461,P079,OUT,197,2025-06-13
M008462,P031,IN,177,2025-08-12
M008463,P051,IN,132,2025-05-02
M008464,P023,OUT,162,2025-12-15
M008465,P082,OUT,133,2026-01-19
M008466,P017,IN,168,2025-10-05
M008467,P036,IN,189,2026-01-07
M008468,P018,OUT,39,2025-07-11
M008469,P002,IN,93,2025-11-27
M008470,P044,IN,12,2025-07-18
M008471,P075,OUT,161,2025-09-11
M008472,P046,OUT,148,2026-01-02
M008473,P081,IN,30,2025-09-04
M008474,P086,OUT,38,2025-06-18
M008475,P013,IN,4,2025-09-22
M008476,P042,IN,5,2025-08-17
M008477,P080,OUT,62,2025-05-13
M008478,P080,IN,121,2025-07-06
M008479,P065,IN,163,2026-01-12
M008480,P083,OUT,84,2025-03-29
M008481,P071,OUT,60,2025-12-10
M008482,P099,IN,12,2025-03-28
M008483,P022,IN,81,2026-02-06
M008484,P007,OUT,63,2026-01-15
M008485,P071,IN,95,2025-10-11
M008486,P070,OUT,122,2025-09-23
M008487,P086,IN,153,2025-12-26
M008488,P079,IN,55,2025-05-27
M008489,P017,IN,196,2025-03-22
M008490,P036,OUT,141,2025-06-26
M008491,P018,OUT,148,2025-10-18
M008492,P061,IN,175,2025-04-06
M008493,P005,IN,128,2025-03-17
M008494,P050,OUT,197,2026-01-21
M008495,P055,IN,57,2025-12-06
M008496,P090,OUT,113,2026-02-01
M008497,P073,IN,25,2025-09-13
M008498,P064,IN,89,2026-02-10
M008499,P088,IN,103,2025-12-08
M008500,P006,IN,102,2025-09-10
M008501,P038,OUT,101,2025-12-22
M008502,P046,IN,128,2025-11-05
M008503,P072,OUT,15,2025-11-28
M008504,P090,OUT,153,2025-06-05
M008505,P034,OUT,107,2026-02-02
M008506,P046,OUT,106,2025-09-29
M008507,P095,OUT,152,2025-08-21
M008508,P068,IN,165,2025-12-05
M008509,P010,OUT,8,2025-07-21
M008510,P013,IN,2,2025-12-18
M008511,P080,IN,10,2025-12-20
M008512,P080,OUT,31,2025-07-16
M008513,P072,IN,72,2025-07-01
M008514,P059,IN,75,2025-11-16
M008515,P014,IN,94,2025-12-09
M008516,P029,IN,47,2025-11-03
M008517,P068,IN,106,2025-06-05
M008518,P099,OUT,159,2025-05-15
M008519,P073,IN,173,2025-12-27
M008520,P025,OUT,198,2025-06-15
M008521,P050,IN,116,2025-11-01
M008522,P028,IN,30,2025-10-01
M008523,P052,IN,117,2025-12-22
M008524,P059,IN,1,2025-11-29
M008525,P032,IN,12,2025-04-14
M008526,P006,OUT,160,2026-02-27
M008527,P017,IN,93,2025-09-09
M008528,P066,OUT,7,2025-12-30
M008529,P077,OUT,41,2025-04-14
M008530,P027,OUT,117,2025-10-06
M008531,P067,IN,174,2025-09-20
M008532,P047,OUT,66,2025-03-21
M008533,P046,OUT,19,2025-07-24
M008534,P089,IN,85,2025-09-28
M008535,P056,IN,78,2025-09-03
M008536,P099,IN,1,2025-07-06
M008537,P095,OUT,113,2025-05-10
M008538,P087,IN,159,2025-08-19
M008539,P052,IN,35,2025-08-15
M008540,P065,OUT,199,2026-01-28
M008541,P018,OUT,191,2026-01-03
M008542,P016,OUT,49,2025-08-10
M008543,P084,OUT,92,2025-07-06
M008544,P046,OUT,128,2025-03-28
M008545,P079,IN,40,2025-05-10
M008546,P081,OUT,111,2025-11-12
M008547,P041,IN,71,2025-08-02
M008548,P052,IN,184,2025-11-08
M008549,P082,OUT,56,2026-03-03
M008550,P090,IN,31,2026-01-25
M008551,P042,IN,122,2025-09-21
M008552,P073,IN,160,2025-11-14
M008553,P055,IN,136,2026-02-18
M008554,P048,IN,114,2025-08-07
M008555,P003,IN,75,2026-01-22
M008556,P095,OUT,153,2026-02-28
M008557,P046,OUT,137,2025-04-08
M008558,P059,OUT,52,2026-01-21
M008559,P076,IN,139,2025-05-08
M008560,P049,OUT,92,2025-11-03
M008561,P094,IN,138,2025-06-08
M008562,P096,IN,47,2025-08-03
M008563,P018,IN,116,2025-10-11
M008564,P030,IN,70,2025-07-10
M008565,P029,IN,23,2025-10-08
M008566,P070,OUT,152,2025-12-12
M008567,P083,IN,85,2025-10-02
M008568,P021,IN,78,2025-08-17
M008569,P002,IN,194,2025-09-18
M008570,P045,OUT,18,2026-01-28
M008571,P067,OUT,78,2025-06-05
M008572,P026,OUT,147,2025-12-26
M008573,P037,OUT,142,2026-02-26
M008574,P010,IN,196,2025-07-30
M008575,P026,IN,177,2026-02-16
M008576,P076,OUT,118,2025-07-11
M008577,P071,IN,160,2025-10-16
M008578,P021,OUT,185,2026-01-14
M008579,P094,OUT,49,2026-02-21
M008580,P050,IN,1,2025-06-04
M008581,P073,OUT,141,2025-11-06
M008582,P098,OUT,116,2025-06-12
M008583,P006,IN,69,2025-09-10
M008584,P083,IN,179,2025-09-10
M008585,P044,OUT,102,2025-06-30
M008586,P016,IN,187,2025-09-09
M008587,P042,IN,183,2025-08-03
M008588,P056,IN,168,2025-12-09
M008589,P064,IN,162,2025-03-25
M008590,P015,IN,27,2025-12-11
M008591,P033,OUT,163,2026-02-27
M008592,P010,OUT,111,2026-01-31
M008593,P040,IN,79,2025-12-26
M008594,P037,OUT,145,2025-06-17
M008595,P061,IN,84,2025-04-18
M008596,P073,OUT,194,2025-07-26
M008597,P097,OUT,176,2025-05-18
M008598,P010,OUT,153,2025-12-13
M008599,P015,OUT,118,2025-08-15
M008600,P087,IN,13,2025-06-25
M008601,P075,IN,123,2026-01-11
M008602,P026,OUT,40,2025-04-01
M008603,P084,IN,170,2025-06-20
M008604,P088,IN,63,2025-05-07
M008605,P012,IN,167,2025-07-05
M008606,P088,IN,166,2025-03-19
M008607,P089,OUT,83,2025-12-25
M008608,P058,IN,71,2025-06-20
M008609,P046,OUT,68,2025-10-05
M008610,P072,IN,107,2025-03-10
M008611,P060,OUT,143,2025-12-29
M008612,P020,IN,197,2025-09-25
M008613,P071,OUT,151,2026-01-07
M008614,P042,IN,47,2025-10-26
M008615,P069,OUT,33,2025-07-21
M008616,P036,IN,46,2025-10-06
M008617,P032,IN,155,2025-09-14
M008618,P037,OUT,9,2025-04-29
M008619,P075,OUT,55,2025-08-14
M008620,P062,IN,63,2026-01-11
M008621,P002,IN,153,2025-06-07
M008622,P052,OUT,175,2026-03-06
M008623,P052,IN,144,2025-08-16
M008624,P088,OUT,153,2025-06-15
M008625,P062,IN,54,2026-01-22
M008626,P010,IN,93,2025-10-27
M008627,P006,IN,78,2025-11-20
M008628,P088,OUT,156,2025-12-03
M008629,P073,OUT,154,2025-09-19
M008630,P042,OUT,94,2025-12-02
M008631,P086,OUT,172,2025-04-11
M008632,P044,OUT,138,2025-11-12
M008633,P017,IN,34,2025-07-17
M008634,P066,OUT,115,2025-12-29
M008635,P068,IN,24,2026-03-05
M008636,P007,OUT,185,2025-04-03
M008637,P094,IN,5,2025-12-07
M008638,P037,OUT,69,2026-01-11
M008639,P066,IN,32,2025-05-17
M008640,P002,OUT,102,2025-09-11
M008641,P073,IN,120,2025-12-03
M008642,P054,IN,70,2025-12-18
M008643,P054,IN,36,2026-01-12
M008644,P071,OUT,45,2026-01-31
M008645,P092,OUT,32,2026-01-15
M008646,P010,IN,176,2025-10-06
M008647,P087,OUT,22,2025-10-30
M008648,P004,OUT,137,2026-01-28
M008649,P073,IN,50,2025-04-26
M008650,P091,IN,54,2025-12-07
M008651,P070,OUT,103,2026-01-14
M008652,P039,OUT,128,2025-05-10
M008653,P017,IN,62,2025-12-10
M008654,P007,IN,5,2025-08-28
M008655,P027,IN,64,2025-07-07
M008656,P006,OUT,59,2026-02-17
M008657,P084,OUT,58,2025-03-09
M008658,P005,IN,21,2025-12-14
M008659,P021,OUT,58,2025-12-09
M008660,P019,OUT,58,2025-08-08
M008661,P021,OUT,155,2025-12-13
M008662,P004,OUT,41,2026-02-02
M008663,P003,IN,178,2025-05-07
M008664,P015,IN,150,2025-09-08
M008665,P015,OUT,189,2025-10-12
M008666,P025,OUT,186,2026-01-16
M008667,P053,OUT,200,2025-05-19
M008668,P071,IN,13,2025-09-16
M008669,P059,OUT,198,2025-10-11
M008670,P045,OUT,58,2026-01-09
M008671,P057,IN,113,2025-03-24
M008672,P058,IN,198,2025-05-08
M008673,P031,IN,112,2025-09-23
M008674,P074,OUT,93,2025-10-12
M008675,P010,IN,96,2025-09-22
M008676,P025,IN,117,2025-10-31
M008677,P065,OUT,74,2025-11-03
M008678,P056,OUT,197,2025-06-26
M008679,P042,OUT,116,2025-06-19
M008680,P057,IN,146,2025-12-13
M008681,P010,OUT,64,2026-02-12
M008682,P076,IN,7,2025-07-19
M008683,P074,IN,66,2025-06-13
M008684,P035,IN,31,2026-03-07
M008685,P089,OUT,177,2025-11-15
M008686,P073,IN,50,2025-05-11
M008687,P068,OUT,80,2025-05-24
M008688,P029,IN,42,2025-08-02
M008689,P023,IN,124,2025-05-15
M008690,P006,OUT,87,2025-10-24
M008691,P057,OUT,164,2026-01-30
M008692,P016,IN,79,2025-03-22
M008693,P062,OUT,198,2025-10-19
M008694,P024,OUT,58,2025-10-28
M008695,P085,OUT,195,2025-08-30
M008696,P032,OUT,142,2025-08-03
M008697,P028,IN,107,2026-01-12
M008698,P061,IN,70,2025-10-25
M008699,P075,IN,156,2025-12-16
M008700,P002,OUT,14,2025-10-01
M008701,P069,IN,45,2025-04-14
M008702,P024,IN,15,2025-06-29
M008703,P061,IN,138,2025-10-03
M008704,P082,IN,83,2025-09-05
M008705,P044,IN,187,2025-05-31
M008706,P010,IN,126,2025-03-09
M008707,P007,IN,129,2025-12-24
M008708,P020,IN,73,2025-08-17
M008709,P010,IN,74,2026-02-27
M008710,P056,IN,108,2025-05-21
M008711,P081,OUT,115,2025-10-09
M008712,P082,OUT,100,2025-09-24
M008713,P061,IN,109,2025-07-06
M008714,P035,OUT,178,2025-03-16
M008715,P014,IN,121,2025-12-28
M008716,P077,IN,147,2025-03-24
M008717,P091,IN,55,2025-07-04
M008718,P040,IN,90,2026-01-06
M008719,P034,IN,74,2025-09-26
M008720,P008,IN,159,2025-05-12
M008721,P073,OUT,25,2025-06-28
M008722,P081,IN,163,2025-10-04
M008723,P096,OUT,9,2025-08-13
M008724,P019,OUT,132,2025-11-10
M008725,P049,OUT,43,2025-05-13
M008726,P022,IN,62,2025-06-07
M008727,P017,IN,114,2025-03-30
M008728,P034,IN,23,2025-06-08
M008729,P085,OUT,36,2025-09-25
M008730,P008,OUT,186,2025-06-02
M008731,P089,OUT,69,2025-08-05
M008732,P080,OUT,72,2025-09-25
M008733,P030,IN,185,2025-07-30
M008734,P096,OUT,181,2026-01-03
M008735,P100,IN,166,2026-01-18
M008736,P046,IN,198,2026-02-15
M008737,P021,OUT,5,2025-04-22
M008738,P031,OUT,72,2025-07-06
M008739,P094,OUT,61,2025-07-14
M008740,P048,OUT,136,2025-12-02
M008741,P085,IN,184,2025-08-29
M008742,P042,OUT,48,2025-05-26
M008743,P095,IN,165,2025-03-23
M008744,P080,IN,13,2025-09-27
M008745,P051,IN,102,2025-06-22
M008746,P092,OUT,122,2025-04-06
M008747,P067,IN,153,2025-10-15
M008748,P071,OUT,21,2026-02-20
M008749,P066,OUT,3,2025-08-18
M008750,P049,OUT,37,2025-08-10
M008751,P065,IN,92,2025-06-23
M008752,P084,OUT,39,2025-06-28
M008753,P096,IN,200,2026-01-21
M008754,P079,OUT,197,2025-04-02
M008755,P022,OUT,23,2025-10-16
M008756,P078,IN,198,2025-03-27
M008757,P028,IN,140,2025-12-26
M008758,P094,OUT,118,2025-09-20
M008759,P099,IN,45,2025-08-03
M008760,P021,IN,200,2025-05-25
M008761,P059,OUT,64,2025-06-04
M008762,P052,OUT,115,2025-08-08
M008763,P051,IN,170,2025-05-27
M008764,P029,IN,115,2025-06-05
M008765,P061,IN,75,2025-11-30
M008766,P090,IN,27,2025-10-01
M008767,P020,IN,150,2025-10-11
M008768,P065,OUT,160,2025-10-10
M008769,P036,IN,188,2025-11-25
M008770,P023,OUT,6,2025-07-20
M008771,P044,OUT,86,2026-01-19
M008772,P011,IN,87,2026-01-09
M008773,P090,OUT,15,2025-04-13
M008774,P014,OUT,60,2025-12-17
M008775,P030,OUT,120,2025-07-16
M008776,P012,IN,37,2025-09-08
M008777,P057,OUT,45,2026-01-23
M008778,P036,IN,187,2025-10-16
M008779,P093,OUT,163,2025-08-30
M008780,P012,IN,119,2025-11-16
M008781,P050,IN,155,2025-08-20
M008782,P098,OUT,7,2025-08-05
M008783,P030,OUT,90,2025-04-26
M008784,P056,OUT,187,2025-11-08
M008785,P055,OUT,86,2025-04-04
M008786,P019,IN,34,2025-07-22
M008787,P045,OUT,188,2025-03-20
M008788,P079,IN,44,2025-12-30
M008789,P047,IN,74,2025-06-01
M008790,P066,OUT,17,2025-09-22
M008791,P017,OUT,200,2025-05-28
M008792,P094,IN,81,2025-07-30
M008793,P093,IN,191,2026-01-31
M008794,P078,IN,56,2026-02-28
M008795,P033,IN,140,2025-06-12
M008796,P050,IN,162,2025-08-07
M008797,P019,OUT,9,2025-10-06
M008798,P082,OUT,59,2025-05-25
M008799,P008,IN,150,2025-11-05
M008800,P077,OUT,20,2025-05-31
M008801,P046,IN,117,2026-01-04
M008802,P044,IN,173,2025-04-07
M008803,P056,IN,96,2025-06-14
M008804,P033,IN,25,2025-07-01
M008805,P090,IN,127,2026-03-06
M008806,P085,IN,96,2025-05-01
M008807,P074,OUT,193,2025-08-17
M008808,P059,OUT,51,2025-04-28
M008809,P082,OUT,54,2025-10-12
M008810,P077,IN,153,2025-05-23
M008811,P090,OUT,186,2026-02-13
M008812,P019,IN,154,2025-08-07
M008813,P055,OUT,83,2026-02-28
M008814,P061,IN,130,2025-07-02
M008815,P055,IN,74,2025-07-25
M008816,P077,IN,161,2026-02-18
M008817,P043,IN,182,2025-04-12
M008818,P049,OUT,35,2025-03-28
M008819,P098,OUT,77,2025-06-05
M008820,P003,IN,52,2025-07-29
M008821,P009,OUT,191,2025-08-18
M008822,P062,OUT,2,2026-02-12
M008823,P016,IN,91,2025-05-16
M008824,P072,OUT,136,2025-06-29
M008825,P071,IN,174,2025-04-19
M008826,P099,OUT,80,2025-04-21
M008827,P058,IN,189,2026-02-13
M008828,P067,OUT,139,2025-12-12
M008829,P061,OUT,101,2025-04-24
M008830,P034,OUT,83,2025-04-14
M008831,P002,IN,33,2025-09-06
M008832,P007,OUT,48,2026-02-22
M008833,P037,OUT,198,2025-12-31
M008834,P053,IN,14,2026-02-18
M008835,P007,IN,95,2025-07-24
M008836,P032,OUT,164,2025-03-09
M008837,P016,IN,44,2025-12-02
M008838,P094,IN,47,2026-02-14
M008839,P028,IN,169,2026-03-09
M008840,P033,OUT,85,2025-06-11
M008841,P010,OUT,2,2026-01-19
M008842,P074,OUT,40,2026-02-14
M008843,P078,IN,55,2025-08-22
M008844,P033,IN,179,2025-04-11
M008845,P050,IN,181,2026-02-18
M008846,P094,OUT,134,2025-05-22
M008847,P018,OUT,1,2025-05-25
M008848,P018,IN,104,2025-04-12
M008849,P025,OUT,38,2025-06-23
M008850,P026,OUT,105,2025-10-01
M008851,P089,IN,28,2026-03-02
M008852,P041,IN,67,2026-03-03
M008853,P045,IN,1,2025-06-04
M008854,P023,OUT,170,2025-04-03
M008855,P014,OUT,11,2025-04-28
M008856,P074,IN,3,2025-05-01
M008857,P021,IN,122,2025-12-15
M008858,P002,IN,180,2025-06-16
M008859,P099,OUT,125,2025-08-19
M008860,P036,IN,192,2025-07-23
M008861,P041,IN,55,2025-04-14
M008862,P065,OUT,32,2026-02-09
M008863,P055,IN,171,2025-05-01
M008864,P068,OUT,67,2025-03-29
M008865,P062,IN,196,2026-02-19
M008866,P090,OUT,176,2025-11-08
M008867,P015,OUT,32,2025-03-26
M008868,P039,OUT,36,2025-04-30
M008869,P077,IN,10,2025-07-26
M008870,P005,OUT,132,2025-07-07
M008871,P068,OUT,187,2026-01-30
M008872,P081,IN,167,2025-09-29
M008873,P047,OUT,128,2025-06-06
M008874,P003,OUT,172,2025-05-26
M008875,P053,OUT,41,2025-09-19
M008876,P017,IN,33,2025-04-19
M008877,P006,OUT,58,2025-11-12
M008878,P006,OUT,116,2025-07-27
M008879,P071,IN,147,2025-04-05
M008880,P069,OUT,21,2025-06-11
M008881,P032,OUT,25,2025-07-01
M008882,P045,OUT,164,2025-09-27
M008883,P067,IN,137,2025-04-04
M008884,P066,OUT,15,2025-12-26
M008885,P087,IN,55,2026-02-12
M008886,P051,IN,115,2025-08-05
M008887,P096,OUT,27,2025-05-14
M008888,P005,IN,189,2025-09-05
M008889,P093,OUT,77,2026-01-03
M008890,P023,OUT,92,2025-12-21
M008891,P020,IN,54,2026-01-12
M008892,P023,IN,141,2025-08-16
M008893,P095,OUT,186,2025-07-19
M008894,P069,IN,146,2025-10-25
M008895,P025,IN,74,2025-10-31
M008896,P035,OUT,96,2025-08-11
M008897,P032,IN,64,2025-08-16
M008898,P030,IN,121,2025-08-17
M008899,P088,OUT,164,2025-04-15
M008900,P031,OUT,135,2025-07-24
M008901,P015,OUT,51,2025-05-14
M008902,P008,OUT,44,2025-10-06
M008903,P027,IN,10,2026-02-11
M008904,P099,OUT,194,2026-01-03
M008905,P082,OUT,111,2025-09-21
M008906,P077,OUT,84,2025-05-21
M008907,P009,IN,17,2025-04-05
M008908,P094,IN,126,2026-01-17
M008909,P003,IN,42,2025-09-08
M008910,P078,IN,18,2025-04-19
M008911,P011,IN,169,2026-02-23
M008912,P017,IN,91,2025-03-13
M008913,P022,OUT,81,2025-10-19
M008914,P070,IN,61,2026-03-08
M008915,P033,IN,163,2025-04-05
M008916,P062,IN,15,2026-02-27
M008917,P065,IN,173,2025-10-05
M008918,P088,IN,99,2026-03-05
M008919,P002,OUT,4,2025-08-18
M008920,P039,OUT,132,2025-10-23
M008921,P013,IN,87,2025-07-29
M008922,P059,IN,50,2025-05-20
M008923,P030,IN,77,2025-08-13
M008924,P001,IN,59,2025-07-25
M008925,P085,OUT,130,2025-12-27
M008926,P048,OUT,83,2026-01-08
M008927,P057,OUT,71,2025-11-28
M008928,P045,IN,137,2026-01-24
M008929,P022,IN,31,2026-02-02
M008930,P010,OUT,31,2025-09-09
M008931,P011,IN,44,2026-03-08
M008932,P022,IN,83,2025-09-02
M008933,P062,IN,149,2026-01-01
M008934,P035,OUT,70,2025-08-21
M008935,P066,IN,37,2025-03-28
M008936,P077,IN,190,2025-08-05
M008937,P021,OUT,46,2025-09-21
M008938,P009,OUT,102,2025-07-05
M008939,P020,IN,153,2025-09-06
M008940,P023,IN,82,2025-03-26
M008941,P053,OUT,19,2025-03-30
M008942,P099,OUT,113,2025-12-01
M008943,P032,IN,2,2025-03-16
M008944,P082,IN,103,2025-09-07
M008945,P085,OUT,22,2025-09-05
M008946,P061,OUT,137,2026-02-19
M008947,P084,OUT,21,2025-12-24
M008948,P021,OUT,9,2026-01-01
M008949,P080,IN,26,2025-03-11
M008950,P024,IN,99,2025-05-05
M008951,P023,OUT,113,2025-12-12
M008952,P007,IN,188,2025-03-15
M008953,P091,OUT,79,2025-04-08
M008954,P015,OUT,98,2025-05-27
M008955,P080,OUT,22,2025-09-08
M008956,P025,IN,70,2025-04-04
M008957,P035,OUT,91,2025-07-24
M008958,P031,OUT,69,2026-01-18
M008959,P008,IN,182,2025-07-04
M008960,P100,IN,122,2025-08-03
M008961,P044,IN,113,2025-04-28
M008962,P029,OUT,123,2025-12-24
M008963,P010,IN,38,2025-08-17
M008964,P056,OUT,34,2026-02-27
M008965,P050,OUT,148,2025-08-03
M008966,P046,OUT,196,2025-12-17
M008967,P011,OUT,179,2025-12-20
M008968,P050,OUT,45,2025-09-19
M008969,P024,IN,8,2025-07-19
M008970,P057,IN,91,2025-12-15
M008971,P033,OUT,150,2025-06-26
M008972,P056,OUT,193,2026-02-01
M008973,P031,IN,70,2026-02-06
M008974,P019,IN,89,2025-09-25
M008975,P025,OUT,160,2025-04-18
M008976,P057,IN,55,2025-12-13
M008977,P003,OUT,27,2025-12-05
M008978,P023,IN,95,2025-04-05
M008979,P020,IN,32,2025-09-25
M008980,P054,IN,40,2025-08-07
M008981,P015,IN,119,2026-03-04
M008982,P014,IN,174,2025-06-08
M008983,P088,IN,186,2026-01-16
M008984,P008,IN,153,2025-09-14
M008985,P005,IN,169,2025-08-02
M008986,P018,IN,87,2025-09-15
M008987,P079,IN,50,2025-08-25
M008988,P032,OUT,175,2025-08-21
M008989,P098,IN,80,2025-12-30
M008990,P092,IN,194,2025-09-12
M008991,P094,IN,13,2025-04-28
M008992,P089,IN,128,2025-05-26
M008993,P031,OUT,190,2026-01-19
M008994,P077,OUT,110,2025-05-22
M008995,P048,IN,156,2025-08-20
M008996,P057,OUT,78,2025-11-04
M008997,P032,IN,112,2025-04-12
M008998,P092,OUT,69,2025-05-04
M008999,P007,IN,61,2025-10-02
M009000,P015,IN,54,2025-04-26
M009001,P062,IN,76,2025-05-14
M009002,P045,IN,176,2025-12-15
M009003,P009,IN,5,2025-10-26
M009004,P024,OUT,106,2025-08-11
M009005,P094,IN,6,2025-09-28
M009006,P010,OUT,149,2025-04-22
M009007,P042,OUT,90,2026-01-15
M009008,P058,OUT,53,2025-05-10
M009009,P056,IN,40,2026-01-08
M009010,P018,IN,99,2025-12-10
M009011,P014,OUT,126,2025-05-17
M009012,P090,IN,186,2025-08-12
M009013,P081,IN,30,2025-11-25
M009014,P046,IN,43,2025-04-21
M009015,P098,OUT,36,2025-06-11
M009016,P095,OUT,133,2025-11-13
M009017,P040,IN,163,2025-07-28
M009018,P087,IN,23,2025-03-21
M009019,P074,OUT,138,2026-02-19
M009020,P056,OUT,16,2025-10-08
M009021,P020,IN,146,2025-06-03
M009022,P096,OUT,2,2025-06-27
M009023,P043,IN,7,2025-08-10
M009024,P065,OUT,93,2025-10-20
M009025,P058,IN,29,2025-03-24
M009026,P024,IN,138,2025-03-27
M009027,P020,IN,110,2025-10-20
M009028,P099,OUT,42,2025-09-10
M009029,P078,OUT,106,2025-09-18
M009030,P022,OUT,20,2026-03-01
M009031,P044,IN,93,2026-02-16
M009032,P079,OUT,122,2025-09-11
M009033,P024,IN,81,2025-06-01
M009034,P039,IN,140,2025-10-11
M009035,P040,OUT,27,2026-02-14
M009036,P038,IN,90,2025-10-25
M009037,P005,IN,135,2025-09-15
M009038,P074,IN,168,2025-04-20
M009039,P058,IN,9,2025-11-06
M009040,P068,OUT,68,2025-03-28
M009041,P030,OUT,182,2025-05-17
M009042,P051,OUT,127,2025-10-11
M009043,P043,IN,186,2025-08-14
M009044,P082,IN,11,2026-02-04
M009045,P050,OUT,51,2025-05-18
M009046,P037,IN,147,2025-04-04
M009047,P010,IN,15,2025-03-19
M009048,P099,IN,97,2025-05-08
M009049,P091,OUT,110,2025-04-27
M009050,P042,OUT,196,2025-05-05
M009051,P037,OUT,74,2025-03-15
M009052,P038,IN,130,2025-03-20
M009053,P068,IN,93,2025-12-28
M009054,P030,IN,155,2025-08-23
M009055,P020,OUT,185,2026-01-19
M009056,P099,OUT,71,2025-12-15
M009057,P036,IN,130,2025-07-28
M009058,P085,IN,129,2025-08-11
M009059,P095,IN,14,2025-07-10
M009060,P048,OUT,84,2025-05-31
M009061,P034,IN,111,2025-06-08
M009062,P074,IN,66,2026-01-05
M009063,P015,IN,117,2025-08-20
M009064,P050,IN,126,2025-11-16
M009065,P091,IN,50,2026-01-30
M009066,P023,OUT,153,2026-02-19
M009067,P042,IN,30,2025-08-16
M009068,P024,IN,101,2025-08-03
M009069,P008,IN,124,2026-02-07
M009070,P086,IN,88,2026-01-22
M009071,P054,OUT,35,2026-02-05
M009072,P092,IN,43,2025-03-20
M009073,P024,OUT,56,2025-06-29
M009074,P056,IN,10,2025-06-16
M009075,P028,OUT,181,2025-08-31
M009076,P063,OUT,189,2025-04-14
M009077,P054,OUT,107,2025-12-30
M009078,P063,OUT,89,2025-10-14
M009079,P005,IN,98,2025-04-12
M009080,P095,OUT,121,2025-05-20
M009081,P034,IN,32,2025-08-03
M009082,P043,OUT,65,2025-12-12
M009083,P037,OUT,162,2026-01-30
M009084,P023,OUT,25,2025-07-28
M009085,P078,IN,186,2025-06-11
M009086,P014,IN,134,2025-08-16
M009087,P020,OUT,5,2025-06-30
M009088,P034,OUT,187,2026-02-12
M009089,P018,OUT,68,2025-11-24
M009090,P068,IN,33,2025-12-18
M009091,P017,IN,70,2026-01-27
M009092,P044,IN,132,2025-11-19
M009093,P039,OUT,86,2025-11-09
M009094,P058,IN,16,2025-07-02
M009095,P096,IN,137,2026-02-04
M009096,P043,IN,36,2025-05-01
M009097,P021,IN,38,2025-10-19
M009098,P091,OUT,39,2025-11-25
M009099,P099,IN,197,2025-12-13
M009100,P013,OUT,53,2025-04-07
M009101,P019,OUT,39,2025-06-05
M009102,P054,IN,198,2025-09-10
M009103,P046,IN,4,2025-08-23
M009104,P004,IN,86,2025-06-05
M009105,P082,IN,74,2025-12-10
M009106,P066,OUT,158,2025-12-19
M009107,P002,OUT,40,2025-05-27
M009108,P095,OUT,200,2025-12-11
M009109,P097,IN,31,2025-04-29
M009110,P032,OUT,27,2025-06-07
M009111,P079,OUT,160,2025-03-19
M009112,P037,IN,37,2026-01-20
M009113,P060,OUT,62,2026-02-12
M009114,P084,OUT,106,2025-07-15
M009115,P072,IN,72,2025-12-25
M009116,P056,OUT,12,2025-12-23
M009117,P072,OUT,140,2025-11-23
M009118,P029,IN,190,2025-04-14
M009119,P016,OUT,81,2025-08-13
M009120,P016,OUT,150,2025-10-11
M009121,P064,OUT,162,2026-02-15
M009122,P003,OUT,91,2025-07-26
M009123,P045,IN,187,2026-01-26
M009124,P023,IN,161,2026-02-14
M009125,P088,IN,131,2025-10-14
M009126,P064,IN,61,2026-01-06
M009127,P026,IN,168,2026-02-03
M009128,P057,IN,15,2025-10-24
M009129,P007,OUT,179,2025-09-19
M009130,P007,IN,69,2025-05-02
M009131,P097,OUT,174,2026-01-15
M009132,P029,IN,37,2025-05-31
M009133,P047,OUT,181,2026-01-28
M009134,P068,OUT,42,2025-03-28
M009135,P054,OUT,11,2025-11-04
M009136,P073,IN,99,2025-12-18
M009137,P066,OUT,148,2025-07-24
M009138,P016,IN,100,2025-03-15
M009139,P045,IN,153,2025-03-16
M009140,P064,OUT,167,2025-10-04
M009141,P060,IN,12,2025-03-21
M009142,P034,IN,68,2026-02-12
M009143,P019,IN,122,2025-11-18
M009144,P026,OUT,107,2026-02-17
M009145,P008,OUT,168,2025-10-27
M009146,P028,IN,199,2025-04-23
M009147,P051,IN,97,2025-03-18
M009148,P093,OUT,4,2026-02-04
M009149,P096,OUT,177,2025-11-19
M009150,P085,OUT,35,2025-11-26
M009151,P085,IN,3,2025-12-12
M009152,P005,IN,6,2026-03-09
M009153,P055,OUT,50,2025-04-10
M009154,P095,IN,5,2025-12-10
M009155,P066,IN,28,2025-09-18
M009156,P043,IN,39,2025-04-27
M009157,P074,OUT,132,2025-05-27
M009158,P040,OUT,62,2026-01-03
M009159,P001,IN,16,2025-05-30
M009160,P016,OUT,167,2025-09-02
M009161,P038,IN,145,2025-09-27
M009162,P092,IN,164,2025-05-30
M009163,P098,IN,104,2025-11-09
M009164,P069,IN,75,2025-10-26
M009165,P016,IN,20,2025-09-09
M009166,P096,IN,153,2025-04-12
M009167,P010,IN,191,2025-08-06
M009168,P067,IN,151,2025-03-29
M009169,P002,IN,159,2025-06-02
M009170,P075,OUT,196,2025-08-12
M009171,P065,IN,89,2025-06-24
M009172,P019,OUT,183,2025-06-06
M009173,P058,OUT,105,2025-07-26
M009174,P091,OUT,170,2025-07-15
M009175,P039,IN,39,2025-05-22
M009176,P053,OUT,140,2025-04-01
M009177,P068,IN,82,2025-10-23
M009178,P014,IN,75,2025-04-24
M009179,P081,IN,100,2026-01-21
M009180,P047,IN,187,2026-01-05
M009181,P051,IN,114,2025-07-25
M009182,P065,OUT,124,2025-09-05
M009183,P097,IN,3,2025-10-05
M009184,P023,OUT,115,2025-11-03
M009185,P029,IN,73,2025-12-28
M009186,P048,IN,194,2025-11-21
M009187,P005,IN,18,2026-02-18
M009188,P063,IN,130,2026-01-01
M009189,P010,IN,148,2025-06-08
M009190,P064,IN,51,2025-06-08
M009191,P044,OUT,22,2025-07-28
M009192,P022,OUT,2,2025-04-14
M009193,P065,OUT,110,2025-07-15
M009194,P022,OUT,3,2025-08-13
M009195,P095,IN,79,2025-10-27
M009196,P091,OUT,1,2025-06-02
M009197,P052,IN,85,2025-12-15
M009198,P009,OUT,50,2025-07-26
M009199,P070,OUT,41,2025-05-21
M009200,P063,IN,5,2025-03-15
M009201,P093,IN,60,2025-12-09
M009202,P060,IN,191,2025-09-03
M009203,P084,OUT,41,2025-10-25
M009204,P040,OUT,200,2025-03-11
M009205,P011,IN,51,2025-05-07
M009206,P060,OUT,50,2025-10-04
M009207,P035,IN,54,2025-10-21
M009208,P002,IN,77,2025-12-08
M009209,P099,IN,28,2025-11-22
M009210,P065,OUT,187,2025-06-10
M009211,P011,IN,30,2025-09-24
M009212,P029,OUT,149,2026-01-24
M009213,P028,IN,158,2025-11-06
M009214,P018,IN,43,2025-10-07
M009215,P089,OUT,51,2025-05-27
M009216,P091,IN,40,2025-05-29
M009217,P001,IN,71,2025-05-18
M009218,P051,IN,83,2025-12-09
M009219,P018,OUT,65,2025-03-10
M009220,P073,IN,93,2025-08-29
M009221,P072,IN,49,2026-01-29
M009222,P051,OUT,81,2025-09-15
M009223,P008,OUT,37,2026-01-11
M009224,P047,IN,157,2025-11-29
M009225,P093,OUT,172,2025-06-17
M009226,P015,OUT,167,2026-01-23
M009227,P020,IN,3,2025-06-24
M009228,P097,IN,52,2026-01-26
M009229,P091,IN,118,2025-12-17
M009230,P066,OUT,58,2026-02-22
M009231,P004,IN,121,2025-08-13
M009232,P080,IN,109,2025-09-09
M009233,P004,IN,13,2026-01-14
M009234,P063,OUT,122,2025-04-24
M009235,P099,OUT,166,2025-04-01
M009236,P025,OUT,38,2025-04-25
M009237,P043,IN,159,2025-05-19
M009238,P081,IN,60,2026-02-14
M009239,P078,IN,160,2025-11-22
M009240,P027,OUT,17,2025-07-29
M009241,P039,OUT,132,2025-12-23
M009242,P038,IN,145,2025-07-02
M009243,P001,IN,200,2025-07-14
M009244,P039,IN,73,2025-12-30
M009245,P097,OUT,11,2025-12-21
M009246,P096,IN,179,2026-02-17
M009247,P077,IN,35,2025-11-27
M009248,P093,OUT,75,2025-03-31
M009249,P085,OUT,38,2026-02-27
M009250,P010,IN,144,2026-02-14
M009251,P098,OUT,24,2025-04-02
M009252,P037,OUT,149,2025-09-23
M009253,P042,IN,151,2025-09-26
M009254,P093,OUT,193,2025-08-21
M009255,P077,OUT,90,2025-06-12
M009256,P007,IN,50,2026-01-01
M009257,P040,OUT,10,2025-09-22
M009258,P015,IN,192,2025-12-08
M009259,P057,IN,23,2025-07-13
M009260,P068,OUT,65,2025-07-14
M009261,P055,OUT,198,2025-04-02
M009262,P095,IN,146,2025-03-15
M009263,P039,IN,146,2025-07-22
M009264,P001,IN,7,2025-07-01
M009265,P055,OUT,55,2025-10-08
M009266,P035,OUT,105,2025-12-02
M009267,P003,OUT,3,2025-08-12
M009268,P035,OUT,31,2025-05-15
M009269,P064,OUT,163,2025-11-24
M009270,P078,OUT,159,2025-08-10
M009271,P049,OUT,176,2025-12-13
M009272,P098,IN,146,2025-05-04
M009273,P042,OUT,5,2025-10-15
M009274,P022,OUT,121,2025-10-29
M009275,P037,IN,76,2025-09-12
M009276,P067,OUT,170,2025-07-10
M009277,P002,IN,160,2025-10-31
M009278,P028,IN,116,2025-04-15
M009279,P012,IN,19,2025-11-16
M009280,P065,IN,193,2025-05-07
M009281,P060,IN,66,2025-07-28
M009282,P093,OUT,82,2025-07-18
M009283,P007,IN,99,2025-11-19
M009284,P084,OUT,10,2025-07-19
M009285,P089,OUT,123,2026-02-24
M009286,P064,IN,138,2025-07-29
M009287,P028,OUT,14,2026-02-12
M009288,P061,IN,143,2026-02-11
M009289,P002,IN,146,2025-11-30
M009290,P037,OUT,71,2025-09-15
M009291,P027,IN,198,2026-02-17
M009292,P010,OUT,174,2026-03-01
M009293,P025,IN,128,2025-07-19
M009294,P097,OUT,5,2025-08-30
M009295,P066,OUT,50,2025-08-03
M009296,P041,OUT,75,2026-01-12
M009297,P066,IN,89,2025-12-02
M009298,P051,OUT,140,2025-11-08
M009299,P003,OUT,32,2025-09-23
M009300,P067,OUT,44,2025-08-22
M009301,P078,IN,54,2026-01-03
M009302,P064,IN,191,2025-08-13
M009303,P082,IN,30,2025-03-23
M009304,P066,OUT,76,2025-07-16
M009305,P066,OUT,28,2026-03-08
M009306,P015,IN,104,2025-05-12
M009307,P048,IN,46,2025-05-15
M009308,P081,OUT,45,2026-01-05
M009309,P099,IN,28,2025-11-15
M009310,P068,OUT,111,2025-11-16
M009311,P080,OUT,131,2025-07-23
M009312,P095,IN,88,2026-01-05
M009313,P092,OUT,99,2025-09-03
M009314,P087,IN,48,2025-04-30
M009315,P017,OUT,122,2026-01-29
M009316,P015,OUT,137,2025-08-13
M009317,P059,OUT,25,2025-12-27
M009318,P045,IN,172,2025-12-24
M009319,P098,IN,90,2025-04-02
M009320,P063,OUT,11,2025-12-23
M009321,P064,IN,146,2025-10-29
M009322,P066,IN,65,2025-07-09
M009323,P084,IN,122,2025-05-10
M009324,P031,IN,106,2025-07-05
M009325,P001,OUT,43,2026-01-31
M009326,P098,IN,65,2025-09-20
M009327,P034,OUT,30,2025-06-28
M009328,P029,OUT,133,2026-01-01
M009329,P081,IN,187,2025-06-26
M009330,P093,OUT,114,2025-12-22
M009331,P036,OUT,107,2025-06-20
M009332,P055,IN,3,2025-12-15
M009333,P078,OUT,97,2025-07-20
M009334,P099,IN,7,2025-10-18
M009335,P075,IN,170,2025-12-03
M009336,P053,IN,184,2025-12-22
M009337,P008,OUT,21,2025-09-06
M009338,P086,IN,123,2026-01-20
M009339,P005,OUT,104,2025-09-19
M009340,P049,IN,10,2025-03-17
M009341,P093,IN,32,2025-05-16
M009342,P049,OUT,166,2025-03-10
M009343,P034,IN,76,2025-08-03
M009344,P025,IN,159,2025-07-07
M009345,P067,OUT,77,2025-10-26
M009346,P048,OUT,144,2025-07-23
M009347,P032,OUT,178,2025-03-17
M009348,P026,IN,90,2025-08-18
M009349,P043,IN,188,2025-04-30
M009350,P018,OUT,44,2025-09-24
M009351,P048,OUT,54,2025-11-17
M009352,P042,IN,48,2025-08-16
M009353,P052,IN,128,2025-09-22
M009354,P008,OUT,29,2025-09-23
M009355,P063,OUT,19,2026-02-27
M009356,P061,IN,36,2025-10-24
M009357,P004,OUT,105,2025-04-27
M009358,P041,OUT,79,2025-10-16
M009359,P015,IN,78,2025-06-26
M009360,P001,OUT,69,2025-12-11
M009361,P016,OUT,117,2025-07-08
M009362,P041,OUT,9,2025-11-09
M009363,P014,OUT,96,2025-09-09
M009364,P002,OUT,33,2025-10-17
M009365,P047,OUT,33,2025-06-17
M009366,P075,OUT,99,2025-08-08
M009367,P062,OUT,4,2025-03-21
M009368,P017,OUT,21,2025-10-12
M009369,P021,IN,135,2025-05-18
M009370,P043,IN,37,2025-10-20
M009371,P091,IN,28,2025-12-21
M009372,P049,IN,74,2025-11-29
M009373,P059,OUT,130,2025-11-14
M009374,P028,OUT,164,2025-04-22
M009375,P034,OUT,36,2026-02-27
M009376,P028,OUT,15,2025-08-07
M009377,P001,IN,195,2026-01-03
M009378,P071,IN,42,2025-11-14
M009379,P098,IN,84,2025-12-26
M009380,P041,IN,57,2025-10-08
M009381,P081,OUT,83,2025-04-20
M009382,P082,IN,150,2026-03-04
M009383,P033,OUT,107,2025-11-06
M009384,P066,OUT,62,2026-01-19
M009385,P006,OUT,170,2025-07-23
M009386,P056,OUT,177,2025-07-15
M009387,P087,IN,119,2025-07-25
M009388,P003,OUT,169,2025-09-22
M009389,P006,OUT,5,2025-04-27
M009390,P086,OUT,105,2025-07-30
M009391,P057,IN,37,2025-04-28
M009392,P031,OUT,198,2025-05-21
M009393,P038,OUT,131,2025-10-22
M009394,P075,IN,97,2026-01-15
M009395,P042,IN,119,2026-01-24
M009396,P033,IN,26,2026-03-07
M009397,P044,IN,69,2026-02-16
M009398,P032,IN,122,2026-02-09
M009399,P046,IN,37,2025-08-18
M009400,P012,IN,196,2025-03-27
M009401,P014,IN,189,2025-08-27
M009402,P054,IN,1,2025-07-05
M009403,P079,OUT,105,2025-05-08
M009404,P093,OUT,51,2025-10-17
M009405,P096,IN,132,2026-02-10
M009406,P011,IN,163,2025-06-14
M009407,P096,OUT,179,2025-08-14
M009408,P077,IN,132,2025-12-17
M009409,P041,OUT,47,2025-09-27
M009410,P087,OUT,90,2026-02-03
M009411,P003,OUT,24,2025-10-10
M009412,P026,IN,33,2026-02-15
M009413,P060,IN,52,2025-07-20
M009414,P054,OUT,154,2026-01-21
M009415,P017,OUT,84,2025-09-21
M009416,P035,OUT,135,2025-12-07
M009417,P032,IN,199,2025-08-19
M009418,P056,OUT,68,2026-02-24
M009419,P005,OUT,116,2025-05-30
M009420,P040,OUT,51,2025-12-15
M009421,P091,IN,132,2025-11-16
M009422,P013,IN,82,2025-08-01
M009423,P024,IN,180,2025-11-03
M009424,P095,OUT,182,2025-08-15
M009425,P049,IN,67,2025-09-04
M009426,P078,IN,83,2025-07-23
M009427,P022,OUT,102,2025-09-24
M009428,P071,OUT,57,2026-01-23
M009429,P008,OUT,90,2025-09-06
M009430,P082,IN,52,2025-05-24
M009431,P073,IN,90,2025-06-04
M009432,P031,OUT,109,2025-07-06
M009433,P044,IN,85,2025-06-11
M009434,P055,OUT,126,2026-03-08
M009435,P055,OUT,175,2026-03-02
M009436,P005,OUT,3,2025-04-14
M009437,P013,IN,118,2025-08-30
M009438,P078,OUT,194,2025-05-21
M009439,P044,OUT,197,2026-01-07
M009440,P001,OUT,108,2026-01-11
M009441,P052,IN,62,2025-10-08
M009442,P029,IN,180,2025-05-26
M009443,P020,OUT,170,2025-12-23
M009444,P024,IN,118,2025-11-30
M009445,P080,IN,161,2025-05-20
M009446,P095,IN,40,2026-02-15
M009447,P081,IN,131,2025-06-19
M009448,P051,IN,155,2026-01-27
M009449,P009,OUT,134,2025-09-08
M009450,P023,OUT,175,2026-01-18
M009451,P071,IN,86,2026-03-04
M009452,P016,OUT,30,2026-02-12
M009453,P093,IN,73,2025-12-30
M009454,P027,OUT,151,2026-01-13
M009455,P049,IN,86,2025-09-06
M009456,P072,IN,51,2025-10-12
M009457,P015,OUT,103,2026-02-24
M009458,P049,OUT,8,2025-05-27
M009459,P060,OUT,14,2025-12-05
M009460,P047,IN,93,2025-10-07
M009461,P085,OUT,129,2026-01-02
M009462,P003,OUT,11,2025-07-19
M009463,P042,OUT,136,2025-09-16
M009464,P082,OUT,14,2026-01-26
M009465,P087,OUT,99,2025-11-28
M009466,P080,OUT,19,2025-04-10
M009467,P022,IN,150,2026-02-09
M009468,P015,IN,158,2025-12-16
M009469,P028,IN,101,2025-12-20
M009470,P061,IN,113,2025-07-08
M009471,P003,IN,1,2026-03-06
M009472,P067,OUT,109,2026-02-27
M009473,P033,OUT,98,2025-12-23
M009474,P016,OUT,185,2025-05-19
M009475,P055,OUT,100,2025-05-21
M009476,P094,OUT,39,2025-08-14
M009477,P067,IN,19,2025-11-06
M009478,P004,IN,190,2025-04-29
M009479,P072,IN,28,2026-01-28
M009480,P008,OUT,122,2025-07-16
M009481,P065,IN,91,2025-04-01
M009482,P022,IN,143,2025-10-26
M009483,P073,IN,113,2025-11-10
M009484,P074,IN,105,2025-06-05
M009485,P045,IN,37,2025-05-06
M009486,P094,IN,80,2025-12-09
M009487,P008,OUT,24,2025-09-30
M009488,P071,OUT,83,2025-05-20
M009489,P079,OUT,111,2025-10-03
M009490,P013,OUT,130,2025-08-19
M009491,P087,IN,121,2025-03-21
M009492,P088,IN,113,2025-07-23
M009493,P095,OUT,55,2025-06-21
M009494,P083,IN,35,2026-02-17
M009495,P061,IN,26,2025-12-08
M009496,P077,OUT,12,2025-09-06
M009497,P046,OUT,105,2025-10-14
M009498,P084,IN,6,2025-11-29
M009499,P020,OUT,93,2025-04-23
M009500,P098,OUT,60,2025-07-31
M009501,P061,IN,120,2025-04-27
M009502,P063,IN,152,2026-01-30
M009503,P071,IN,35,2025-11-05
M009504,P014,OUT,199,2025-10-05
M009505,P090,OUT,21,2025-09-01
M009506,P008,OUT,42,2025-07-26
M009507,P092,IN,21,2026-02-20
M009508,P020,OUT,141,2025-03-28
M009509,P098,OUT,119,2025-08-20
M009510,P014,OUT,187,2025-03-16
M009511,P024,IN,136,2025-03-18
M009512,P069,OUT,178,2025-07-21
M009513,P004,IN,58,2025-08-16
M009514,P012,OUT,77,2026-01-18
M009515,P098,OUT,58,2026-02-13
M009516,P012,OUT,108,2025-10-07
M009517,P036,OUT,40,2025-04-02
M009518,P092,OUT,110,2025-07-19
M009519,P005,OUT,60,2025-05-01
M009520,P058,OUT,193,2025-07-24
M009521,P013,IN,86,2025-11-05
M009522,P009,OUT,4,2025-07-08
M009523,P056,IN,166,2025-10-08
M009524,P045,IN,46,2025-11-07
M009525,P083,IN,76,2025-08-28
M009526,P014,IN,37,2025-08-27
M009527,P074,IN,68,2025-12-09
M009528,P080,OUT,173,2025-10-01
M009529,P028,OUT,138,2025-11-30
M009530,P056,OUT,171,2025-03-26
M009531,P043,OUT,176,2025-03-12
M009532,P077,OUT,79,2025-03-15
M009533,P061,OUT,12,2025-07-04
M009534,P044,IN,130,2025-04-14
M009535,P097,OUT,60,2026-02-17
M009536,P057,OUT,132,2025-09-09
M009537,P021,IN,110,2026-01-07
M009538,P010,IN,131,2025-10-06
M009539,P070,OUT,5,2025-12-13
M009540,P083,IN,147,2025-12-26
M009541,P001,OUT,51,2025-04-02
M009542,P034,IN,182,2026-01-03
M009543,P050,OUT,129,2025-08-14
M009544,P037,OUT,37,2025-03-21
M009545,P056,IN,50,2025-08-29
M009546,P005,OUT,16,2025-08-16
M009547,P093,OUT,186,2026-03-07
M009548,P040,IN,54,2026-02-20
M009549,P016,OUT,109,2025-04-21
M009550,P068,OUT,23,2025-10-24
M009551,P031,IN,78,2025-11-22
M009552,P049,OUT,153,2025-07-31
M009553,P045,IN,139,2026-01-05
M009554,P004,OUT,179,2025-07-28
M009555,P054,OUT,169,2025-06-13
M009556,P049,IN,81,2025-11-25
M009557,P002,IN,185,2025-12-16
M009558,P017,IN,116,2025-10-20
M009559,P100,OUT,4,2026-01-06
M009560,P007,IN,79,2025-12-08
M009561,P094,IN,67,2025-03-17
M009562,P026,OUT,150,2025-06-20
M009563,P067,IN,165,2025-08-18
M009564,P062,OUT,170,2025-05-13
M009565,P077,OUT,162,2025-04-12
M009566,P024,OUT,168,2025-09-24
M009567,P025,IN,136,2026-01-25
M009568,P082,IN,53,2026-02-17
M009569,P053,IN,97,2026-02-07
M009570,P032,OUT,196,2025-07-08
M009571,P076,OUT,52,2025-06-09
M009572,P080,OUT,75,2025-11-04
M009573,P081,IN,57,2025-03-24
M009574,P068,OUT,114,2025-11-22
M009575,P088,OUT,53,2025-04-19
M009576,P040,IN,192,2025-04-27
M009577,P082,OUT,56,2025-05-15
M009578,P043,OUT,15,2025-10-31
M009579,P041,OUT,22,2025-06-29
M009580,P033,OUT,23,2025-04-19
M009581,P012,OUT,194,2025-05-19
M009582,P043,IN,67,2025-11-05
M009583,P011,OUT,128,2026-02-17
M009584,P075,OUT,20,2026-01-21
M009585,P089,IN,182,2025-06-05
M009586,P045,IN,111,2025-09-20
M009587,P060,IN,117,2025-07-31
M009588,P008,IN,121,2025-08-14
M009589,P082,IN,105,2025-04-08
M009590,P026,IN,17,2026-01-14
M009591,P003,IN,6,2025-04-02
M009592,P097,IN,22,2025-06-23
M009593,P056,IN,107,2025-09-05
M009594,P041,IN,94,2025-05-11
M009595,P039,IN,100,2025-05-21
M009596,P099,IN,83,2025-10-04
M009597,P076,OUT,117,2025-07-21
M009598,P061,IN,3,2025-03-11
M009599,P023,IN,18,2025-05-02
M009600,P067,OUT,198,2026-01-31
M009601,P052,IN,34,2025-05-11
M009602,P066,OUT,20,2025-03-13
M009603,P012,OUT,112,2025-05-31
M009604,P035,IN,14,2025-12-17
M009605,P021,IN,194,2025-05-27
M009606,P057,IN,158,2025-09-13
M009607,P035,IN,66,2025-10-06
M009608,P032,IN,76,2025-06-04
M009609,P034,OUT,89,2025-10-27
M009610,P028,IN,137,2026-01-05
M009611,P076,OUT,61,2025-03-11
M009612,P004,IN,108,2025-06-09
M009613,P078,IN,192,2025-04-07
M009614,P050,OUT,180,2025-08-08
M009615,P062,IN,86,2025-05-11
M009616,P088,IN,33,2025-09-13
M009617,P023,IN,87,2025-05-04
M009618,P062,IN,10,2025-03-20
M009619,P078,IN,108,2025-07-27
M009620,P041,IN,137,2025-06-25
M009621,P030,IN,104,2025-08-10
M009622,P002,OUT,11,2025-05-15
M009623,P082,OUT,69,2025-12-12
M009624,P075,OUT,75,2026-02-17
M009625,P062,OUT,49,2026-02-12
M009626,P011,IN,134,2025-05-19
M009627,P054,IN,37,2025-08-10
M009628,P071,OUT,15,2025-10-15
M009629,P097,OUT,171,2025-06-06
M009630,P064,IN,199,2025-03-24
M009631,P008,OUT,15,2025-03-28
M009632,P017,IN,130,2025-10-12
M009633,P060,IN,31,2025-06-14
M009634,P062,OUT,118,2026-01-29
M009635,P031,OUT,94,2025-07-25
M009636,P082,IN,145,2025-12-16
M009637,P081,OUT,145,2026-01-11
M009638,P096,OUT,117,2025-10-15
M009639,P095,OUT,82,2025-07-12
M009640,P089,OUT,165,2025-12-16
M009641,P066,IN,33,2025-07-08
M009642,P071,IN,155,2025-05-26
M009643,P016,IN,74,2025-05-22
M009644,P030,IN,34,2025-07-13
M009645,P009,OUT,108,2025-04-03
M009646,P009,IN,159,2025-11-06
M009647,P064,IN,103,2026-01-28
M009648,P044,OUT,190,2025-05-07
M009649,P064,OUT,126,2025-06-13
M009650,P097,IN,180,2025-07-15
M009651,P061,IN,18,2025-10-23
M009652,P084,OUT,77,2025-06-17
M009653,P062,IN,150,2025-12-12
M009654,P094,IN,150,2025-05-04
M009655,P094,IN,145,2025-10-12
M009656,P100,IN,150,2025-09-29
M009657,P015,OUT,18,2025-09-09
M009658,P069,IN,150,2025-11-24
M009659,P077,IN,44,2025-03-11
M009660,P085,OUT,187,2025-10-27
M009661,P062,OUT,165,2025-07-07
M009662,P035,IN,132,2025-07-29
M009663,P039,OUT,94,2025-04-10
M009664,P036,OUT,16,2025-11-07
M009665,P013,IN,187,2025-06-30
M009666,P021,OUT,52,2025-06-15
M009667,P097,OUT,20,2025-10-11
M009668,P027,OUT,99,2025-05-28
M009669,P017,IN,137,2025-10-11
M009670,P098,IN,123,2025-05-03
M009671,P073,IN,191,2025-08-03
M009672,P060,OUT,65,2026-01-24
M009673,P056,IN,186,2025-11-12
M009674,P081,IN,126,2025-12-19
M009675,P067,IN,23,2025-12-31
M009676,P024,IN,183,2025-05-14
M009677,P077,IN,110,2025-06-18
M009678,P094,IN,86,2026-02-07
M009679,P060,IN,1,2025-11-06
M009680,P079,IN,85,2025-06-03
M009681,P027,IN,93,2025-06-17
M009682,P013,OUT,158,2026-02-05
M009683,P018,IN,142,2026-01-03
M009684,P083,IN,32,2025-05-11
M009685,P085,OUT,97,2025-08-20
M009686,P073,IN,119,2025-06-02
M009687,P056,IN,166,2025-12-18
M009688,P006,OUT,16,2025-04-01
M009689,P085,OUT,74,2026-01-30
M009690,P046,IN,90,2026-03-06
M009691,P001,OUT,170,2025-05-08
M009692,P062,OUT,131,2025-07-23
M009693,P080,IN,15,2025-11-11
M009694,P042,IN,79,2026-01-19
M009695,P100,IN,102,2025-09-22
M009696,P044,IN,24,2026-03-05
M009697,P093,OUT,84,2025-08-16
M009698,P099,OUT,175,2025-07-16
M009699,P041,IN,40,2025-07-22
M009700,P077,OUT,110,2025-11-21
M009701,P056,IN,40,2025-08-01
M009702,P029,IN,34,2025-09-19
M009703,P030,IN,101,2025-10-06
M009704,P007,IN,157,2025-07-13
M009705,P042,IN,17,2025-10-06
M009706,P082,IN,32,2025-11-25
M009707,P100,OUT,38,2025-03-23
M009708,P029,IN,97,2025-11-09
M009709,P054,OUT,111,2026-02-25
M009710,P096,OUT,21,2025-09-25
M009711,P061,OUT,150,2025-03-29
M009712,P062,IN,104,2025-05-14
M009713,P080,IN,187,2025-10-20
M009714,P007,OUT,116,2025-09-26
M009715,P007,OUT,17,2025-11-06
M009716,P016,IN,152,2026-01-11
M009717,P073,OUT,16,2025-07-22
M009718,P028,IN,153,2026-03-02
M009719,P097,IN,122,2025-06-21
M009720,P044,IN,120,2025-09-01
M009721,P092,IN,184,2025-10-26
M009722,P066,IN,1,2026-01-04
M009723,P027,IN,89,2026-03-06
M009724,P045,IN,182,2026-01-15
M009725,P044,OUT,199,2026-02-17
M009726,P098,IN,142,2026-02-20
M009727,P073,IN,93,2026-01-20
M009728,P045,OUT,82,2025-08-16
M009729,P072,IN,35,2025-03-11
M009730,P043,IN,71,2025-03-15
M009731,P096,OUT,100,2025-11-10
M009732,P093,IN,164,2025-11-27
M009733,P080,OUT,199,2025-05-10
M009734,P011,IN,68,2025-06-04
M009735,P022,IN,105,2025-09-02
M009736,P049,IN,173,2025-11-18
M009737,P011,OUT,107,2025-10-06
M009738,P075,IN,65,2025-03-28
M009739,P028,OUT,35,2025-10-13
M009740,P047,IN,109,2025-11-26
M009741,P098,OUT,159,2025-10-25
M009742,P011,IN,15,2026-03-04
M009743,P006,IN,164,2026-01-02
M009744,P045,IN,121,2025-07-28
M009745,P021,IN,154,2026-01-13
M009746,P037,IN,36,2026-02-08
M009747,P090,IN,58,2025-12-27
M009748,P098,IN,146,2025-12-08
M009749,P022,IN,151,2025-08-07
M009750,P023,OUT,158,2025-09-11
M009751,P065,IN,67,2025-04-30
M009752,P004,IN,193,2025-05-13
M009753,P058,IN,87,2026-02-17
M009754,P043,OUT,154,2025-07-11
M009755,P073,IN,97,2025-06-02
M009756,P002,IN,169,2025-07-30
M009757,P006,OUT,137,2025-11-01
M009758,P046,OUT,41,2025-04-19
M009759,P043,OUT,91,2025-06-22
M009760,P057,OUT,108,2025-03-30
M009761,P027,IN,140,2025-10-08
M009762,P085,OUT,131,2025-03-22
M009763,P078,IN,42,2025-04-05
M009764,P019,OUT,164,2026-02-24
M009765,P002,OUT,5,2025-05-19
M009766,P089,IN,3,2025-07-20
M009767,P046,IN,191,2025-03-30
M009768,P012,OUT,194,2025-11-18
M009769,P001,OUT,137,2026-01-23
M009770,P038,OUT,86,2025-07-09
M009771,P085,OUT,120,2025-06-29
M009772,P009,IN,141,2026-02-09
M009773,P008,IN,27,2025-07-19
M009774,P045,OUT,180,2026-01-11
M009775,P091,IN,147,2025-09-28
M009776,P028,OUT,169,2025-04-18
M009777,P041,IN,182,2025-06-12
M009778,P091,OUT,28,2025-11-09
M009779,P008,IN,113,2025-04-11
M009780,P096,IN,92,2025-06-04
M009781,P010,OUT,138,2026-03-03
M009782,P100,OUT,70,2025-09-01
M009783,P092,OUT,177,2025-09-19
M009784,P063,IN,74,2025-04-27
M009785,P001,IN,107,2025-11-27
M009786,P038,OUT,176,2025-12-21
M009787,P034,OUT,144,2025-08-13
M009788,P092,OUT,131,2026-01-31
M009789,P087,OUT,71,2025-03-29
M009790,P026,IN,99,2025-05-15
M009791,P086,IN,170,2026-02-17
M009792,P001,OUT,119,2025-03-28
M009793,P038,OUT,30,2025-11-11
M009794,P030,OUT,185,2025-09-26
M009795,P064,OUT,29,2026-02-25
M009796,P028,IN,184,2025-04-27
M009797,P072,IN,34,2026-02-25
M009798,P079,OUT,114,2025-08-27
M009799,P045,OUT,66,2025-07-07
M009800,P074,IN,87,2025-12-03
M009801,P089,IN,196,2025-08-08
M009802,P013,OUT,159,2025-08-18
M009803,P064,OUT,131,2026-01-24
M009804,P059,OUT,167,2025-06-04
M009805,P033,OUT,124,2025-03-19
M009806,P045,OUT,38,2026-01-27
M009807,P098,OUT,195,2025-11-16
M009808,P099,OUT,24,2025-04-13
M009809,P083,IN,88,2025-07-08
M009810,P097,IN,78,2025-04-05
M009811,P027,IN,9,2025-06-09
M009812,P017,IN,69,2025-05-11
M009813,P049,IN,111,2025-04-21
M009814,P049,OUT,142,2025-08-28
M009815,P053,OUT,157,2025-03-17
M009816,P054,OUT,142,2025-11-15
M009817,P099,IN,86,2025-08-28
M009818,P084,IN,143,2025-10-03
M009819,P060,IN,93,2025-07-01
M009820,P081,IN,21,2025-05-20
M009821,P022,OUT,145,2025-07-20
M009822,P027,OUT,113,2025-10-17
M009823,P040,OUT,179,2026-01-29
M009824,P051,IN,180,2025-03-13
M009825,P033,OUT,117,2025-05-30
M009826,P017,OUT,175,2025-11-19
M009827,P082,IN,122,2025-04-22
M009828,P039,IN,41,2026-02-16
M009829,P019,IN,143,2025-10-29
M009830,P053,OUT,23,2026-02-04
M009831,P043,OUT,88,2025-07-04
M009832,P024,IN,11,2025-04-18
M009833,P075,OUT,174,2025-05-07
M009834,P079,OUT,162,2025-12-19
M009835,P019,IN,173,2026-02-08
M009836,P026,OUT,9,2025-10-30
M009837,P021,IN,63,2026-02-08
M009838,P037,IN,109,2026-02-13
M009839,P011,OUT,87,2026-02-08
M009840,P076,IN,171,2025-08-02
M009841,P060,OUT,85,2026-01-19
M009842,P061,OUT,80,2025-07-05
M009843,P055,IN,104,2025-07-24
M009844,P002,IN,50,2025-04-13
M009845,P073,OUT,97,2025-09-17
M009846,P044,IN,51,2025-09-02
M009847,P057,IN,101,2026-01-06
M009848,P086,IN,127,2025-11-30
M009849,P057,OUT,175,2025-12-15
M009850,P057,IN,104,2025-09-23
M009851,P037,OUT,8,2025-08-22
M009852,P067,OUT,118,2025-08-18
M009853,P085,OUT,113,2025-06-28
M009854,P027,OUT,165,2025-07-15
M009855,P009,IN,67,2025-10-24
M009856,P042,OUT,103,2025-08-28
M009857,P039,IN,79,2025-11-18
M009858,P046,IN,46,2025-04-25
M009859,P074,IN,175,2025-04-18
M009860,P065,IN,13,2025-09-22
M009861,P012,IN,132,2025-12-31
M009862,P009,IN,6,2025-08-15
M009863,P084,OUT,75,2026-02-10
M009864,P084,OUT,188,2025-12-12
M009865,P059,OUT,109,2026-02-20
M009866,P051,IN,9,2025-10-12
M009867,P081,IN,120,2025-06-12
M009868,P046,IN,180,2025-04-11
M009869,P095,IN,4,2025-07-25
M009870,P094,OUT,40,2025-10-20
M009871,P008,OUT,45,2026-03-07
M009872,P032,OUT,129,2025-09-02
M009873,P071,IN,197,2026-02-10
M009874,P039,OUT,87,2025-05-28
M009875,P082,OUT,6,2025-03-16
M009876,P055,IN,75,2025-05-05
M009877,P093,IN,159,2026-01-18
M009878,P075,OUT,144,2025-06-27
M009879,P045,OUT,49,2026-02-02
M009880,P078,OUT,188,2026-02-13
M009881,P067,OUT,200,2025-09-20
M009882,P097,OUT,108,2025-12-18
M009883,P051,IN,36,2025-04-12
M009884,P094,OUT,62,2025-04-15
M009885,P099,OUT,133,2025-11-23
M009886,P046,OUT,25,2025-03-23
M009887,P083,IN,84,2025-10-03
M009888,P051,OUT,90,2025-08-07
M009889,P028,IN,177,2025-11-19
M009890,P036,IN,109,2025-09-16
M009891,P062,OUT,56,2025-10-21
M009892,P065,OUT,184,2025-10-13
M009893,P014,IN,159,2025-05-14
M009894,P024,IN,39,2025-04-08
M009895,P066,IN,44,2025-07-09
M009896,P063,OUT,191,2025-09-03
M009897,P085,OUT,68,2025-03-14
M009898,P056,IN,136,2025-09-28
M009899,P083,IN,92,2025-05-21
M009900,P078,OUT,75,2026-01-02
M009901,P016,OUT,187,2025-10-09
M009902,P054,IN,5,2025-12-04
M009903,P083,IN,15,2025-03-14
M009904,P089,OUT,45,2025-12-22
M009905,P001,OUT,53,2025-10-11
M009906,P012,OUT,121,2025-08-06
M009907,P074,IN,45,2025-08-18
M009908,P016,OUT,90,2025-07-07
M009909,P061,IN,103,2025-07-31
M009910,P079,OUT,69,2025-10-27
M009911,P086,IN,39,2025-04-09
M009912,P099,IN,106,2026-02-25
M009913,P067,OUT,86,2026-02-13
M009914,P031,IN,85,2025-03-20
M009915,P075,IN,17,2026-02-26
M009916,P086,OUT,106,2025-06-24
M009917,P050,IN,67,2025-07-29
M009918,P012,IN,109,2026-01-15
M009919,P045,IN,6,2026-02-07
M009920,P049,OUT,73,2025-07-29
M009921,P042,IN,18,2025-10-13
M009922,P009,OUT,54,2025-10-04
M009923,P081,OUT,136,2025-06-03
M009924,P093,OUT,153,2025-09-08
M009925,P064,OUT,27,2025-03-09
M009926,P032,IN,162,2025-11-15
M009927,P052,OUT,193,2025-12-23
M009928,P045,IN,39,2025-03-27
M009929,P093,OUT,26,2025-09-20
M009930,P084,OUT,140,2025-12-01
M009931,P042,IN,92,2025-06-09
M009932,P074,OUT,75,2025-10-08
M009933,P062,IN,17,2026-02-28
M009934,P003,OUT,161,2025-07-15
M009935,P041,IN,185,2025-06-23
M009936,P090,OUT,80,2025-07-20
M009937,P065,IN,93,2025-09-18
M009938,P004,IN,17,2025-07-22
M009939,P017,OUT,139,2025-12-07
M009940,P071,IN,40,2025-10-01
M009941,P045,IN,53,2025-03-15
M009942,P045,OUT,164,2025-11-11
M009943,P072,IN,93,2026-02-24
M009944,P099,OUT,157,2025-11-26
M009945,P016,IN,13,2025-12-08
M009946,P005,OUT,72,2025-05-15
M009947,P022,OUT,79,2025-11-26
M009948,P031,OUT,165,2025-12-26
M009949,P070,IN,163,2025-08-28
M009950,P053,OUT,194,2025-03-11
M009951,P081,IN,193,2025-04-15
M009952,P064,IN,150,2025-05-25
M009953,P023,IN,179,2026-03-06
M009954,P014,OUT,140,2025-04-02
M009955,P051,OUT,22,2025-06-12
M009956,P097,OUT,135,2025-10-03
M009957,P006,IN,137,2026-01-17
M009958,P050,OUT,80,2025-04-03
M009959,P030,IN,71,2025-11-09
M009960,P092,IN,22,2025-10-31
M009961,P051,OUT,68,2026-01-12
M009962,P078,OUT,30,2026-01-09
M009963,P022,OUT,174,2026-02-03
M009964,P008,OUT,97,2026-01-28
M009965,P082,IN,91,2026-01-22
M009966,P038,OUT,74,2025-09-17
M009967,P044,IN,9,2025-12-18
M009968,P044,OUT,74,2025-06-02
M009969,P075,IN,104,2025-09-15
M009970,P085,IN,192,2025-09-01
M009971,P078,OUT,8,2025-06-22
M009972,P043,IN,26,2026-01-21
M009973,P097,OUT,48,2025-07-13
M009974,P001,IN,184,2025-12-20
M009975,P041,IN,65,2025-08-01
M009976,P026,OUT,43,2025-08-07
M009977,P031,OUT,156,2026-01-22
M009978,P033,OUT,110,2026-01-24
M009979,P026,IN,143,2025-05-17
M009980,P084,OUT,172,2025-03-27
M009981,P097,IN,58,2025-05-17
M009982,P062,OUT,66,2025-10-03
M009983,P028,IN,56,2025-10-29
M009984,P077,IN,87,2025-11-20
M009985,P052,OUT,24,2026-02-20
M009986,P061,OUT,64,2025-09-30
M009987,P014,IN,164,2026-02-02
M009988,P021,IN,137,2025-03-25
M009989,P052,IN,132,2025-04-05
M009990,P083,IN,128,2025-03-29
M009991,P087,OUT,134,2025-10-26
M009992,P048,IN,51,2025-10-12
M009993,P018,IN,146,2025-10-06
M009994,P051,OUT,70,2026-01-25
M009995,P010,IN,21,2025-07-14
M009996,P054,IN,159,2026-02-11
M009997,P068,OUT,199,2025-04-26
M009998,P053,OUT,79,2025-10-27
M009999,P017,IN,143,2025-10-10
M010000,P021,IN,36,2025-03-10
M010001,P036,IN,61,2025-12-14
M010002,P033,IN,87,2025-12-21
M010003,P015,IN,6,2025-04-10
M010004,P015,IN,68,2025-09-25
M010005,P038,OUT,178,2025-10-07
M010006,P081,IN,42,2025-05-01
M010007,P070,OUT,69,2026-01-31
M010008,P017,IN,12,2026-02-27
M010009,P072,IN,119,2025-07-02
M010010,P098,IN,41,2025-10-14
M010011,P067,IN,1,2025-06-05
M010012,P024,IN,124,2025-09-26
M010013,P072,IN,23,2025-07-09
M010014,P018,OUT,108,2025-03-23
M010015,P074,IN,88,2026-02-04
M010016,P069,IN,13,2026-02-01
M010017,P020,IN,177,2025-08-24
M010018,P005,IN,110,2026-02-07
M010019,P005,IN,65,2025-07-28
M010020,P010,OUT,185,2026-02-12
M010021,P090,OUT,65,2026-02-18
M010022,P055,IN,181,2026-03-01
M010023,P034,OUT,79,2025-05-06
M010024,P004,IN,172,2025-04-28
M010025,P060,IN,174,2025-07-23
M010026,P035,IN,180,2025-08-03
M010027,P086,IN,196,2025-09-23
M010028,P004,IN,165,2025-04-23
M010029,P073,OUT,154,2025-03-27
M010030,P032,IN,24,2025-06-02
M010031,P057,IN,194,2025-08-14
M010032,P073,OUT,101,2026-01-30
M010033,P096,IN,59,2025-04-12
M010034,P017,OUT,66,2025-05-18
M010035,P029,OUT,83,2026-03-03
M010036,P092,OUT,20,2026-01-20
M010037,P040,OUT,35,2025-04-01
M010038,P078,OUT,148,2025-04-25
M010039,P050,OUT,131,2025-10-01
M010040,P018,IN,46,2025-06-13
M010041,P030,OUT,13,2026-01-11
M010042,P092,IN,195,2025-12-27
M010043,P048,OUT,70,2025-09-10
M010044,P018,IN,121,2025-10-27
M010045,P042,OUT,188,2026-01-20
M010046,P098,IN,154,2025-03-22
M010047,P100,IN,151,2025-03-26
M010048,P015,OUT,46,2025-11-03
M010049,P035,IN,116,2025-12-08
M010050,P072,OUT,86,2025-11-26
M010051,P069,OUT,11,2025-11-10
M010052,P025,OUT,14,2025-07-25
M010053,P088,OUT,24,2025-10-07
M010054,P014,OUT,162,2026-02-02
M010055,P099,OUT,144,2025-11-24
M010056,P058,IN,129,2025-10-29
M010057,P021,OUT,101,2025-05-12
M010058,P038,IN,44,2026-02-16
M010059,P097,OUT,106,2025-12-15
M010060,P032,OUT,190,2025-08-05
M010061,P026,OUT,142,2025-03-27
M010062,P045,IN,124,2026-01-22
M010063,P044,OUT,196,2025-04-14
M010064,P033,IN,140,2025-06-05
M010065,P007,IN,56,2025-03-23
M010066,P086,IN,100,2025-07-23
M010067,P031,OUT,11,2025-11-11
M010068,P088,IN,63,2025-03-27
M010069,P062,OUT,98,2025-04-24
M010070,P098,OUT,33,2025-03-11
M010071,P010,OUT,76,2025-12-11
M010072,P042,IN,23,2026-02-04
M010073,P019,IN,194,2025-11-05
M010074,P042,IN,103,2025-10-03
M010075,P078,OUT,51,2025-06-27
M010076,P008,OUT,182,2025-11-12
M010077,P064,IN,15,2025-03-14
M010078,P082,IN,71,2026-01-27
M010079,P034,IN,111,2025-06-26
M010080,P100,OUT,160,2025-06-04
M010081,P083,OUT,89,2025-06-23
M010082,P071,OUT,54,2026-01-11
M010083,P044,IN,106,2025-12-22
M010084,P070,OUT,5,2025-06-05
M010085,P047,IN,116,2025-12-30
M010086,P097,IN,70,2025-05-25
M010087,P061,IN,188,2025-05-01
M010088,P001,OUT,136,2026-02-27
M010089,P048,IN,68,2025-03-10
M010090,P091,IN,193,2025-08-05
M010091,P021,OUT,80,2025-11-09
M010092,P034,IN,2,2026-01-08
M010093,P008,IN,128,2025-04-22
M010094,P084,IN,118,2025-04-02
M010095,P029,IN,101,2025-08-02
M010096,P030,OUT,186,2025-04-26
M010097,P095,IN,10,2026-03-02
M010098,P056,IN,96,2025-04-18
M010099,P020,IN,51,2025-12-02
M010100,P085,OUT,182,2025-10-23
M010101,P030,OUT,153,2025-10-19
M010102,P071,IN,151,2025-05-27
M010103,P038,OUT,86,2025-08-07
M010104,P060,OUT,137,2026-01-21
M010105,P014,OUT,141,2026-02-20
M010106,P037,IN,50,2025-10-18
M010107,P041,OUT,27,2025-12-07
M010108,P079,IN,172,2026-01-10
M010109,P033,OUT,166,2025-08-04
M010110,P085,OUT,165,2025-04-16
M010111,P099,IN,188,2025-05-10
M010112,P055,IN,167,2025-10-08
M010113,P089,IN,30,2025-06-24
M010114,P028,IN,3,2025-05-10
M010115,P025,OUT,100,2025-05-04
M010116,P018,OUT,187,2025-07-06
M010117,P051,IN,45,2025-05-08
M010118,P080,OUT,65,2025-06-05
M010119,P078,IN,10,2025-10-30
M010120,P046,OUT,24,2025-06-04
M010121,P091,IN,51,2025-03-25
M010122,P061,IN,86,2025-09-02
M010123,P058,OUT,179,2026-02-20
M010124,P002,IN,144,2025-08-21
M010125,P027,OUT,73,2025-06-07
M010126,P086,OUT,131,2025-05-26
M010127,P073,OUT,55,2025-06-06
M010128,P089,IN,44,2025-05-15
M010129,P071,IN,24,2025-07-09
M010130,P024,IN,79,2025-08-23
M010131,P008,OUT,128,2025-10-27
M010132,P058,OUT,187,2025-11-27
M010133,P056,OUT,114,2025-12-27
M010134,P061,OUT,62,2026-02-17
M010135,P007,OUT,130,2025-07-29
M010136,P007,OUT,122,2025-04-11
M010137,P082,OUT,123,2026-01-27
M010138,P044,OUT,171,2025-09-20
M010139,P007,OUT,18,2025-05-04
M010140,P077,IN,92,2025-04-26
M010141,P052,OUT,20,2025-06-05
M010142,P054,IN,58,2025-11-21
M010143,P039,OUT,94,2025-06-22
M010144,P005,IN,57,2025-12-11
M010145,P083,OUT,160,2026-03-02
M010146,P025,OUT,188,2025-05-06
M010147,P047,OUT,96,2025-05-25
M010148,P059,IN,75,2025-04-12
M010149,P029,IN,30,2025-07-31
M010150,P019,OUT,50,2026-02-02
M010151,P041,IN,200,2025-10-18
M010152,P074,OUT,109,2026-02-16
M010153,P042,OUT,163,2025-05-29
M010154,P089,IN,78,2025-03-11
M010155,P029,IN,197,2025-09-30
M010156,P048,IN,103,2025-04-19
M010157,P049,IN,161,2025-03-10
M010158,P085,OUT,40,2026-01-20
M010159,P002,OUT,146,2025-07-08
M010160,P030,OUT,39,2026-02-11
M010161,P042,IN,88,2026-01-31
M010162,P077,OUT,90,2026-01-31
M010163,P069,IN,82,2025-05-25
M010164,P042,OUT,129,2025-07-31
M010165,P009,IN,39,2025-03-09
M010166,P009,OUT,5,2025-09-14
M010167,P100,IN,138,2025-11-28
M010168,P062,IN,93,2026-02-23
M010169,P089,OUT,22,2025-06-13
M010170,P056,IN,22,2025-07-16
M010171,P092,OUT,153,2025-03-11
M010172,P005,OUT,171,2025-10-14
M010173,P001,OUT,71,2025-03-11
M010174,P067,OUT,159,2025-10-11
M010175,P020,IN,53,2026-02-14
M010176,P042,OUT,164,2025-06-16
M010177,P069,IN,110,2025-07-08
M010178,P083,OUT,131,2025-12-13
M010179,P085,OUT,48,2025-08-14
M010180,P040,IN,161,2025-05-14
M010181,P068,IN,167,2025-10-30
M010182,P004,IN,196,2025-08-09
M010183,P086,IN,188,2025-12-15
M010184,P033,OUT,150,2025-11-26
M010185,P019,OUT,195,2025-11-20
M010186,P051,IN,82,2025-07-07
M010187,P054,OUT,185,2025-10-22
M010188,P009,IN,48,2025-12-16
M010189,P100,IN,32,2025-06-19
M010190,P039,OUT,172,2025-08-23
M010191,P058,OUT,117,2025-05-21
M010192,P008,IN,183,2026-02-01
M010193,P061,IN,175,2025-06-27
M010194,P050,IN,13,2025-05-14
M010195,P030,OUT,37,2025-12-06
M010196,P018,OUT,193,2025-07-02
M010197,P031,IN,128,2025-03-14
M010198,P081,OUT,113,2025-09-25
M010199,P049,IN,30,2025-11-07
M010200,P071,IN,163,2026-02-18
M010201,P085,OUT,127,2025-12-05
M010202,P054,IN,58,2025-03-16
M010203,P054,OUT,41,2025-07-03
M010204,P027,OUT,178,2026-03-07
M010205,P026,OUT,107,2025-04-05
M010206,P083,IN,164,2025-11-29
M010207,P009,IN,123,2025-08-16
M010208,P051,IN,1,2026-01-08
M010209,P060,IN,110,2026-01-11
M010210,P069,OUT,98,2025-12-03
M010211,P053,IN,110,2026-02-19
M010212,P019,OUT,121,2025-03-20
M010213,P026,IN,149,2025-05-11
M010214,P088,OUT,174,2026-02-20
M010215,P048,IN,35,2025-09-22
M010216,P043,OUT,32,2025-12-17
M010217,P061,IN,178,2025-07-09
M010218,P100,IN,152,2025-04-29
M010219,P003,IN,68,2025-10-20
M010220,P043,IN,23,2025-04-21
M010221,P032,OUT,183,2026-01-29
M010222,P067,OUT,173,2026-02-10
M010223,P031,OUT,1,2026-02-19
M010224,P002,IN,158,2025-10-12
M010225,P049,IN,100,2026-03-05
M010226,P041,OUT,13,2026-02-12
M010227,P070,OUT,116,2025-05-20
M010228,P035,IN,54,2026-01-05
M010229,P075,IN,52,2025-07-19
M010230,P025,IN,33,2025-08-07
M010231,P077,OUT,191,2025-06-21
M010232,P099,OUT,33,2025-11-21
M010233,P039,OUT,37,2026-03-08
M010234,P061,IN,4,2025-11-12
M010235,P005,OUT,65,2025-05-17
M010236,P079,OUT,155,2025-05-16
M010237,P100,OUT,109,2025-12-18
M010238,P055,IN,106,2025-07-19
M010239,P010,IN,173,2025-06-07
M010240,P090,OUT,44,2025-08-23
M010241,P089,IN,14,2025-08-18
M010242,P009,IN,100,2025-10-16
M010243,P052,OUT,52,2025-04-12
M010244,P034,OUT,3,2025-09-12
M010245,P008,IN,35,2026-02-15
M010246,P049,IN,196,2025-11-04
M010247,P074,OUT,4,2025-05-30
M010248,P066,OUT,51,2025-06-11
M010249,P012,OUT,43,2025-10-01
M010250,P047,IN,27,2025-10-23
M010251,P085,IN,73,2025-11-11
M010252,P095,OUT,112,2026-02-04
M010253,P063,IN,41,2025-06-18
M010254,P056,IN,158,2025-12-31
M010255,P003,OUT,174,2025-06-05
M010256,P079,IN,24,2025-08-08
M010257,P085,IN,116,2025-07-11
M010258,P032,OUT,19,2025-08-12
M010259,P066,IN,194,2025-12-16
M010260,P086,IN,49,2025-10-08
M010261,P053,OUT,184,2025-05-14
M010262,P013,IN,57,2025-08-01
M010263,P038,IN,60,2025-07-26
M010264,P096,IN,168,2026-01-27
M010265,P013,IN,75,2025-06-16
M010266,P023,OUT,10,2025-09-09
M010267,P014,IN,192,2025-04-15
M010268,P026,OUT,68,2026-02-18
M010269,P083,IN,91,2025-08-21
M010270,P086,OUT,162,2025-08-13
M010271,P070,OUT,183,2025-03-24
M010272,P019,OUT,145,2025-03-24
M010273,P090,OUT,153,2025-07-13
M010274,P047,OUT,101,2026-03-08
M010275,P080,OUT,195,2025-07-11
M010276,P076,OUT,186,2025-05-12
M010277,P072,OUT,44,2026-01-01
M010278,P029,IN,169,2025-05-28
M010279,P036,OUT,50,2025-03-23
M010280,P014,IN,29,2026-02-19
M010281,P043,IN,10,2025-03-25
M010282,P025,IN,28,2025-05-27
M010283,P056,OUT,159,2025-04-11
M010284,P014,IN,55,2025-04-09
M010285,P087,OUT,198,2025-09-02
M010286,P021,IN,176,2025-09-06
M010287,P067,IN,119,2025-06-02
M010288,P075,OUT,39,2025-06-28
M010289,P091,IN,169,2025-08-25
M010290,P022,IN,123,2025-06-04
M010291,P043,IN,84,2025-12-07
M010292,P092,IN,91,2026-01-20
M010293,P059,OUT,172,2025-12-13
M010294,P037,IN,188,2025-04-14
M010295,P034,OUT,183,2025-06-30
M010296,P095,OUT,156,2026-01-01
M010297,P024,OUT,121,2026-02-15
M010298,P058,IN,65,2025-06-30
M010299,P070,OUT,18,2025-07-10
M010300,P081,IN,90,2026-01-08
M010301,P081,IN,9,2025-07-14
M010302,P083,OUT,117,2025-08-22
M010303,P053,IN,95,2025-05-23
M010304,P028,OUT,61,2025-07-18
M010305,P023,OUT,47,2025-07-19
M010306,P021,OUT,95,2025-04-21
M010307,P019,OUT,5,2025-05-08
M010308,P093,OUT,116,2026-02-19
M010309,P027,OUT,198,2026-02-08
M010310,P039,OUT,26,2025-08-11
M010311,P090,OUT,138,2025-05-05
M010312,P060,IN,126,2025-08-14
M010313,P009,OUT,101,2025-03-24
M010314,P023,IN,32,2025-04-12
M010315,P001,IN,156,2025-07-26
M010316,P064,OUT,68,2026-01-12
M010317,P059,IN,63,2026-01-29
M010318,P054,IN,171,2025-10-09
M010319,P022,OUT,31,2025-10-30
M010320,P009,OUT,78,2025-09-17
M010321,P097,IN,155,2025-07-21
M010322,P023,IN,28,2026-02-08
M010323,P043,IN,111,2025-06-27
M010324,P069,OUT,56,2025-04-25
M010325,P074,OUT,96,2025-07-05
M010326,P093,OUT,197,2026-01-04
M010327,P086,OUT,7,2025-09-08
M010328,P021,IN,88,2025-03-11
M010329,P092,OUT,39,2025-10-28
M010330,P017,IN,45,2026-01-18
M010331,P054,IN,78,2025-12-02
M010332,P056,OUT,64,2025-10-17
M010333,P065,OUT,187,2025-06-17
M010334,P096,IN,84,2025-06-20
M010335,P002,IN,182,2025-11-01
M010336,P095,IN,166,2025-12-18
M010337,P071,IN,131,2026-02-10
M010338,P041,OUT,88,2026-02-15
M010339,P065,OUT,66,2025-10-03
M010340,P095,IN,14,2025-07-11
M010341,P063,OUT,12,2025-10-08
M010342,P031,OUT,110,2025-06-10
M010343,P009,OUT,135,2026-02-03
M010344,P057,OUT,150,2025-08-31
M010345,P015,OUT,2,2025-11-08
M010346,P034,OUT,51,2025-07-28
M010347,P016,IN,112,2025-11-11
M010348,P069,IN,184,2026-03-06
M010349,P084,OUT,178,2025-07-15
M010350,P031,IN,70,2025-05-02
M010351,P020,OUT,165,2025-07-23
M010352,P075,OUT,36,2025-10-22
M010353,P085,IN,23,2025-09-06
M010354,P088,IN,130,2026-02-22
M010355,P083,IN,31,2025-05-07
M010356,P044,IN,159,2026-02-17
M010357,P087,OUT,84,2025-04-23
M010358,P026,IN,32,2025-08-07
M010359,P072,IN,111,2026-01-13
M010360,P040,IN,29,2025-03-27
M010361,P093,OUT,91,2026-01-08
M010362,P037,OUT,160,2025-06-24
M010363,P077,IN,86,2026-02-03
M010364,P017,IN,106,2025-09-30
M010365,P009,OUT,97,2025-03-16
M010366,P090,OUT,30,2025-04-03
M010367,P099,IN,133,2025-09-27
M010368,P038,IN,122,2025-06-02
M010369,P056,IN,154,2025-12-10
M010370,P080,IN,71,2025-05-06
M010371,P048,OUT,20,2025-11-16
M010372,P075,IN,57,2025-09-11
M010373,P003,IN,2,2025-09-12
M010374,P017,OUT,128,2025-05-21
M010375,P100,OUT,195,2025-08-02
M010376,P045,OUT,140,2026-03-03
M010377,P070,IN,68,2026-02-01
M010378,P081,IN,66,2025-09-30
M010379,P058,OUT,89,2025-10-29
M010380,P099,IN,145,2025-09-10
M010381,P061,OUT,131,2025-08-11
M010382,P089,OUT,39,2026-02-26
M010383,P095,OUT,169,2026-01-12
M010384,P094,IN,165,2025-03-31
M010385,P055,IN,165,2025-12-13
M010386,P052,OUT,9,2025-08-18
M010387,P033,IN,115,2025-12-05
M010388,P038,OUT,26,2025-12-06
M010389,P047,OUT,112,2026-03-09
M010390,P085,OUT,171,2025-05-12
M010391,P056,OUT,50,2025-09-22
M010392,P019,OUT,179,2025-05-26
M010393,P062,OUT,40,2026-01-15
M010394,P035,IN,18,2025-12-29
M010395,P010,OUT,108,2025-10-19
M010396,P059,OUT,58,2025-03-24
M010397,P081,OUT,67,2025-06-09
M010398,P048,IN,47,2025-12-27
M010399,P026,OUT,191,2025-05-09
M010400,P016,OUT,74,2025-08-29
M010401,P078,IN,22,2025-10-23
M010402,P018,IN,87,2025-04-07
M010403,P007,IN,139,2025-08-31
M010404,P079,OUT,94,2025-03-11
M010405,P062,OUT,121,2025-10-04
M010406,P035,IN,196,2025-05-26
M010407,P073,IN,196,2025-07-30
M010408,P021,IN,3,2025-06-09
M010409,P028,OUT,199,2025-07-27
M010410,P031,IN,58,2026-03-04
M010411,P012,OUT,12,2025-06-18
M010412,P053,OUT,75,2025-10-30
M010413,P062,IN,143,2025-08-22
M010414,P059,IN,165,2025-08-17
M010415,P011,OUT,168,2025-08-20
M010416,P001,IN,14,2025-11-01
M010417,P077,OUT,111,2025-10-19
M010418,P020,OUT,134,2025-03-11
M010419,P081,OUT,143,2025-03-24
M010420,P065,IN,89,2025-12-06
M010421,P002,OUT,86,2026-01-01
M010422,P071,IN,74,2025-07-04
M010423,P024,IN,19,2025-11-29
M010424,P099,IN,4,2025-11-23
M010425,P017,OUT,198,2025-10-16
M010426,P005,OUT,94,2025-11-06
M010427,P077,OUT,138,2025-08-31
M010428,P003,OUT,162,2025-05-15
M010429,P055,OUT,102,2026-02-08
M010430,P028,OUT,85,2025-03-24
M010431,P051,IN,166,2025-05-14
M010432,P072,OUT,30,2025-10-08
M010433,P090,OUT,64,2025-12-23
M010434,P099,OUT,130,2025-06-02
M010435,P030,IN,75,2026-01-14
M010436,P023,OUT,150,2026-01-15
M010437,P018,IN,69,2025-12-02
M010438,P069,OUT,16,2025-08-15
M010439,P009,OUT,8,2026-01-17
M010440,P005,OUT,16,2025-05-29
M010441,P017,OUT,98,2025-11-20
M010442,P068,IN,28,2025-10-03
M010443,P073,IN,135,2025-04-28
M010444,P010,IN,33,2025-03-28
M010445,P095,IN,137,2025-04-29
M010446,P092,IN,55,2025-05-28
M010447,P040,IN,98,2025-06-21
M010448,P014,IN,64,2025-08-15
M010449,P009,IN,5,2025-05-25
M010450,P029,IN,194,2026-01-14
M010451,P041,OUT,149,2025-06-01
M010452,P042,IN,141,2026-02-24
M010453,P093,OUT,190,2025-06-29
M010454,P002,OUT,199,2025-10-15
M010455,P018,OUT,2,2025-05-23
M010456,P069,IN,48,2025-08-12
M010457,P084,OUT,37,2025-10-12
M010458,P076,IN,32,2025-12-15
M010459,P083,OUT,42,2025-04-05
M010460,P024,OUT,125,2025-03-13
M010461,P058,OUT,34,2025-10-10
M010462,P076,IN,130,2025-04-18
M010463,P031,IN,39,2025-07-17
M010464,P016,IN,184,2026-01-15
M010465,P032,OUT,85,2026-02-02
M010466,P022,OUT,113,2025-12-05
M010467,P032,OUT,14,2025-06-22
M010468,P003,IN,50,2026-02-08
M010469,P090,OUT,151,2025-05-05
M010470,P097,IN,186,2025-12-19
M010471,P050,OUT,200,2025-07-08
M010472,P100,IN,72,2025-10-11
M010473,P014,OUT,70,2025-04-22
M010474,P049,IN,173,2025-08-16
M010475,P039,IN,40,2025-11-13
M010476,P082,OUT,192,2026-02-05
M010477,P091,OUT,14,2026-01-14
M010478,P099,IN,157,2025-03-31
M010479,P044,IN,145,2025-11-08
M010480,P057,IN,10,2025-05-20
M010481,P020,IN,4,2026-01-30
M010482,P063,IN,89,2025-12-15
M010483,P034,OUT,33,2026-02-06
M010484,P075,OUT,24,2026-01-01
M010485,P089,IN,90,2025-10-13
M010486,P088,OUT,197,2026-02-26
M010487,P093,IN,190,2026-01-25
M010488,P089,IN,167,2025-05-23
M010489,P008,IN,170,2025-12-29
M010490,P048,OUT,16,2025-10-13
M010491,P042,IN,113,2025-03-29
M010492,P054,IN,130,2025-12-15
M010493,P015,OUT,132,2025-09-14
M010494,P004,IN,138,2025-03-30
M010495,P085,OUT,138,2026-02-15
M010496,P040,IN,81,2026-03-08
M010497,P001,OUT,99,2026-02-04
M010498,P075,OUT,194,2025-12-03
M010499,P081,OUT,57,2025-06-11
M010500,P086,IN,135,2025-12-19
M010501,P003,IN,24,2025-05-09
M010502,P049,IN,176,2026-02-02
M010503,P064,OUT,193,2025-10-29
M010504,P032,OUT,139,2025-08-24
M010505,P003,OUT,7,2026-01-23
M010506,P015,IN,157,2025-05-27
M010507,P091,OUT,122,2025-12-05
M010508,P039,OUT,80,2025-06-09
M010509,P084,OUT,46,2025-11-30
M010510,P002,OUT,89,2026-02-16
M010511,P070,IN,125,2026-02-12
M010512,P042,IN,52,2025-11-02
M010513,P011,IN,96,2025-11-16
M010514,P016,OUT,120,2026-01-29
M010515,P084,OUT,155,2025-05-20
M010516,P002,IN,146,2025-04-13
M010517,P060,OUT,32,2025-04-15
M010518,P047,IN,23,2025-03-20
M010519,P039,IN,162,2025-11-25
M010520,P030,IN,71,2026-03-06
M010521,P003,OUT,13,2026-03-05
M010522,P003,OUT,119,2025-04-13
M010523,P089,OUT,32,2025-09-24
M010524,P093,IN,198,2025-04-07
M010525,P059,IN,18,2025-06-20
M010526,P024,OUT,52,2025-08-15
M010527,P089,IN,199,2026-02-27
M010528,P077,OUT,40,2025-06-26
M010529,P034,IN,18,2025-03-14
M010530,P068,IN,87,2025-03-29
M010531,P087,OUT,145,2025-11-20
M010532,P003,OUT,108,2025-09-08
M010533,P046,IN,49,2025-10-11
M010534,P075,OUT,169,2025-10-06
M010535,P010,OUT,178,2025-09-24
M010536,P031,OUT,115,2025-05-14
M010537,P020,OUT,47,2025-05-19
M010538,P032,OUT,33,2025-04-15
M010539,P074,OUT,98,2025-12-19
M010540,P023,IN,66,2025-12-24
M010541,P074,IN,56,2025-12-31
M010542,P004,OUT,142,2025-08-09
M010543,P003,OUT,64,2025-08-27
M010544,P070,IN,25,2025-09-24
M010545,P076,IN,53,2025-11-24
M010546,P005,IN,86,2025-04-27
M010547,P004,IN,172,2025-08-10
M010548,P081,OUT,55,2025-08-05
M010549,P066,OUT,59,2025-06-07
M010550,P078,OUT,30,2025-10-07
M010551,P033,IN,67,2025-11-25
M010552,P014,IN,88,2025-05-17
M010553,P038,IN,113,2025-09-15
M010554,P041,OUT,20,2025-03-26
M010555,P096,OUT,111,2025-10-29
M010556,P066,OUT,100,2025-04-28
M010557,P058,OUT,10,2025-08-01
M010558,P076,OUT,143,2025-07-16
M010559,P013,OUT,121,2025-12-28
M010560,P069,OUT,39,2025-08-17
M010561,P051,IN,182,2025-04-03
M010562,P022,IN,154,2025-10-27
M010563,P047,IN,150,2025-04-10
M010564,P082,IN,145,2025-10-23
M010565,P034,OUT,90,2026-02-19
M010566,P046,OUT,185,2025-12-06
M010567,P099,OUT,13,2025-08-10
M010568,P005,OUT,59,2026-02-05
M010569,P001,OUT,128,2025-03-31
M010570,P089,IN,180,2025-05-21
M010571,P052,IN,132,2025-07-27
M010572,P016,IN,187,2025-09-26
M010573,P055,OUT,150,2025-11-17
M010574,P059,OUT,171,2026-03-04
M010575,P018,IN,93,2025-12-16
M010576,P032,OUT,126,2026-02-12
M010577,P053,OUT,103,2025-03-09
M010578,P095,IN,112,2025-09-30
M010579,P064,IN,147,2025-04-02
M010580,P059,OUT,190,2025-11-16
M010581,P018,OUT,70,2026-02-18
M010582,P086,OUT,122,2025-09-28
M010583,P087,OUT,149,2025-05-23
M010584,P093,OUT,4,2026-03-09
M010585,P002,IN,196,2025-08-10
M010586,P090,OUT,22,2025-04-12
M010587,P081,OUT,45,2026-01-25
M010588,P007,IN,37,2025-06-27
M010589,P055,OUT,2,2025-12-05
M010590,P017,OUT,167,2026-03-06
M010591,P091,IN,103,2025-11-20
M010592,P096,IN,80,2025-04-06
M010593,P071,IN,88,2025-09-08
M010594,P039,IN,7,2025-10-01
M010595,P098,IN,28,2025-04-25
M010596,P077,IN,147,2026-02-01
M010597,P008,OUT,125,2025-07-08
M010598,P064,IN,196,2025-12-11
M010599,P089,IN,12,2026-01-11
M010600,P054,OUT,35,2025-09-29
M010601,P070,OUT,70,2026-01-30
M010602,P059,OUT,1,2025-08-28
M010603,P072,IN,138,2025-04-01
M010604,P004,IN,20,2025-12-19
M010605,P091,IN,14,2025-04-02
M010606,P022,OUT,130,2025-06-09
M010607,P091,OUT,181,2025-12-24
M010608,P041,OUT,71,2025-04-05
M010609,P051,OUT,29,2025-11-02
M010610,P059,IN,44,2025-07-07
M010611,P019,OUT,118,2025-09-15
M010612,P048,OUT,110,2026-02-18
M010613,P048,IN,68,2025-12-25
M010614,P017,IN,79,2025-08-08
M010615,P034,OUT,62,2026-01-08
M010616,P095,IN,118,2025-06-25
M010617,P002,OUT,84,2025-09-14
M010618,P035,OUT,4,2026-02-19
M010619,P014,IN,1,2025-06-16
M010620,P008,IN,13,2025-11-02
M010621,P004,IN,51,2025-04-28
M010622,P025,IN,200,2025-03-10
M010623,P035,IN,94,2025-08-10
M010624,P010,OUT,162,2025-05-23
M010625,P066,IN,11,2025-08-23
M010626,P090,OUT,116,2026-02-02
M010627,P031,OUT,46,2025-07-06
M010628,P027,OUT,3,2025-04-19
M010629,P011,IN,126,2025-05-28
M010630,P046,IN,186,2025-12-30
M010631,P041,IN,115,2025-06-13
M010632,P070,OUT,2,2025-05-26
M010633,P021,IN,174,2025-06-17
M010634,P070,OUT,128,2025-08-30
M010635,P066,OUT,180,2026-01-07
M010636,P036,IN,106,2025-08-29
M010637,P002,OUT,101,2026-02-03
M010638,P090,IN,162,2026-02-14
M010639,P095,IN,91,2025-08-12
M010640,P067,OUT,109,2025-09-15
M010641,P002,IN,19,2026-03-06
M010642,P003,OUT,169,2025-08-28
M010643,P053,OUT,178,2026-02-26
M010644,P004,OUT,8,2025-04-30
M010645,P095,IN,6,2025-03-29
M010646,P099,OUT,190,2025-10-02
M010647,P071,OUT,116,2026-02-01
M010648,P006,IN,66,2026-02-13
M010649,P034,IN,157,2025-04-23
M010650,P012,IN,178,2025-09-08
M010651,P088,OUT,38,2025-09-27
M010652,P002,OUT,105,2025-04-14
M010653,P087,OUT,109,2025-04-17
M010654,P058,IN,12,2025-10-21
M010655,P088,IN,76,2025-09-26
M010656,P035,IN,170,2025-10-11
M010657,P055,IN,122,2025-07-21
M010658,P088,OUT,169,2026-03-03
M010659,P015,IN,169,2026-02-07
M010660,P087,IN,69,2025-06-14
M010661,P071,OUT,180,2025-11-27
M010662,P029,IN,22,2025-08-12
M010663,P097,OUT,142,2025-09-09
M010664,P035,IN,118,2025-11-05
M010665,P015,OUT,119,2025-04-06
M010666,P081,IN,100,2025-09-27
M010667,P024,OUT,140,2025-11-01
M010668,P089,OUT,148,2025-10-11
M010669,P032,IN,18,2025-10-19
M010670,P002,IN,138,2026-02-08
M010671,P081,IN,136,2025-03-21
M010672,P027,IN,60,2025-09-25
M010673,P022,IN,109,2025-03-25
M010674,P049,IN,177,2025-07-03
M010675,P035,IN,44,2026-02-16
M010676,P020,OUT,135,2025-08-07
M010677,P096,IN,132,2025-06-09
M010678,P024,IN,197,2026-02-19
M010679,P024,IN,121,2025-07-07
M010680,P076,OUT,59,2025-07-05
M010681,P088,OUT,3,2025-06-24
M010682,P017,IN,60,2026-03-05
M010683,P002,OUT,130,2025-03-12
M010684,P006,IN,112,2025-10-28
M010685,P037,IN,100,2025-03-29
M010686,P021,IN,9,2025-06-11
M010687,P087,OUT,68,2025-12-08
M010688,P024,OUT,41,2025-03-24
M010689,P075,IN,122,2025-07-11
M010690,P080,OUT,180,2025-12-16
M010691,P028,OUT,75,2025-04-18
M010692,P035,IN,192,2026-01-04
M010693,P048,OUT,48,2025-11-06
M010694,P012,IN,18,2025-08-26
M010695,P033,OUT,136,2026-01-27
M010696,P033,OUT,182,2025-10-28
M010697,P036,OUT,47,2025-03-29
M010698,P028,OUT,137,2025-10-22
M010699,P035,OUT,163,2025-09-19
M010700,P044,IN,112,2026-03-07
M010701,P044,OUT,176,2025-04-15
M010702,P078,OUT,159,2025-09-21
M010703,P036,OUT,49,2025-07-02
M010704,P009,OUT,48,2025-12-02
M010705,P021,IN,154,2025-11-30
M010706,P076,OUT,60,2025-06-01
M010707,P019,OUT,157,2025-09-27
M010708,P027,OUT,9,2025-09-28
M010709,P085,OUT,69,2025-08-29
M010710,P077,OUT,197,2025-05-09
M010711,P018,OUT,132,2025-05-12
M010712,P047,OUT,194,2025-07-10
M010713,P041,IN,168,2025-05-21
M010714,P009,OUT,86,2025-12-21
M010715,P098,OUT,187,2026-02-28
M010716,P019,IN,161,2025-05-25
M010717,P033,IN,71,2025-03-25
M010718,P065,OUT,23,2025-03-20
M010719,P082,IN,34,2025-12-15
M010720,P081,OUT,38,2025-11-23
M010721,P001,OUT,122,2025-03-15
M010722,P048,OUT,59,2026-01-31
M010723,P028,OUT,143,2025-05-18
M010724,P058,IN,75,2025-08-12
M010725,P041,OUT,89,2025-10-07
M010726,P094,IN,127,2025-12-28
M010727,P077,IN,84,2025-07-05
M010728,P022,OUT,84,2025-08-25
M010729,P092,OUT,97,2025-12-21
M010730,P048,OUT,13,2025-10-06
M010731,P003,IN,41,2026-03-01
M010732,P051,IN,119,2025-07-02
M010733,P094,OUT,24,2026-02-14
M010734,P079,IN,80,2025-05-15
M010735,P009,OUT,154,2025-11-19
M010736,P091,OUT,59,2025-05-30
M010737,P082,OUT,184,2025-03-20
M010738,P096,IN,81,2026-03-09
M010739,P012,IN,133,2025-12-29
M010740,P024,OUT,123,2025-06-28
M010741,P067,IN,151,2026-01-27
M010742,P068,OUT,188,2026-02-22
M010743,P009,IN,72,2026-02-23
M010744,P078,OUT,52,2025-07-18
M010745,P032,IN,139,2025-04-25
M010746,P051,OUT,99,2025-05-09
M010747,P083,IN,132,2025-09-20
M010748,P084,IN,196,2025-04-09
M010749,P048,IN,105,2026-02-08
M010750,P017,IN,24,2025-08-28
M010751,P019,IN,1,2025-04-24
M010752,P065,OUT,107,2025-08-25
M010753,P090,OUT,185,2025-09-13
M010754,P037,IN,40,2025-05-22
M010755,P002,OUT,176,2025-07-24
M010756,P052,IN,100,2025-06-25
M010757,P082,OUT,77,2025-06-18
M010758,P039,IN,146,2025-04-17
M010759,P030,IN,36,2025-08-29
M010760,P050,OUT,27,2025-07-09
M010761,P030,OUT,66,2025-05-16
M010762,P063,IN,51,2025-06-20
M010763,P073,IN,173,2025-05-22
M010764,P003,OUT,80,2026-02-27
M010765,P063,IN,123,2025-09-01
M010766,P042,OUT,174,2025-12-24
M010767,P086,IN,87,2025-09-19
M010768,P095,OUT,134,2025-06-19
M010769,P070,IN,33,2025-08-11
M010770,P088,OUT,158,2026-01-05
M010771,P059,OUT,91,2025-12-07
M010772,P042,OUT,147,2025-03-18
M010773,P074,OUT,29,2025-10-31
M010774,P064,IN,145,2025-09-26
M010775,P089,OUT,158,2025-06-06
M010776,P035,IN,5,2025-07-24
M010777,P041,IN,135,2025-03-31
M010778,P016,IN,131,2025-06-06
M010779,P003,IN,129,2025-05-12
M010780,P044,OUT,143,2026-02-02
M010781,P084,IN,89,2025-05-03
M010782,P068,OUT,166,2025-03-26
M010783,P076,IN,58,2026-02-25
M010784,P026,IN,61,2025-12-25
M010785,P034,IN,144,2025-08-10
M010786,P038,IN,198,2025-04-06
M010787,P098,OUT,65,2025-08-12
M010788,P079,OUT,101,2025-07-29
M010789,P055,IN,182,2026-03-09
M010790,P019,OUT,162,2026-02-05
M010791,P019,IN,169,2025-07-06
M010792,P003,IN,155,2025-12-10
M010793,P099,IN,52,2025-12-17
M010794,P072,OUT,196,2026-02-14
M010795,P096,IN,72,2025-06-09
M010796,P022,IN,143,2025-11-21
M010797,P017,OUT,171,2025-06-05
M010798,P062,OUT,153,2025-11-12
M010799,P038,IN,186,2025-09-06
M010800,P010,OUT,158,2025-03-31
M010801,P015,IN,72,2025-06-14
M010802,P049,OUT,108,2026-02-04
M010803,P083,OUT,144,2025-09-19
M010804,P002,IN,184,2025-12-13
M010805,P061,OUT,20,2025-11-08
M010806,P064,IN,76,2026-01-18
M010807,P077,OUT,57,2026-02-04
M010808,P083,IN,174,2025-05-26
M010809,P038,OUT,173,2026-02-20
M010810,P033,OUT,26,2025-11-21
M010811,P064,IN,179,2026-01-07
M010812,P063,IN,161,2025-06-19
M010813,P044,IN,168,2025-11-29
M010814,P034,IN,63,2025-10-28
M010815,P008,IN,184,2025-04-28
M010816,P076,OUT,194,2025-07-22
M010817,P080,IN,166,2025-03-29
M010818,P097,OUT,190,2025-08-26
M010819,P003,OUT,2,2025-07-07
M010820,P048,IN,73,2026-01-22
M010821,P015,IN,195,2026-01-25
M010822,P019,IN,128,2026-01-03
M010823,P032,IN,5,2025-10-10
M010824,P083,OUT,54,2025-12-08
M010825,P056,OUT,184,2025-05-26
M010826,P094,OUT,43,2025-06-19
M010827,P070,IN,147,2025-10-09
M010828,P004,IN,178,2025-08-02
M010829,P038,OUT,2,2025-09-26
M010830,P085,IN,81,2025-04-01
M010831,P039,OUT,32,2025-09-10
M010832,P099,IN,105,2025-11-29
M010833,P023,IN,118,2025-08-27
M010834,P014,OUT,166,2025-10-03
M010835,P085,IN,19,2025-09-06
M010836,P074,IN,28,2025-09-03
M010837,P095,OUT,63,2025-05-21
M010838,P079,OUT,69,2025-03-13
M010839,P022,OUT,70,2025-03-31
M010840,P042,OUT,104,2026-02-18
M010841,P019,IN,164,2025-07-09
M010842,P054,IN,174,2025-07-17
M010843,P036,OUT,25,2025-07-29
M010844,P077,IN,117,2026-03-01
M010845,P086,IN,29,2025-03-30
M010846,P037,IN,134,2025-09-26
M010847,P009,OUT,161,2025-11-03
M010848,P053,IN,100,2025-05-13
M010849,P067,IN,189,2025-04-26
M010850,P095,OUT,84,2026-03-04
M010851,P063,IN,165,2025-10-01
M010852,P061,IN,142,2025-06-08
M010853,P008,OUT,127,2025-08-11
M010854,P041,OUT,70,2025-12-16
M010855,P020,IN,107,2025-04-15
M010856,P065,OUT,82,2025-06-28
M010857,P029,OUT,198,2025-04-12
M010858,P053,OUT,5,2026-02-03
M010859,P013,OUT,127,2026-03-09
M010860,P022,OUT,158,2025-11-30
M010861,P066,OUT,166,2025-06-29
M010862,P011,OUT,13,2025-07-04
M010863,P004,OUT,159,2025-06-06
M010864,P030,OUT,82,2025-08-05
M010865,P061,OUT,102,2026-01-26
M010866,P051,IN,21,2025-07-10
M010867,P019,OUT,117,2025-07-28
M010868,P005,IN,105,2026-02-28
M010869,P088,IN,21,2025-12-04
M010870,P082,OUT,48,2026-01-24
M010871,P049,OUT,183,2025-05-30
M010872,P087,IN,44,2025-04-17
M010873,P093,OUT,113,2025-08-07
M010874,P070,OUT,3,2025-07-17
M010875,P048,OUT,131,2026-02-10
M010876,P094,IN,94,2025-11-29
M010877,P009,OUT,121,2026-02-02
M010878,P057,OUT,165,2025-04-25
M010879,P061,OUT,34,2025-06-07
M010880,P063,OUT,199,2026-02-17
M010881,P073,OUT,25,2025-06-28
M010882,P081,IN,158,2025-07-01
M010883,P008,OUT,47,2025-09-07
M010884,P018,IN,62,2025-03-29
M010885,P099,OUT,11,2025-05-07
M010886,P072,OUT,173,2026-01-18
M010887,P068,IN,129,2025-10-09
M010888,P032,OUT,73,2025-11-22
M010889,P007,IN,88,2026-01-01
M010890,P017,OUT,73,2025-10-13
M010891,P049,OUT,135,2025-08-26
M010892,P014,IN,155,2025-04-01
M010893,P004,IN,54,2025-09-01
M010894,P092,IN,68,2026-02-12
M010895,P017,IN,95,2025-04-20
M010896,P067,IN,122,2025-10-20
M010897,P028,OUT,155,2025-10-23
M010898,P086,IN,78,2025-04-11
M010899,P036,IN,8,2026-01-01
M010900,P011,IN,160,2025-11-30
M010901,P004,IN,164,2025-06-20
M010902,P062,IN,197,2025-04-27
M010903,P073,OUT,63,2025-04-13
M010904,P070,IN,142,2025-03-24
M010905,P040,IN,26,2025-09-25
M010906,P038,OUT,42,2025-09-28
M010907,P043,IN,136,2026-01-30
M010908,P080,OUT,54,2025-07-24
M010909,P023,IN,156,2025-06-17
M010910,P015,IN,18,2025-05-22
M010911,P089,OUT,32,2025-10-13
M010912,P014,OUT,170,2025-11-29
M010913,P064,OUT,107,2025-05-03
M010914,P037,OUT,19,2025-12-10
M010915,P037,OUT,38,2025-09-04
M010916,P056,OUT,150,2026-01-17
M010917,P056,OUT,33,2025-12-25
M010918,P003,OUT,140,2025-08-17
M010919,P037,OUT,166,2025-11-24
M010920,P019,IN,167,2026-01-02
M010921,P051,IN,108,2026-01-31
M010922,P023,OUT,106,2025-09-20
M010923,P034,OUT,116,2025-09-23
M010924,P071,OUT,96,2026-02-22
M010925,P091,OUT,60,2025-11-12
M010926,P076,OUT,100,2025-12-28
M010927,P036,OUT,157,2025-03-26
M010928,P033,OUT,33,2025-11-05
M010929,P086,OUT,119,2025-06-07
M010930,P078,OUT,116,2025-12-01
M010931,P044,OUT,112,2025-08-04
M010932,P053,IN,80,2025-11-18
M010933,P049,OUT,44,2025-10-31
M010934,P014,IN,107,2025-08-01
M010935,P043,OUT,9,2025-10-19
M010936,P084,OUT,177,2026-01-25
M010937,P056,OUT,131,2026-02-17
M010938,P070,IN,12,2025-05-10
M010939,P084,IN,4,2025-05-17
M010940,P067,OUT,132,2025-12-07
M010941,P070,OUT,107,2025-11-11
M010942,P089,IN,56,2025-04-17
M010943,P036,IN,19,2025-10-07
M010944,P042,OUT,97,2025-12-08
M010945,P084,IN,180,2025-11-13
M010946,P002,OUT,195,2025-10-25
M010947,P069,IN,117,2025-04-13
M010948,P031,OUT,103,2026-02-14
M010949,P053,IN,38,2025-07-18
M010950,P009,IN,13,2026-02-23
M010951,P012,OUT,156,2025-12-11
M010952,P075,IN,118,2025-08-07
M010953,P099,OUT,40,2026-03-08
M010954,P050,OUT,162,2025-11-25
M010955,P064,IN,95,2025-12-14
M010956,P020,OUT,117,2025-03-26
M010957,P061,IN,199,2025-04-03
M010958,P023,OUT,149,2026-01-13
M010959,P006,IN,191,2025-06-24
M010960,P049,IN,98,2026-01-13
M010961,P005,IN,192,2026-01-09
M010962,P015,OUT,52,2025-06-08
M010963,P046,OUT,109,2025-04-14
M010964,P068,OUT,194,2025-07-15
M010965,P069,OUT,168,2025-04-20
M010966,P076,IN,8,2025-05-21
M010967,P054,OUT,6,2025-08-19
M010968,P070,OUT,78,2026-01-20
M010969,P024,OUT,174,2025-11-28
M010970,P098,OUT,3,2025-06-09
M010971,P028,IN,140,2025-04-24
M010972,P038,OUT,175,2025-07-11
M010973,P080,OUT,15,2026-02-14
M010974,P092,OUT,178,2025-08-16
M010975,P069,OUT,99,2025-04-06
M010976,P023,OUT,187,2025-06-25
M010977,P029,IN,124,2025-04-19
M010978,P062,OUT,50,2025-08-09
M010979,P035,OUT,133,2025-08-14
M010980,P032,OUT,94,2025-05-13
M010981,P090,OUT,28,2025-12-19
M010982,P010,OUT,138,2025-05-23
M010983,P018,OUT,82,2025-11-08
M010984,P060,OUT,152,2025-10-21
M010985,P080,OUT,172,2026-02-19
M010986,P009,IN,141,2025-08-07
M010987,P094,IN,44,2025-06-20
M010988,P024,OUT,119,2025-12-31
M010989,P075,OUT,103,2025-05-14
M010990,P051,OUT,91,2025-03-09
M010991,P098,OUT,49,2025-11-01
M010992,P004,IN,199,2025-03-11
M010993,P100,OUT,95,2025-08-20
M010994,P057,OUT,84,2025-04-04
M010995,P046,IN,162,2025-06-07
M010996,P051,OUT,44,2025-04-14
M010997,P004,IN,142,2025-09-02
M010998,P074,IN,3,2026-02-21
M010999,P081,IN,59,2026-03-03
M011000,P019,IN,124,2025-04-13
M011001,P026,OUT,173,2025-05-23
M011002,P038,IN,72,2026-01-01
M011003,P039,IN,114,2026-01-01
M011004,P083,IN,94,2026-02-12
M011005,P097,OUT,9,2026-02-11
M011006,P003,IN,61,2026-03-07
M011007,P026,IN,152,2025-04-04
M011008,P066,OUT,57,2025-10-06
M011009,P097,IN,11,2026-02-03
M011010,P051,OUT,170,2025-11-10
M011011,P029,IN,17,2025-06-01
M011012,P063,OUT,123,2025-07-29
M011013,P100,OUT,126,2026-02-01
M011014,P024,IN,99,2025-09-23
M011015,P058,OUT,193,2025-09-07
M011016,P006,OUT,81,2025-04-28
M011017,P062,OUT,176,2025-05-23
M011018,P062,OUT,1,2026-03-08
M011019,P087,IN,29,2025-07-27
M011020,P095,OUT,6,2025-12-08
M011021,P014,IN,128,2025-12-21
M011022,P074,OUT,96,2025-06-13
M011023,P083,OUT,2,2025-03-14
M011024,P036,IN,151,2025-06-14
M011025,P086,IN,189,2025-09-10
M011026,P036,OUT,86,2025-12-10
M011027,P037,IN,26,2025-05-19
M011028,P083,OUT,159,2025-04-21
M011029,P046,OUT,112,2025-05-23
M011030,P084,OUT,189,2025-07-20
M011031,P049,IN,179,2026-02-15
M011032,P054,IN,101,2025-12-14
M011033,P100,OUT,101,2025-11-18
M011034,P082,OUT,191,2025-07-09
M011035,P038,IN,100,2025-08-24
M011036,P089,OUT,193,2026-03-03
M011037,P093,OUT,7,2025-10-20
M011038,P003,OUT,96,2025-10-03
M011039,P096,OUT,34,2025-12-17
M011040,P041,IN,133,2025-04-01
M011041,P044,IN,78,2025-09-13
M011042,P063,IN,42,2025-06-28
M011043,P098,OUT,31,2025-04-07
M011044,P018,OUT,85,2025-05-22
M011045,P076,OUT,3,2025-11-16
M011046,P069,IN,154,2025-04-14
M011047,P068,IN,99,2025-08-14
M011048,P076,OUT,48,2025-12-05
M011049,P041,IN,195,2025-07-16
M011050,P072,OUT,174,2025-03-23
M011051,P093,OUT,192,2025-05-27
M011052,P030,OUT,151,2025-09-05
M011053,P029,OUT,58,2026-01-15
M011054,P035,IN,158,2025-12-04
M011055,P030,OUT,81,2025-06-11
M011056,P022,IN,137,2025-07-10
M011057,P037,OUT,150,2026-03-01
M011058,P055,IN,130,2025-11-30
M011059,P024,OUT,141,2025-11-07
M011060,P037,IN,132,2025-11-08
M011061,P034,OUT,128,2025-08-28
M011062,P061,OUT,149,2026-02-08
M011063,P053,OUT,161,2026-01-24
M011064,P048,IN,132,2025-05-18
M011065,P020,OUT,72,2025-11-21
M011066,P091,IN,97,2025-07-16
M011067,P096,IN,109,2025-08-04
M011068,P093,IN,175,2025-05-25
M011069,P026,IN,93,2025-07-21
M011070,P047,OUT,18,2025-07-23
M011071,P035,OUT,117,2025-10-15
M011072,P001,OUT,66,2025-10-01
M011073,P043,OUT,162,2025-07-15
M011074,P059,IN,199,2026-02-21
M011075,P008,IN,40,2025-09-06
M011076,P009,OUT,47,2025-11-30
M011077,P027,IN,88,2025-10-24
M011078,P051,IN,72,2025-07-23
M011079,P094,IN,46,2026-02-14
M011080,P056,IN,95,2025-10-04
M011081,P012,OUT,135,2025-09-04
M011082,P069,OUT,131,2025-05-17
M011083,P036,OUT,98,2025-10-24
M011084,P085,IN,22,2025-11-27
M011085,P100,OUT,155,2025-08-25
M011086,P022,OUT,122,2025-12-26
M011087,P059,IN,89,2025-08-22
M011088,P011,IN,173,2026-01-17
M011089,P092,IN,178,2026-01-03
M011090,P050,IN,8,2025-06-07
M011091,P085,IN,131,2025-11-01
M011092,P067,IN,64,2025-06-23
M011093,P073,OUT,200,2025-11-28
M011094,P090,OUT,164,2025-12-21
M011095,P061,IN,21,2026-03-09
M011096,P009,IN,41,2025-10-07
M011097,P008,OUT,178,2025-07-13
M011098,P046,IN,22,2025-12-05
M011099,P076,IN,31,2025-09-06
M011100,P070,OUT,47,2025-08-15
M011101,P062,IN,80,2025-08-22
M011102,P087,OUT,120,2025-08-31
M011103,P077,OUT,107,2025-10-28
M011104,P071,OUT,181,2025-07-21
M011105,P081,OUT,196,2026-02-04
M011106,P046,IN,115,2025-09-01
M011107,P065,IN,38,2025-11-08
M011108,P004,IN,153,2026-01-24
M011109,P027,OUT,187,2025-09-23
M011110,P026,IN,147,2025-03-26
M011111,P090,IN,12,2026-01-10
M011112,P044,OUT,156,2025-06-27
M011113,P010,IN,57,2025-07-20
M011114,P077,IN,128,2025-09-23
M011115,P021,IN,57,2025-10-15
M011116,P041,IN,183,2025-05-01
M011117,P064,IN,22,2025-05-17
M011118,P035,IN,7,2025-08-30
M011119,P055,OUT,124,2025-08-15
M011120,P031,OUT,77,2026-01-03
M011121,P050,IN,26,2025-05-02
M011122,P066,OUT,175,2025-09-13
M011123,P041,IN,188,2025-07-23
M011124,P089,OUT,60,2025-08-01
M011125,P010,OUT,110,2025-03-09
M011126,P038,OUT,42,2026-03-03
M011127,P039,OUT,53,2025-07-24
M011128,P043,OUT,91,2025-11-01
M011129,P069,OUT,39,2026-01-13
M011130,P039,OUT,34,2025-07-21
M011131,P029,IN,100,2025-04-29
M011132,P088,IN,52,2025-11-24
M011133,P046,OUT,79,2025-07-26
M011134,P046,IN,43,2026-01-15
M011135,P070,IN,105,2025-06-16
M011136,P005,OUT,121,2026-02-16
M011137,P038,OUT,109,2026-01-22
M011138,P069,OUT,66,2025-07-12
M011139,P002,OUT,133,2025-04-29
M011140,P011,OUT,44,2025-11-06
M011141,P048,IN,92,2025-12-19
M011142,P082,OUT,31,2025-10-02
M011143,P047,IN,10,2025-05-26
M011144,P019,IN,57,2025-04-24
M011145,P041,IN,44,2026-02-01
M011146,P067,OUT,184,2025-06-02
M011147,P005,IN,174,2025-05-29
M011148,P049,IN,138,2025-07-13
M011149,P100,OUT,55,2025-05-22
M011150,P059,OUT,92,2026-02-21
M011151,P041,OUT,105,2025-04-18
M011152,P049,IN,125,2026-01-03
M011153,P083,OUT,163,2025-11-22
M011154,P039,IN,68,2025-03-11
M011155,P076,IN,13,2026-02-26
M011156,P054,OUT,144,2026-03-06
M011157,P019,OUT,67,2025-10-20
M011158,P074,IN,9,2025-09-08
M011159,P047,OUT,11,2025-05-09
M011160,P050,OUT,111,2026-02-06
M011161,P064,IN,65,2025-12-27
M011162,P049,IN,56,2025-12-23
M011163,P003,IN,129,2025-06-16
M011164,P091,OUT,146,2025-12-22
M011165,P027,OUT,177,2026-01-10
M011166,P052,IN,39,2025-11-18
M011167,P006,OUT,13,2026-02-14
M011168,P079,IN,148,2025-06-29
M011169,P040,IN,37,2025-09-30
M011170,P040,IN,168,2025-04-22
M011171,P055,OUT,36,2025-08-01
M011172,P040,IN,14,2025-08-26
M011173,P082,IN,197,2025-08-13
M011174,P085,OUT,167,2025-04-05
M011175,P036,OUT,177,2026-01-24
M011176,P067,OUT,56,2025-08-25
M011177,P041,IN,188,2025-08-14
M011178,P022,IN,180,2025-03-26
M011179,P005,OUT,141,2025-09-04
M011180,P083,OUT,6,2025-08-30
M011181,P048,IN,100,2026-02-27
M011182,P029,OUT,45,2025-03-24
M011183,P100,IN,125,2026-01-25
M011184,P039,OUT,31,2025-05-16
M011185,P075,IN,115,2025-05-03
M011186,P018,IN,166,2025-07-05
M011187,P063,IN,112,2025-12-24
M011188,P034,IN,144,2025-03-15
M011189,P084,IN,101,2025-07-16
M011190,P037,IN,73,2025-08-13
M011191,P010,IN,139,2025-12-13
M011192,P025,IN,109,2025-11-07
M011193,P077,IN,187,2025-04-29
M011194,P058,OUT,139,2025-09-14
M011195,P050,IN,81,2025-05-11
M011196,P023,OUT,155,2025-07-10
M011197,P071,IN,84,2025-08-05
M011198,P072,IN,45,2026-01-01
M011199,P090,OUT,17,2025-07-17
M011200,P017,IN,124,2026-01-03
M011201,P079,IN,76,2025-06-25
M011202,P041,OUT,136,2025-08-09
M011203,P070,IN,179,2025-10-22
M011204,P027,OUT,18,2025-03-09
M011205,P032,OUT,128,2025-10-17
M011206,P064,IN,49,2025-06-04
M011207,P012,IN,200,2025-10-18
M011208,P048,OUT,60,2025-07-11
M011209,P041,OUT,50,2025-04-17
M011210,P026,OUT,16,2025-12-04
M011211,P069,IN,173,2025-09-26
M011212,P070,IN,44,2025-08-11
M011213,P019,OUT,56,2025-03-28
M011214,P009,OUT,83,2025-06-19
M011215,P050,IN,144,2025-07-12
M011216,P006,IN,153,2025-07-20
M011217,P100,IN,199,2025-03-30
M011218,P044,IN,80,2026-01-07
M011219,P034,IN,182,2025-07-02
M011220,P010,OUT,38,2025-05-24
M011221,P049,IN,159,2025-07-08
M011222,P077,OUT,62,2025-12-31
M011223,P030,OUT,62,2025-10-17
M011224,P045,IN,51,2025-08-07
M011225,P082,OUT,172,2025-04-10
M011226,P037,OUT,7,2025-12-05
M011227,P097,IN,133,2025-05-11
M011228,P083,OUT,143,2025-07-03
M011229,P086,IN,81,2025-06-26
M011230,P015,IN,31,2025-07-27
M011231,P096,IN,28,2025-06-26
M011232,P044,OUT,111,2025-11-09
M011233,P098,OUT,114,2025-12-14
M011234,P032,IN,30,2025-08-27
M011235,P027,IN,65,2025-09-25
M011236,P075,IN,81,2026-03-02
M011237,P022,OUT,142,2025-12-12
M011238,P044,IN,196,2025-12-26
M011239,P039,IN,19,2025-10-28
M011240,P089,OUT,159,2025-10-29
M011241,P037,IN,54,2025-03-10
M011242,P076,IN,142,2025-10-13
M011243,P006,IN,24,2025-05-12
M011244,P079,IN,14,2025-05-03
M011245,P097,IN,31,2026-01-27
M011246,P030,OUT,52,2025-08-02
M011247,P065,OUT,91,2026-02-16
M011248,P010,IN,62,2026-01-17
M011249,P059,OUT,85,2025-06-20
M011250,P026,IN,30,2025-07-12
M011251,P026,OUT,136,2025-11-06
M011252,P056,IN,12,2026-02-08
M011253,P086,IN,194,2026-03-04
M011254,P042,OUT,49,2025-09-14
M011255,P004,OUT,60,2026-01-19
M011256,P011,IN,45,2025-03-10
M011257,P051,OUT,114,2025-11-30
M011258,P035,OUT,81,2025-05-10
M011259,P022,IN,50,2025-03-28
M011260,P086,OUT,85,2025-12-16
M011261,P072,IN,138,2025-09-09
M011262,P075,OUT,147,2026-02-04
M011263,P039,IN,48,2026-02-06
M011264,P011,OUT,19,2025-07-04
M011265,P091,IN,146,2025-08-08
M011266,P078,OUT,52,2026-01-30
M011267,P050,OUT,38,2025-09-23
M011268,P036,OUT,117,2026-01-13
M011269,P031,IN,55,2026-02-10
M011270,P013,IN,56,2025-10-08
M011271,P009,IN,182,2025-10-29
M011272,P067,OUT,184,2025-10-04
M011273,P060,IN,4,2025-04-09
M011274,P056,OUT,155,2025-08-03
M011275,P030,IN,101,2025-09-17
M011276,P056,IN,28,2025-03-29
M011277,P053,IN,194,2025-06-13
M011278,P058,IN,82,2025-11-27
M011279,P072,OUT,154,2025-10-17
M011280,P026,IN,103,2025-11-01
M011281,P098,IN,172,2025-11-27
M011282,P090,OUT,77,2026-01-28
M011283,P073,IN,66,2025-05-14
M011284,P062,IN,33,2025-06-19
M011285,P069,OUT,61,2025-10-10
M011286,P058,IN,14,2025-09-16
M011287,P024,IN,108,2025-10-05
M011288,P092,OUT,28,2026-01-26
M011289,P009,IN,78,2025-11-19
M011290,P084,OUT,146,2025-11-26
M011291,P099,OUT,140,2025-03-11
M011292,P052,IN,19,2025-08-08
M011293,P046,OUT,55,2025-06-25
M011294,P084,OUT,138,2025-12-30
M011295,P080,OUT,135,2025-12-18
M011296,P082,IN,16,2025-06-13
M011297,P056,OUT,30,2025-04-17
M011298,P083,IN,79,2025-04-16
M011299,P066,OUT,69,2025-04-24
M011300,P065,OUT,122,2025-06-01
M011301,P073,OUT,5,2025-11-07
M011302,P079,OUT,166,2025-10-26
M011303,P014,IN,163,2025-08-21
M011304,P027,IN,166,2025-12-27
M011305,P088,OUT,21,2026-02-07
M011306,P038,IN,127,2025-10-24
M011307,P084,IN,141,2025-10-13
M011308,P009,OUT,141,2025-11-06
M011309,P063,IN,71,2025-08-30
M011310,P035,IN,149,2025-10-05
M011311,P064,OUT,18,2025-09-07
M011312,P029,OUT,111,2025-09-23
M011313,P058,OUT,184,2025-05-25
M011314,P035,OUT,16,2025-07-26
M011315,P004,IN,103,2025-08-09
M011316,P026,OUT,82,2025-07-06
M011317,P091,IN,46,2025-05-13
M011318,P095,IN,130,2025-08-26
M011319,P072,IN,127,2025-06-10
M011320,P068,OUT,170,2025-09-05
M011321,P091,IN,44,2025-10-27
M011322,P072,OUT,84,2025-03-17
M011323,P027,OUT,86,2025-10-18
M011324,P037,IN,58,2025-10-03
M011325,P005,IN,34,2025-06-01
M011326,P002,IN,57,2025-04-12
M011327,P008,IN,48,2026-03-05
M011328,P045,OUT,174,2025-04-14
M011329,P002,IN,15,2025-04-10
M011330,P098,OUT,4,2025-08-25
M011331,P059,IN,74,2025-05-30
M011332,P082,OUT,180,2026-02-15
M011333,P087,IN,185,2025-10-12
M011334,P053,OUT,117,2025-08-09
M011335,P030,OUT,3,2026-03-04
M011336,P028,IN,137,2025-10-10
M011337,P022,IN,138,2025-07-17
M011338,P038,IN,80,2026-02-26
M011339,P066,OUT,56,2025-04-05
M011340,P050,OUT,188,2025-04-16
M011341,P031,IN,191,2026-01-10
M011342,P073,IN,45,2025-11-05
M011343,P050,OUT,168,2025-06-18
M011344,P094,OUT,48,2025-03-20
M011345,P026,IN,79,2025-09-26
M011346,P034,IN,95,2025-06-05
M011347,P085,IN,72,2025-10-17
M011348,P075,IN,48,2025-08-20
M011349,P066,IN,165,2025-12-17
M011350,P067,IN,107,2026-02-15
M011351,P027,IN,156,2025-11-06
M011352,P057,IN,66,2025-04-10
M011353,P036,OUT,6,2025-08-01
M011354,P086,OUT,69,2025-09-22
M011355,P019,IN,104,2025-11-30
M011356,P067,IN,193,2025-07-10
M011357,P097,OUT,150,2026-01-09
M011358,P075,IN,195,2025-05-20
M011359,P092,OUT,9,2025-07-18
M011360,P018,OUT,17,2025-07-21
M011361,P040,OUT,13,2025-10-15
M011362,P058,OUT,145,2025-06-25
M011363,P088,IN,79,2025-09-11
M011364,P087,IN,6,2025-06-03
M011365,P089,IN,18,2025-07-05
M011366,P100,IN,160,2025-12-21
M011367,P032,OUT,154,2025-03-26
M011368,P034,IN,196,2025-08-31
M011369,P071,IN,24,2025-12-10
M011370,P026,IN,34,2026-02-08
M011371,P005,IN,118,2025-07-31
M011372,P034,OUT,84,2025-05-22
M011373,P014,OUT,145,2025-11-22
M011374,P025,IN,51,2025-07-14
M011375,P046,IN,142,2025-08-19
M011376,P063,IN,67,2025-04-12
M011377,P056,OUT,110,2025-12-26
M011378,P075,IN,98,2025-12-25
M011379,P019,OUT,133,2025-03-25
M011380,P052,OUT,163,2026-03-06
M011381,P039,OUT,199,2025-08-17
M011382,P029,OUT,113,2025-10-19
M011383,P051,IN,75,2025-06-02
M011384,P063,OUT,125,2025-11-04
M011385,P083,IN,14,2025-10-04
M011386,P029,IN,132,2025-03-09
M011387,P021,IN,125,2025-10-26
M011388,P031,IN,116,2025-10-12
M011389,P065,IN,47,2025-05-29
M011390,P098,IN,35,2025-10-13
M011391,P096,OUT,157,2025-12-20
M011392,P034,OUT,42,2025-11-03
M011393,P062,IN,30,2025-12-20
M011394,P085,OUT,158,2025-09-23
M011395,P070,OUT,115,2025-06-15
M011396,P070,IN,13,2025-04-27
M011397,P059,IN,15,2025-07-18
M011398,P075,IN,88,2025-05-03
M011399,P081,IN,124,2025-09-21
M011400,P051,IN,73,2026-01-22
M011401,P062,IN,74,2026-02-11
M011402,P004,IN,7,2025-08-23
M011403,P006,OUT,108,2025-03-18
M011404,P009,OUT,170,2025-10-31
M011405,P005,OUT,71,2025-12-03
M011406,P081,OUT,137,2026-01-16
M011407,P070,OUT,8,2025-06-19
M011408,P100,OUT,160,2025-03-23
M011409,P097,IN,74,2025-07-09
M011410,P056,IN,177,2025-10-04
M011411,P064,OUT,182,2026-01-14
M011412,P093,OUT,147,2025-06-10
M011413,P052,IN,41,2025-04-03
M011414,P039,OUT,41,2025-10-26
M011415,P086,IN,177,2025-04-25
M011416,P075,OUT,1,2025-07-11
M011417,P001,OUT,4,2026-03-01
M011418,P013,OUT,84,2025-07-15
M011419,P052,IN,198,2025-10-29
M011420,P040,OUT,180,2025-06-15
M011421,P059,OUT,27,2025-04-14
M011422,P031,IN,104,2025-09-21
M011423,P100,IN,189,2026-03-05
M011424,P066,OUT,147,2025-05-12
M011425,P080,OUT,102,2025-08-06
M011426,P075,IN,198,2026-02-04
M011427,P037,OUT,133,2025-03-22
M011428,P077,OUT,61,2026-01-02
M011429,P019,IN,165,2026-01-24
M011430,P095,OUT,6,2025-09-10
M011431,P093,IN,113,2025-07-24
M011432,P092,IN,139,2025-04-30
M011433,P084,IN,166,2025-07-01
M011434,P046,OUT,75,2026-01-15
M011435,P071,IN,10,2025-09-24
M011436,P092,OUT,164,2025-06-15
M011437,P009,OUT,124,2025-11-25
M011438,P089,OUT,105,2025-08-20
M011439,P087,IN,114,2025-12-15
M011440,P067,OUT,97,2025-10-17
M011441,P081,IN,123,2025-12-05
M011442,P078,IN,70,2025-05-24
M011443,P034,OUT,9,2025-09-02
M011444,P072,IN,116,2025-10-14
M011445,P052,IN,188,2025-04-26
M011446,P088,IN,70,2025-04-22
M011447,P025,OUT,187,2025-06-15
M011448,P055,OUT,13,2025-11-11
M011449,P073,OUT,41,2025-07-19
M011450,P029,OUT,7,2026-01-13
M011451,P041,OUT,180,2025-08-16
M011452,P080,IN,140,2026-01-02
M011453,P003,OUT,185,2026-01-02
M011454,P076,OUT,194,2025-09-08
M011455,P020,OUT,50,2025-12-09
M011456,P062,IN,121,2025-03-29
M011457,P012,OUT,108,2025-06-28
M011458,P009,IN,4,2025-11-15
M011459,P048,IN,189,2025-07-26
M011460,P031,IN,172,2025-12-14
M011461,P081,OUT,64,2025-07-19
M011462,P002,OUT,39,2025-07-03
M011463,P095,IN,199,2025-11-19
M011464,P024,OUT,20,2025-06-29
M011465,P063,IN,198,2025-04-27
M011466,P017,IN,143,2025-10-27
M011467,P098,OUT,152,2025-12-25
M011468,P070,IN,125,2025-10-14
M011469,P058,IN,74,2025-07-22
M011470,P004,IN,64,2025-06-29
M011471,P094,OUT,13,2025-10-10
M011472,P078,IN,88,2025-12-24
M011473,P079,OUT,25,2025-07-21
M011474,P090,OUT,195,2025-06-14
M011475,P063,IN,12,2025-12-12
M011476,P026,IN,108,2025-09-11
M011477,P090,IN,95,2025-03-09
M011478,P069,IN,92,2025-04-10
M011479,P088,OUT,141,2025-03-14
M011480,P019,IN,110,2025-05-08
M011481,P070,IN,157,2025-03-15
M011482,P015,OUT,15,2025-12-04
M011483,P001,IN,169,2025-10-17
M011484,P043,IN,34,2025-07-11
M011485,P023,OUT,121,2025-05-15
M011486,P042,IN,99,2025-07-09
M011487,P026,IN,174,2025-05-06
M011488,P093,OUT,98,2026-01-31
M011489,P018,IN,164,2025-04-03
M011490,P072,OUT,111,2025-10-09
M011491,P083,OUT,34,2026-01-13
M011492,P079,IN,69,2025-05-19
M011493,P082,IN,8,2025-04-19
M011494,P060,OUT,117,2025-10-25
M011495,P088,IN,131,2025-06-17
M011496,P021,IN,77,2025-05-27
M011497,P001,OUT,142,2025-04-14
M011498,P012,OUT,34,2025-11-29
M011499,P089,IN,156,2025-07-12
M011500,P006,OUT,86,2026-02-25
M011501,P061,IN,104,2025-11-18
M011502,P097,IN,11,2025-07-16
M011503,P024,OUT,70,2025-05-06
M011504,P069,IN,22,2025-11-27
M011505,P071,IN,172,2025-06-28
M011506,P057,IN,138,2026-03-04
M011507,P068,OUT,112,2025-05-16
M011508,P039,OUT,174,2025-10-10
M011509,P043,IN,94,2025-09-16
M011510,P034,IN,42,2025-12-06
M011511,P059,IN,61,2025-07-28
M011512,P038,OUT,163,2025-12-20
M011513,P083,OUT,156,2025-11-30
M011514,P018,OUT,51,2025-12-25
M011515,P097,OUT,171,2025-09-13
M011516,P011,IN,174,2026-01-29
M011517,P040,OUT,59,2025-06-18
M011518,P090,IN,179,2025-10-21
M011519,P091,OUT,108,2025-06-27
M011520,P085,IN,185,2025-05-23
M011521,P074,OUT,164,2025-03-14
M011522,P029,OUT,175,2025-05-16
M011523,P079,IN,132,2026-02-12
M011524,P091,OUT,197,2026-01-22
M011525,P093,OUT,123,2025-08-15
M011526,P027,OUT,193,2025-08-29
M011527,P078,OUT,32,2025-04-01
M011528,P026,IN,176,2025-09-27
M011529,P062,IN,104,2026-03-07
M011530,P039,IN,158,2025-07-01
M011531,P095,OUT,130,2025-09-17
M011532,P041,OUT,196,2026-02-08
M011533,P077,OUT,160,2025-04-28
M011534,P046,IN,2,2025-05-05
M011535,P059,IN,90,2025-05-09
M011536,P060,IN,137,2025-07-24
M011537,P056,IN,135,2025-07-05
M011538,P015,IN,15,2025-09-08
M011539,P069,IN,102,2025-12-08
M011540,P098,IN,125,2025-06-01
M011541,P012,OUT,144,2025-08-03
M011542,P049,IN,69,2025-03-28
M011543,P037,IN,11,2025-12-14
M011544,P030,OUT,182,2026-01-21
M011545,P072,OUT,43,2025-05-19
M011546,P046,IN,19,2025-03-18
M011547,P092,OUT,62,2025-03-16
M011548,P046,OUT,62,2026-03-01
M011549,P004,OUT,32,2025-08-17
M011550,P087,OUT,2,2025-06-15
M011551,P074,OUT,31,2025-10-30
M011552,P005,IN,9,2025-10-26
M011553,P026,IN,10,2026-01-18
M011554,P081,OUT,4,2026-02-07
M011555,P086,OUT,165,2025-10-12
M011556,P068,OUT,180,2025-08-09
M011557,P018,IN,88,2026-01-10
M011558,P099,IN,150,2025-04-21
M011559,P007,OUT,187,2025-05-16
M011560,P077,IN,19,2026-02-01
M011561,P064,IN,117,2026-03-08
M011562,P078,IN,112,2025-08-03
M011563,P025,OUT,101,2025-09-24
M011564,P015,OUT,42,2026-01-13
M011565,P084,IN,64,2025-06-03
M011566,P052,OUT,185,2025-09-04
M011567,P008,IN,36,2025-06-24
M011568,P020,OUT,145,2025-12-22
M011569,P027,OUT,81,2025-04-29
M011570,P041,IN,165,2025-07-05
M011571,P029,OUT,157,2025-09-05
M011572,P069,OUT,183,2026-02-21
M011573,P031,IN,137,2025-08-24
M011574,P058,IN,93,2025-12-19
M011575,P013,OUT,188,2025-05-13
M011576,P095,IN,102,2025-05-03
M011577,P089,OUT,130,2025-05-07
M011578,P086,IN,142,2025-05-21
M011579,P094,OUT,184,2025-07-22
M011580,P093,OUT,178,2026-01-07
M011581,P007,IN,70,2026-02-05
M011582,P007,OUT,14,2025-05-19
M011583,P094,OUT,6,2025-10-20
M011584,P010,IN,70,2025-05-11
M011585,P061,OUT,130,2025-09-11
M011586,P096,IN,12,2025-07-19
M011587,P038,OUT,3,2025-03-12
M011588,P053,OUT,31,2025-10-27
M011589,P031,IN,63,2025-11-29
M011590,P022,OUT,24,2025-05-16
M011591,P040,OUT,138,2025-03-31
M011592,P090,OUT,176,2025-09-12
M011593,P062,IN,141,2025-08-22
M011594,P018,IN,72,2026-02-08
M011595,P051,OUT,160,2025-05-18
M011596,P007,IN,38,2025-05-21
M011597,P074,OUT,12,2026-02-01
M011598,P016,IN,100,2025-11-20
M011599,P011,IN,12,2025-07-25
M011600,P084,OUT,123,2025-06-27
M011601,P063,IN,115,2025-09-09
M011602,P018,IN,19,2025-05-04
M011603,P041,OUT,53,2025-08-22
M011604,P069,IN,138,2025-04-24
M011605,P057,IN,99,2025-09-09
M011606,P068,OUT,75,2025-10-24
M011607,P075,IN,82,2026-01-29
M011608,P054,OUT,31,2025-08-07
M011609,P004,OUT,143,2025-04-04
M011610,P026,OUT,126,2025-03-26
M011611,P041,IN,84,2025-06-21
M011612,P019,OUT,109,2025-12-19
M011613,P079,IN,99,2025-11-03
M011614,P020,OUT,134,2026-01-22
M011615,P068,OUT,143,2025-08-23
M011616,P012,OUT,45,2025-10-06
M011617,P025,OUT,85,2025-09-14
M011618,P029,OUT,195,2025-03-09
M011619,P011,IN,137,2025-06-08
M011620,P034,OUT,51,2025-12-25
M011621,P082,IN,173,2025-09-30
M011622,P043,IN,11,2025-11-29
M011623,P069,IN,98,2025-04-18
M011624,P064,IN,154,2026-01-09
M011625,P045,IN,20,2025-12-23
M011626,P023,OUT,25,2025-12-12
M011627,P011,OUT,127,2025-07-27
M011628,P075,IN,159,2025-04-15
M011629,P026,OUT,95,2025-12-05
M011630,P034,IN,83,2025-06-12
M011631,P065,OUT,140,2025-04-08
M011632,P080,OUT,46,2025-03-28
M011633,P067,OUT,18,2025-10-24
M011634,P001,IN,160,2026-02-25
M011635,P011,OUT,26,2025-04-13
M011636,P046,OUT,141,2025-08-29
M011637,P086,OUT,11,2025-03-11
M011638,P080,IN,85,2025-09-29
M011639,P047,OUT,138,2025-07-14
M011640,P030,OUT,91,2026-01-02
M011641,P063,IN,22,2025-06-13
M011642,P025,OUT,119,2025-08-26
M011643,P036,IN,27,2025-04-25
M011644,P069,OUT,124,2025-03-31
M011645,P027,IN,14,2025-05-29
M011646,P040,OUT,62,2025-03-13
M011647,P008,IN,175,2025-11-07
M011648,P077,IN,187,2025-12-10
M011649,P063,OUT,125,2026-03-02
M011650,P083,IN,91,2025-08-18
M011651,P066,OUT,152,2025-06-12
M011652,P050,IN,195,2025-06-15
M011653,P009,OUT,61,2025-07-16
M011654,P034,IN,12,2025-04-26
M011655,P040,IN,166,2026-02-02
M011656,P038,IN,124,2025-11-08
M011657,P053,IN,160,2025-12-13
M011658,P077,OUT,166,2026-02-01
M011659,P081,IN,159,2025-12-04
M011660,P083,IN,100,2026-03-03
M011661,P044,IN,25,2026-01-08
M011662,P034,IN,199,2025-07-20
M011663,P022,IN,154,2025-05-15
M011664,P024,IN,61,2025-05-14
M011665,P066,IN,30,2025-06-02
M011666,P078,IN,187,2025-08-23
M011667,P010,IN,48,2025-08-27
M011668,P071,IN,12,2025-05-24
M011669,P019,IN,199,2025-04-08
M011670,P063,OUT,189,2025-07-21
M011671,P067,OUT,91,2025-09-29
M011672,P086,OUT,66,2025-12-21
M011673,P078,OUT,198,2025-12-20
M011674,P006,IN,175,2025-08-22
M011675,P095,IN,114,2025-12-12
M011676,P078,OUT,20,2025-03-10
M011677,P001,OUT,23,2025-03-18
M011678,P032,IN,51,2026-02-28
M011679,P076,OUT,144,2025-09-30
M011680,P082,IN,184,2025-09-01
M011681,P070,OUT,99,2025-12-16
M011682,P073,OUT,4,2025-09-28
M011683,P017,IN,43,2025-04-02
M011684,P040,OUT,184,2025-11-13
M011685,P068,OUT,138,2025-09-27
M011686,P051,OUT,13,2025-10-13
M011687,P071,IN,125,2025-11-03
M011688,P084,IN,70,2025-03-31
M011689,P005,OUT,95,2025-04-25
M011690,P082,IN,130,2025-12-19
M011691,P094,IN,20,2025-08-19
M011692,P018,OUT,175,2025-08-20
M011693,P006,OUT,59,2026-01-10
M011694,P088,OUT,150,2025-07-14
M011695,P058,IN,40,2025-04-03
M011696,P088,IN,174,2026-02-17
M011697,P047,OUT,129,2025-08-20
M011698,P070,OUT,90,2026-02-15
M011699,P071,OUT,142,2025-11-14
M011700,P031,OUT,11,2025-04-14
M011701,P098,IN,94,2025-05-09
M011702,P089,IN,66,2026-02-08
M011703,P044,IN,123,2025-09-29
M011704,P043,OUT,46,2025-03-12
M011705,P023,OUT,197,2025-12-07
M011706,P096,OUT,22,2025-04-02
M011707,P093,IN,13,2025-09-17
M011708,P057,IN,85,2026-01-29
M011709,P014,IN,36,2025-03-30
M011710,P060,OUT,124,2025-10-06
M011711,P054,IN,137,2025-08-07
M011712,P019,OUT,179,2026-01-05
M011713,P017,OUT,185,2025-07-10
M011714,P021,IN,172,2025-11-11
M011715,P015,OUT,23,2025-04-23
M011716,P041,OUT,75,2026-02-04
M011717,P086,IN,142,2025-07-04
M011718,P075,OUT,118,2026-01-17
M011719,P091,IN,182,2026-01-31
M011720,P051,OUT,88,2025-06-03
M011721,P074,OUT,44,2026-01-22
M011722,P086,OUT,137,2025-04-07
M011723,P056,OUT,149,2025-08-05
M011724,P066,IN,192,2026-01-29
M011725,P100,IN,140,2026-01-22
M011726,P081,IN,98,2025-12-14
M011727,P053,OUT,169,2025-06-08
M011728,P058,OUT,16,2025-03-25
M011729,P009,OUT,111,2025-05-17
M011730,P027,IN,11,2026-01-13
M011731,P048,IN,51,2025-06-12
M011732,P037,IN,139,2025-08-03
M011733,P034,IN,32,2025-06-28
M011734,P086,OUT,134,2025-11-18
M011735,P038,OUT,101,2025-05-05
M011736,P075,OUT,59,2025-11-24
M011737,P033,OUT,118,2025-08-07
M011738,P003,OUT,67,2025-10-17
M011739,P041,OUT,188,2025-03-10
M011740,P013,IN,36,2025-04-29
M011741,P019,OUT,172,2025-07-08
M011742,P087,IN,72,2026-02-23
M011743,P067,IN,34,2025-04-18
M011744,P094,OUT,132,2025-05-16
M011745,P083,OUT,20,2026-02-06
M011746,P016,IN,119,2025-12-14
M011747,P013,IN,197,2025-07-14
M011748,P099,OUT,8,2026-02-26
M011749,P082,IN,177,2025-11-28
M011750,P029,OUT,97,2025-05-21
M011751,P093,IN,82,2025-04-28
M011752,P083,IN,125,2025-06-16
M011753,P093,OUT,102,2025-04-20
M011754,P005,OUT,150,2025-11-29
M011755,P013,IN,49,2025-04-24
M011756,P019,IN,167,2025-03-31
M011757,P054,IN,152,2025-06-05
M011758,P096,IN,27,2026-03-05
M011759,P045,IN,142,2025-07-11
M011760,P011,OUT,172,2025-05-25
M011761,P055,IN,184,2025-05-18
M011762,P002,OUT,52,2025-12-23
M011763,P039,IN,10,2025-09-15
M011764,P058,OUT,83,2025-10-28
M011765,P017,IN,77,2025-04-23
M011766,P066,IN,138,2026-02-05
M011767,P068,OUT,145,2025-12-28
M011768,P043,OUT,24,2025-10-04
M011769,P007,IN,101,2025-12-11
M011770,P020,OUT,113,2025-08-10
M011771,P050,IN,63,2025-04-07
M011772,P047,IN,55,2025-06-04
M011773,P073,IN,119,2025-05-09
M011774,P010,OUT,83,2025-07-14
M011775,P094,IN,1,2025-06-18
M011776,P039,OUT,71,2025-08-08
M011777,P010,IN,32,2025-09-03
M011778,P037,IN,102,2025-04-16
M011779,P024,IN,98,2025-12-26
M011780,P052,IN,40,2026-02-17
M011781,P026,OUT,107,2025-07-26
M011782,P060,IN,131,2025-05-19
M011783,P099,IN,134,2025-09-01
M011784,P065,IN,66,2025-08-28
M011785,P078,OUT,122,2026-02-28
M011786,P059,IN,29,2025-08-08
M011787,P057,IN,116,2026-02-14
M011788,P008,IN,150,2025-05-22
M011789,P059,OUT,77,2026-01-30
M011790,P054,IN,87,2025-06-14
M011791,P020,IN,7,2025-11-09
M011792,P057,IN,17,2026-02-15
M011793,P028,IN,143,2025-03-30
M011794,P079,OUT,131,2025-04-28
M011795,P032,OUT,50,2025-12-04
M011796,P098,OUT,182,2025-10-12
M011797,P056,IN,158,2025-06-23
M011798,P093,IN,26,2025-03-24
M011799,P014,IN,136,2025-05-01
M011800,P012,IN,56,2025-04-11
M011801,P041,IN,92,2025-09-03
M011802,P024,IN,129,2025-07-05
M011803,P092,OUT,25,2025-09-22
M011804,P053,IN,67,2025-05-20
M011805,P081,OUT,135,2025-08-18
M011806,P038,OUT,192,2025-07-24
M011807,P097,IN,14,2025-12-26
M011808,P052,OUT,127,2025-10-03
M011809,P016,OUT,131,2025-05-16
M011810,P059,IN,5,2025-12-12
M011811,P053,OUT,139,2026-01-02
M011812,P079,OUT,192,2025-08-04
M011813,P030,OUT,75,2025-05-28
M011814,P047,IN,78,2025-12-14
M011815,P034,IN,112,2025-05-08
M011816,P051,OUT,16,2025-10-08
M011817,P046,IN,47,2025-12-21
M011818,P066,OUT,83,2026-01-20
M011819,P003,OUT,125,2025-05-07
M011820,P066,OUT,52,2026-01-27
M011821,P028,IN,178,2025-05-10
M011822,P038,IN,134,2026-02-11
M011823,P039,IN,79,2025-05-11
M011824,P084,OUT,74,2025-12-24
M011825,P096,IN,103,2025-11-23
M011826,P076,OUT,67,2025-12-10
M011827,P059,IN,56,2025-12-23
M011828,P023,IN,39,2025-06-13
M011829,P002,IN,15,2025-11-30
M011830,P081,IN,31,2025-11-09
M011831,P056,OUT,99,2025-07-13
M011832,P089,OUT,42,2026-01-15
M011833,P078,IN,13,2025-12-09
M011834,P012,OUT,102,2025-11-01
M011835,P057,IN,191,2026-01-22
M011836,P002,IN,95,2025-12-01
M011837,P048,OUT,85,2026-01-12
M011838,P005,IN,51,2025-05-14
M011839,P079,OUT,153,2026-02-15
M011840,P056,OUT,88,2026-01-13
M011841,P098,IN,132,2025-09-20
M011842,P020,OUT,197,2025-09-20
M011843,P028,OUT,98,2026-01-02
M011844,P009,IN,120,2025-05-08
M011845,P021,IN,146,2025-05-13
M011846,P028,IN,96,2025-07-11
M011847,P090,IN,96,2025-03-19
M011848,P012,IN,121,2025-07-17
M011849,P038,IN,14,2025-07-29
M011850,P007,OUT,132,2025-05-23
M011851,P051,OUT,64,2025-04-12
M011852,P036,OUT,10,2025-10-17
M011853,P068,OUT,36,2025-12-09
M011854,P002,IN,137,2025-06-05
M011855,P099,IN,183,2025-06-10
M011856,P026,IN,106,2025-08-24
M011857,P034,OUT,136,2025-12-31
M011858,P100,OUT,108,2025-12-10
M011859,P003,IN,72,2025-07-31
M011860,P100,IN,101,2025-06-13
M011861,P047,OUT,74,2026-01-08
M011862,P020,OUT,70,2025-10-22
M011863,P054,OUT,116,2025-08-26
M011864,P075,IN,138,2026-01-13
M011865,P088,OUT,155,2025-07-10
M011866,P080,IN,87,2025-08-08
M011867,P021,IN,49,2026-01-19
M011868,P039,OUT,155,2025-08-15
M011869,P081,IN,65,2025-12-01
M011870,P074,IN,9,2025-10-15
M011871,P081,OUT,175,2026-01-20
M011872,P012,OUT,10,2025-12-19
M011873,P100,OUT,164,2025-03-18
M011874,P096,IN,56,2025-10-02
M011875,P016,OUT,69,2025-06-19
M011876,P057,IN,183,2025-12-29
M011877,P086,IN,181,2025-05-29
M011878,P005,IN,21,2025-09-01
M011879,P009,IN,32,2025-05-31
M011880,P025,IN,119,2025-11-07
M011881,P045,IN,144,2025-11-25
M011882,P009,OUT,45,2025-05-14
M011883,P091,IN,145,2025-07-09
M011884,P042,OUT,39,2025-08-16
M011885,P043,IN,80,2025-04-04
M011886,P075,OUT,62,2026-01-15
M011887,P071,IN,182,2025-12-25
M011888,P012,IN,143,2026-01-07
M011889,P061,IN,79,2025-06-16
M011890,P079,IN,11,2025-08-10
M011891,P055,OUT,12,2025-05-30
M011892,P001,OUT,145,2025-09-28
M011893,P021,IN,174,2025-03-09
M011894,P044,OUT,149,2025-09-24
M011895,P035,OUT,46,2025-12-24
M011896,P079,IN,192,2025-12-13
M011897,P080,OUT,42,2025-11-23
M011898,P049,OUT,13,2025-07-06
M011899,P036,OUT,164,2025-07-07
M011900,P099,IN,158,2025-11-08
M011901,P029,IN,183,2025-05-17
M011902,P061,IN,54,2025-08-09
M011903,P055,OUT,195,2025-05-26
M011904,P022,IN,174,2025-06-03
M011905,P094,OUT,102,2025-10-29
M011906,P010,IN,89,2026-03-02
M011907,P085,OUT,31,2025-06-05
M011908,P095,IN,93,2025-03-30
M011909,P028,OUT,158,2025-11-19
M011910,P009,OUT,56,2025-06-01
M011911,P097,IN,97,2025-07-18
M011912,P021,OUT,56,2025-05-01
M011913,P083,OUT,21,2025-05-06
M011914,P082,OUT,56,2025-09-25
M011915,P056,IN,64,2026-02-22
M011916,P033,OUT,74,2025-10-15
M011917,P091,OUT,136,2025-03-15
M011918,P060,IN,75,2025-12-06
M011919,P068,IN,54,2026-02-21
M011920,P035,OUT,134,2026-02-18
M011921,P025,IN,48,2026-01-04
M011922,P029,OUT,136,2025-09-23
M011923,P026,IN,135,2025-04-18
M011924,P088,IN,53,2025-03-25
M011925,P093,IN,6,2025-08-03
M011926,P050,OUT,148,2025-04-24
M011927,P057,IN,119,2025-11-14
M011928,P029,IN,47,2025-11-07
M011929,P007,IN,55,2026-02-16
M011930,P010,IN,126,2026-02-03
M011931,P013,IN,138,2025-12-19
M011932,P021,OUT,142,2025-03-21
M011933,P008,IN,55,2025-07-16
M011934,P096,IN,4,2026-03-07
M011935,P070,IN,33,2025-05-25
M011936,P080,IN,17,2025-12-13
M011937,P063,IN,170,2026-02-16
M011938,P072,IN,84,2025-05-18
M011939,P061,IN,109,2025-07-25
M011940,P072,OUT,134,2025-03-09
M011941,P023,OUT,125,2025-10-20
M011942,P067,IN,64,2026-01-15
M011943,P022,OUT,84,2025-03-27
M011944,P072,IN,170,2025-07-04
M011945,P003,IN,117,2026-01-24
M011946,P030,OUT,111,2025-05-28
M011947,P048,OUT,190,2025-05-25
M011948,P090,IN,192,2025-11-02
M011949,P099,OUT,64,2025-03-21
M011950,P024,OUT,160,2025-03-25
M011951,P083,OUT,189,2025-06-06
M011952,P005,OUT,100,2025-06-25
M011953,P038,OUT,5,2025-10-30
M011954,P019,OUT,104,2025-04-16
M011955,P067,IN,110,2025-06-17
M011956,P094,OUT,152,2025-09-17
M011957,P015,OUT,152,2026-02-07
M011958,P071,OUT,61,2025-10-28
M011959,P088,OUT,194,2026-03-05
M011960,P024,OUT,112,2025-12-31
M011961,P038,IN,34,2025-05-15
M011962,P021,OUT,156,2025-06-12
M011963,P024,OUT,82,2025-12-15
M011964,P065,IN,12,2025-06-07
M011965,P071,IN,119,2025-11-26
M011966,P073,OUT,144,2025-12-09
M011967,P040,IN,76,2025-12-30
M011968,P013,IN,46,2026-02-09
M011969,P043,OUT,141,2025-08-30
M011970,P041,IN,116,2025-04-27
M011971,P025,OUT,105,2025-05-24
M011972,P033,OUT,186,2025-11-03
M011973,P009,OUT,121,2025-06-16
M011974,P023,OUT,179,2025-04-15
M011975,P063,OUT,9,2025-08-13
M011976,P063,IN,85,2026-01-04
M011977,P097,IN,122,2025-10-23
M011978,P007,IN,159,2025-05-18
M011979,P082,OUT,53,2025-12-29
M011980,P048,IN,18,2025-06-09
M011981,P005,OUT,149,2025-12-05
M011982,P032,IN,128,2025-12-16
M011983,P015,OUT,44,2025-10-15
M011984,P022,IN,173,2025-03-22
M011985,P028,IN,23,2025-04-20
M011986,P044,IN,135,2025-04-15
M011987,P086,IN,181,2025-09-16
M011988,P018,IN,71,2025-04-08
M011989,P027,IN,119,2026-02-24
M011990,P016,IN,88,2025-05-31
M011991,P068,IN,148,2026-02-07
M011992,P070,IN,129,2026-01-18
M011993,P076,IN,111,2026-02-04
M011994,P091,IN,108,2025-11-06
M011995,P022,IN,118,2025-08-14
M011996,P075,IN,191,2025-11-16
M011997,P010,OUT,90,2025-04-25
M011998,P005,OUT,47,2025-08-27
M011999,P010,OUT,49,2026-02-15
M012000,P037,OUT,163,2025-06-09
M012001,P094,OUT,34,2026-02-20
M012002,P012,OUT,38,2025-08-09
M012003,P003,OUT,36,2025-11-18
M012004,P024,IN,14,2025-10-16
M012005,P088,OUT,33,2025-08-11
M012006,P054,IN,173,2025-04-05
M012007,P090,IN,62,2025-06-25
M012008,P099,OUT,111,2026-03-09
M012009,P007,OUT,182,2025-09-12
M012010,P005,OUT,138,2025-07-04
M012011,P062,IN,116,2025-04-27
M012012,P055,OUT,180,2025-03-11
M012013,P028,IN,138,2026-02-13
M012014,P093,OUT,107,2025-08-05
M012015,P003,IN,50,2025-09-22
M012016,P070,IN,26,2026-02-19
M012017,P052,OUT,180,2025-12-22
M012018,P035,IN,132,2025-09-17
M012019,P097,IN,175,2025-07-08
M012020,P026,IN,72,2026-02-25
M012021,P079,IN,128,2025-03-16
M012022,P035,IN,31,2025-08-09
M012023,P058,IN,7,2025-06-27
M012024,P092,IN,22,2025-10-15
M012025,P083,OUT,184,2025-09-18
M012026,P099,OUT,44,2026-02-18
M012027,P063,IN,177,2025-03-31
M012028,P038,OUT,11,2025-03-29
M012029,P055,OUT,39,2025-05-13
M012030,P065,OUT,167,2025-08-27
M012031,P034,IN,2,2025-09-17
M012032,P092,OUT,16,2025-06-22
M012033,P095,IN,161,2025-06-02
M012034,P095,OUT,77,2025-10-09
M012035,P065,OUT,122,2026-02-18
M012036,P020,IN,20,2025-11-19
M012037,P001,OUT,66,2025-03-11
M012038,P012,IN,22,2026-01-04
M012039,P072,OUT,107,2025-05-26
M012040,P014,IN,39,2025-06-04
M012041,P040,IN,32,2025-10-07
M012042,P002,OUT,27,2025-06-09
M012043,P051,OUT,189,2026-02-01
M012044,P081,IN,158,2025-09-17
M012045,P006,OUT,93,2025-10-09
M012046,P002,OUT,148,2026-01-29
M012047,P063,OUT,47,2025-11-10
M012048,P076,IN,193,2025-07-17
M012049,P018,IN,102,2026-03-09
M012050,P049,IN,102,2025-12-17
M012051,P023,OUT,98,2025-06-07
M012052,P055,IN,165,2025-10-20
M012053,P055,IN,100,2026-01-04
M012054,P071,IN,155,2026-01-02
M012055,P094,OUT,2,2026-02-10
M012056,P077,OUT,191,2025-04-26
M012057,P090,IN,127,2026-02-02
M012058,P053,IN,175,2025-12-01
M012059,P008,IN,74,2025-06-11
M012060,P036,IN,190,2025-08-02
M012061,P015,IN,67,2025-06-01
M012062,P034,OUT,145,2025-11-10
M012063,P085,OUT,75,2025-11-16
M012064,P004,IN,93,2026-03-01
M012065,P068,OUT,166,2026-03-06
M012066,P035,OUT,5,2026-02-06
M012067,P016,OUT,17,2025-08-25
M012068,P083,IN,67,2025-10-15
M012069,P011,OUT,194,2025-05-26
M012070,P003,OUT,54,2026-02-25
M012071,P061,IN,89,2026-03-02
M012072,P032,IN,137,2025-05-12
M012073,P033,OUT,181,2025-03-23
M012074,P079,OUT,170,2025-09-18
M012075,P042,OUT,93,2025-09-08
M012076,P065,OUT,84,2025-09-05
M012077,P016,IN,200,2025-03-24
M012078,P067,OUT,51,2025-06-15
M012079,P049,IN,42,2025-12-18
M012080,P019,OUT,78,2025-06-01
M012081,P029,IN,169,2026-03-08
M012082,P056,IN,30,2026-02-13
M012083,P019,IN,142,2025-03-27
M012084,P062,OUT,152,2025-11-06
M012085,P084,IN,130,2025-03-17
M012086,P001,OUT,26,2025-06-29
M012087,P035,IN,55,2025-10-31
M012088,P084,OUT,193,2025-03-25
M012089,P088,OUT,45,2025-04-23
M012090,P073,IN,153,2025-11-15
M012091,P045,IN,124,2026-02-08
M012092,P055,OUT,183,2025-07-20
M012093,P013,OUT,184,2025-05-31
M012094,P013,IN,154,2025-08-29
M012095,P086,OUT,87,2025-06-10
M012096,P084,IN,147,2025-08-01
M012097,P055,OUT,176,2026-01-16
M012098,P013,IN,67,2025-09-05
M012099,P067,OUT,80,2026-02-21
M012100,P017,OUT,110,2025-07-10
M012101,P083,IN,110,2025-08-24
M012102,P026,OUT,60,2025-04-16
M012103,P060,IN,36,2025-06-27
M012104,P015,IN,182,2025-07-02
M012105,P043,IN,167,2025-11-22
M012106,P081,OUT,167,2025-08-06
M012107,P033,OUT,112,2025-04-25
M012108,P048,IN,147,2025-06-03
M012109,P011,OUT,4,2025-07-25
M012110,P016,IN,70,2025-10-21
M012111,P058,OUT,92,2026-02-19
M012112,P093,OUT,125,2025-10-20
M012113,P057,IN,177,2025-04-21
M012114,P026,OUT,84,2025-12-02
M012115,P062,OUT,174,2025-03-18
M012116,P057,OUT,12,2025-07-16
M012117,P063,OUT,183,2025-04-03
M012118,P005,IN,159,2025-08-22
M012119,P038,IN,160,2025-10-08
M012120,P097,OUT,28,2025-09-18
M012121,P078,OUT,106,2025-07-06
M012122,P005,IN,90,2025-09-01
M012123,P011,OUT,81,2025-05-20
M012124,P035,IN,58,2025-09-21
M012125,P076,IN,23,2025-07-28
M012126,P051,OUT,15,2025-11-26
M012127,P032,OUT,184,2025-07-24
M012128,P018,IN,175,2025-04-25
M012129,P028,OUT,183,2025-10-22
M012130,P001,IN,39,2025-07-12
M012131,P011,IN,182,2025-12-29
M012132,P002,IN,180,2025-10-15
M012133,P048,OUT,141,2025-04-17
M012134,P001,IN,184,2025-04-18
M012135,P041,IN,93,2025-08-22
M012136,P029,IN,153,2025-06-18
M012137,P043,OUT,104,2025-03-16
M012138,P013,OUT,36,2025-07-07
M012139,P093,OUT,112,2025-08-16
M012140,P078,OUT,51,2025-06-03
M012141,P054,OUT,38,2025-04-10
M012142,P012,IN,71,2025-12-01
M012143,P065,IN,2,2025-10-07
M012144,P012,IN,174,2025-10-07
M012145,P068,OUT,82,2026-01-18
M012146,P082,IN,60,2026-03-07
M012147,P070,OUT,20,2025-11-16
M012148,P028,OUT,171,2025-09-22
M012149,P073,OUT,77,2025-04-13
M012150,P077,OUT,163,2025-06-30
M012151,P088,IN,45,2025-10-14
M012152,P002,OUT,91,2025-04-08
M012153,P071,IN,162,2025-10-19
M012154,P017,OUT,123,2025-11-07
M012155,P001,OUT,122,2026-01-30
M012156,P094,IN,87,2025-07-22
M012157,P073,IN,143,2025-04-16
M012158,P004,OUT,175,2026-02-25
M012159,P070,IN,32,2025-06-04
M012160,P098,IN,31,2025-05-27
M012161,P017,IN,72,2025-07-29
M012162,P052,IN,63,2025-08-30
M012163,P063,OUT,59,2026-01-31
M012164,P017,IN,120,2026-01-13
M012165,P013,OUT,66,2025-08-12
M012166,P019,IN,192,2025-05-16
M012167,P012,IN,176,2026-02-26
M012168,P040,OUT,168,2025-10-08
M012169,P085,OUT,94,2026-02-01
M012170,P097,IN,133,2025-12-19
M012171,P055,OUT,79,2025-05-27
M012172,P076,OUT,98,2026-01-30
M012173,P061,OUT,126,2025-08-31
M012174,P093,OUT,19,2025-03-12
M012175,P073,IN,34,2025-07-13
M012176,P099,IN,82,2025-10-04
M012177,P100,IN,1,2025-11-09
M012178,P066,OUT,46,2026-01-09
M012179,P078,OUT,151,2025-06-14
M012180,P013,OUT,94,2026-01-04
M012181,P002,OUT,192,2025-12-22
M012182,P065,OUT,70,2026-02-12
M012183,P007,OUT,75,2025-08-30
M012184,P037,OUT,168,2026-02-26
M012185,P025,IN,122,2025-10-04
M012186,P017,OUT,28,2025-06-10
M012187,P030,OUT,134,2025-08-13
M012188,P061,OUT,89,2025-07-05
M012189,P013,OUT,168,2025-03-15
M012190,P086,IN,182,2025-06-15
M012191,P100,IN,133,2025-10-22
M012192,P036,OUT,86,2025-10-28
M012193,P057,IN,82,2025-04-29
M012194,P079,OUT,45,2025-03-23
M012195,P022,IN,165,2025-06-06
M012196,P039,IN,172,2026-01-05
M012197,P041,OUT,88,2025-05-22
M012198,P018,OUT,75,2025-06-29
M012199,P067,OUT,153,2025-09-06
M012200,P007,IN,147,2026-02-15
M012201,P028,IN,135,2025-08-07
M012202,P016,IN,62,2025-05-16
M012203,P008,OUT,107,2025-06-08
M012204,P091,OUT,120,2025-03-09
M012205,P082,OUT,121,2026-03-07
M012206,P016,IN,69,2025-11-26
M012207,P046,OUT,61,2025-10-13
M012208,P071,IN,115,2025-07-11
M012209,P089,OUT,154,2025-06-19
M012210,P085,OUT,18,2025-07-26
M012211,P041,OUT,17,2025-05-24
M012212,P024,IN,144,2025-05-20
M012213,P039,IN,191,2025-04-24
M012214,P053,OUT,96,2025-03-15
M012215,P031,IN,148,2025-09-10
M012216,P024,OUT,97,2025-07-31
M012217,P087,IN,52,2025-09-05
M012218,P003,OUT,74,2025-09-27
M012219,P076,OUT,83,2025-10-07
M012220,P091,IN,98,2025-05-08
M012221,P095,IN,190,2025-12-29
M012222,P007,IN,88,2025-11-10
M012223,P097,OUT,48,2025-03-09
M012224,P079,OUT,32,2025-09-04
M012225,P020,OUT,95,2025-05-11
M012226,P072,IN,87,2025-12-27
M012227,P014,OUT,136,2025-04-04
M012228,P086,IN,148,2025-12-10
M012229,P021,OUT,190,2025-11-03
M012230,P052,IN,152,2025-06-22
M012231,P039,OUT,63,2025-04-25
M012232,P091,OUT,200,2025-07-29
M012233,P030,OUT,193,2025-03-16
M012234,P033,IN,145,2025-07-18
M012235,P073,IN,87,2025-10-16
M012236,P006,IN,173,2026-01-12
M012237,P003,OUT,62,2025-11-26
M012238,P004,IN,132,2025-05-28
M012239,P074,OUT,194,2025-12-12
M012240,P073,OUT,182,2025-12-27
M012241,P080,IN,46,2025-09-30
M012242,P033,IN,172,2025-09-02
M012243,P044,OUT,182,2025-05-28
M012244,P070,OUT,154,2025-09-07
M012245,P078,OUT,20,2025-03-30
M012246,P014,IN,200,2025-11-26
M012247,P077,IN,159,2025-03-11
M012248,P064,IN,45,2025-07-03
M012249,P095,IN,177,2025-12-14
M012250,P045,IN,151,2025-10-16
M012251,P034,IN,196,2025-12-16
M012252,P087,OUT,11,2025-06-13
M012253,P038,OUT,41,2026-01-06
M012254,P082,IN,4,2025-06-24
M012255,P037,OUT,94,2025-08-28
M012256,P004,OUT,117,2025-10-27
M012257,P013,OUT,128,2025-07-02
M012258,P039,OUT,199,2025-11-08
M012259,P019,IN,144,2025-11-28
M012260,P086,OUT,109,2026-02-23
M012261,P066,OUT,27,2025-05-10
M012262,P021,IN,16,2025-04-08
M012263,P024,OUT,161,2025-10-13
M012264,P072,OUT,179,2025-09-26
M012265,P025,OUT,58,2025-08-19
M012266,P095,IN,27,2025-10-14
M012267,P036,IN,185,2025-09-27
M012268,P086,OUT,166,2026-02-07
M012269,P045,IN,178,2026-01-17
M012270,P035,IN,29,2025-03-29
M012271,P085,OUT,34,2025-06-10
M012272,P023,OUT,6,2025-08-26
M012273,P005,OUT,105,2025-12-30
M012274,P077,OUT,160,2025-05-30
M012275,P060,OUT,131,2025-03-18
M012276,P084,IN,141,2025-05-12
M012277,P099,IN,26,2025-05-11
M012278,P050,IN,31,2025-12-13
M012279,P099,IN,5,2025-03-16
M012280,P093,IN,107,2025-10-15
M012281,P080,IN,71,2025-05-26
M012282,P044,OUT,190,2026-01-25
M012283,P066,IN,173,2025-08-30
M012284,P017,IN,33,2026-01-18
M012285,P080,IN,86,2025-11-05
M012286,P043,OUT,117,2025-11-18
M012287,P038,OUT,89,2025-10-04
M012288,P091,OUT,101,2025-08-16
M012289,P063,OUT,108,2025-11-14
M012290,P026,OUT,57,2025-08-15
M012291,P067,OUT,122,2025-10-22
M012292,P054,OUT,193,2026-03-05
M012293,P080,IN,15,2026-01-15
M012294,P047,OUT,107,2026-02-20
M012295,P078,OUT,69,2025-11-30
M012296,P014,OUT,14,2025-11-09
M012297,P069,IN,115,2025-11-12
M012298,P005,IN,162,2025-10-04
M012299,P071,OUT,65,2025-07-17
M012300,P090,OUT,83,2025-12-23
M012301,P028,IN,56,2025-11-01
M012302,P024,OUT,128,2025-11-22
M012303,P084,OUT,67,2025-08-01
M012304,P022,OUT,118,2025-05-17
M012305,P037,IN,103,2025-10-11
M012306,P068,IN,26,2026-03-03
M012307,P079,OUT,83,2025-11-28
M012308,P082,OUT,101,2025-09-12
M012309,P036,IN,117,2025-04-03
M012310,P003,IN,134,2025-05-27
M012311,P014,OUT,40,2025-05-24
M012312,P053,OUT,69,2025-10-24
M012313,P094,IN,118,2025-07-16
M012314,P069,OUT,77,2025-08-23
M012315,P045,OUT,188,2025-07-25
M012316,P062,OUT,36,2026-01-31
M012317,P099,IN,140,2026-01-14
M012318,P001,OUT,42,2025-06-24
M012319,P019,OUT,77,2025-09-03
M012320,P061,IN,96,2025-11-26
M012321,P064,OUT,84,2025-03-23
M012322,P062,IN,163,2025-12-23
M012323,P039,OUT,189,2025-03-22
M012324,P048,IN,69,2025-05-05
M012325,P078,OUT,86,2026-03-01
M012326,P029,OUT,13,2025-08-26
M012327,P005,IN,34,2025-05-04
M012328,P082,OUT,188,2026-02-17
M012329,P023,IN,9,2025-05-29
M012330,P064,OUT,43,2026-02-06
M012331,P017,IN,137,2025-05-07
M012332,P093,OUT,12,2025-04-01
M012333,P003,OUT,88,2025-09-09
M012334,P040,OUT,27,2026-02-20
M012335,P044,IN,48,2025-12-14
M012336,P099,OUT,3,2025-08-01
M012337,P060,OUT,192,2026-01-30
M012338,P069,IN,7,2025-09-30
M012339,P006,OUT,140,2025-07-14
M012340,P098,OUT,8,2025-08-28
M012341,P065,IN,109,2025-11-07
M012342,P088,OUT,152,2025-04-10
M012343,P032,IN,179,2025-12-11
M012344,P003,IN,144,2025-12-03
M012345,P014,IN,152,2026-01-23
M012346,P079,OUT,137,2025-04-20
M012347,P029,OUT,51,2025-09-20
M012348,P036,OUT,163,2025-08-21
M012349,P085,IN,118,2026-01-03
M012350,P091,OUT,181,2025-04-26
M012351,P092,OUT,17,2025-12-22
M012352,P055,IN,169,2026-01-20
M012353,P082,IN,59,2025-04-19
M012354,P050,OUT,65,2025-09-20
M012355,P021,OUT,43,2025-07-30
M012356,P060,OUT,104,2025-12-21
M012357,P010,OUT,86,2025-05-31
M012358,P096,IN,117,2025-05-25
M012359,P036,OUT,122,2025-07-15
M012360,P037,OUT,129,2025-11-02
M012361,P017,OUT,48,2025-11-13
M012362,P089,IN,168,2026-02-12
M012363,P013,OUT,195,2026-02-10
M012364,P066,OUT,148,2026-01-25
M012365,P091,OUT,132,2025-05-05
M012366,P020,IN,145,2025-06-01
M012367,P096,IN,63,2025-07-02
M012368,P059,OUT,147,2025-07-06
M012369,P064,OUT,46,2025-03-22
M012370,P045,IN,34,2025-09-14
M012371,P028,OUT,92,2025-05-11
M012372,P001,OUT,24,2025-09-13
M012373,P009,OUT,189,2025-10-14
M012374,P097,OUT,92,2025-10-24
M012375,P048,IN,79,2025-06-23
M012376,P062,OUT,80,2025-04-02
M012377,P002,OUT,26,2025-05-14
M012378,P086,OUT,53,2025-07-13
M012379,P088,OUT,139,2025-06-14
M012380,P028,OUT,41,2025-07-23
M012381,P004,OUT,18,2025-07-04
M012382,P062,IN,139,2025-07-17
M012383,P056,IN,59,2025-11-02
M012384,P026,IN,161,2026-01-02
M012385,P024,OUT,46,2025-03-14
M012386,P017,OUT,101,2025-08-26
M012387,P004,IN,72,2025-10-16
M012388,P004,OUT,195,2025-07-19
M012389,P063,IN,48,2025-11-04
M012390,P041,OUT,24,2025-10-12
M012391,P065,IN,93,2025-04-12
M012392,P007,OUT,140,2026-01-14
M012393,P016,OUT,173,2025-07-10
M012394,P063,IN,139,2025-08-03
M012395,P097,IN,122,2025-04-21
M012396,P087,OUT,114,2025-04-18
M012397,P081,IN,87,2025-07-13
M012398,P067,IN,85,2025-12-02
M012399,P088,OUT,152,2025-05-01
M012400,P031,IN,99,2025-06-02
M012401,P073,OUT,4,2025-08-22
M012402,P041,OUT,104,2025-05-18
M012403,P004,OUT,122,2025-05-09
M012404,P040,OUT,113,2025-08-14
M012405,P020,IN,85,2025-11-12
M012406,P076,OUT,166,2025-07-20
M012407,P067,OUT,25,2025-04-19
M012408,P087,IN,138,2025-08-12
M012409,P020,IN,83,2025-11-05
M012410,P063,IN,162,2025-05-18
M012411,P057,OUT,73,2025-08-15
M012412,P095,OUT,125,2026-01-31
M012413,P003,IN,34,2025-06-23
M012414,P049,IN,4,2025-06-01
M012415,P023,OUT,81,2026-01-04
M012416,P013,IN,71,2025-11-07
M012417,P022,OUT,105,2026-02-11
M012418,P050,OUT,142,2025-03-24
M012419,P038,OUT,1,2025-06-05
M012420,P093,IN,31,2025-06-01
M012421,P052,OUT,144,2026-02-17
M012422,P073,IN,33,2026-03-07
M012423,P098,IN,10,2025-11-13
M012424,P094,OUT,117,2025-03-24
M012425,P066,IN,165,2025-07-19
M012426,P030,OUT,157,2025-03-16
M012427,P090,OUT,136,2025-06-12
M012428,P047,IN,149,2025-06-15
M012429,P005,OUT,13,2025-03-30
M012430,P050,IN,173,2025-08-31
M012431,P043,OUT,131,2025-04-27
M012432,P053,IN,82,2025-05-20
M012433,P066,IN,34,2025-05-20
M012434,P065,IN,114,2026-01-16
M012435,P043,IN,150,2025-10-01
M012436,P089,OUT,140,2026-01-02
M012437,P088,IN,133,2025-10-18
M012438,P057,OUT,104,2025-08-24
M012439,P090,OUT,95,2025-10-28
M012440,P002,OUT,91,2025-11-17
M012441,P036,OUT,40,2025-06-16
M012442,P043,IN,25,2025-10-03
M012443,P074,IN,192,2025-04-17
M012444,P078,IN,161,2025-11-06
M012445,P055,OUT,124,2025-06-07
M012446,P080,OUT,186,2025-11-27
M012447,P043,OUT,39,2025-12-10
M012448,P044,OUT,83,2025-11-25
M012449,P006,OUT,164,2025-05-05
M012450,P021,OUT,176,2025-03-20
M012451,P029,IN,176,2025-07-21
M012452,P038,OUT,67,2025-10-07
M012453,P031,OUT,177,2025-03-22
M012454,P074,OUT,93,2025-10-30
M012455,P059,OUT,102,2025-05-07
M012456,P012,OUT,171,2025-08-09
M012457,P048,OUT,196,2025-07-15
M012458,P050,IN,39,2025-05-10
M012459,P058,OUT,76,2025-10-12
M012460,P099,IN,177,2025-08-17
M012461,P001,IN,182,2025-12-04
M012462,P084,IN,3,2025-05-25
M012463,P032,IN,77,2026-01-20
M012464,P081,OUT,58,2025-04-02
M012465,P041,OUT,119,2025-12-10
M012466,P089,OUT,128,2025-10-19
M012467,P082,OUT,41,2025-11-19
M012468,P008,OUT,183,2025-11-01
M012469,P089,IN,172,2025-09-05
M012470,P036,IN,122,2025-04-14
M012471,P037,OUT,190,2025-06-11
M012472,P010,IN,53,2025-07-20
M012473,P062,OUT,21,2025-03-19
M012474,P036,OUT,9,2025-08-01
M012475,P022,OUT,100,2025-11-10
M012476,P011,IN,68,2025-09-16
M012477,P069,IN,103,2026-02-22
M012478,P097,OUT,37,2025-08-28
M012479,P092,IN,78,2026-01-18
M012480,P029,OUT,93,2025-07-16
M012481,P019,IN,46,2025-09-14
M012482,P057,IN,9,2025-06-02
M012483,P031,IN,27,2025-05-10
M012484,P022,IN,21,2025-12-24
M012485,P044,OUT,193,2025-09-08
M012486,P061,OUT,171,2025-09-02
M012487,P073,OUT,42,2025-07-25
M012488,P086,IN,160,2025-05-27
M012489,P051,OUT,25,2025-12-22
M012490,P087,OUT,142,2025-09-15
M012491,P099,OUT,181,2025-04-26
M012492,P016,IN,130,2025-04-19
M012493,P084,IN,164,2025-08-07
M012494,P097,OUT,47,2025-03-10
M012495,P092,IN,177,2025-10-02
M012496,P049,OUT,89,2025-03-25
M012497,P002,IN,141,2025-12-22
M012498,P050,OUT,18,2025-08-16
M012499,P079,IN,129,2025-06-30
M012500,P065,IN,40,2025-06-05
M012501,P080,OUT,171,2026-01-30
M012502,P055,IN,186,2025-12-13
M012503,P032,OUT,138,2025-11-24
M012504,P088,IN,159,2025-04-24
M012505,P020,OUT,155,2025-12-23
M012506,P084,IN,10,2025-05-17
M012507,P088,IN,144,2025-11-09
M012508,P051,IN,198,2025-07-26
M012509,P084,OUT,142,2025-06-24
M012510,P092,IN,101,2025-04-10
M012511,P046,OUT,53,2025-08-06
M012512,P062,IN,182,2025-08-12
M012513,P049,IN,52,2025-11-10
M012514,P085,OUT,95,2026-02-19
M012515,P066,IN,199,2025-06-27
M012516,P094,OUT,76,2026-02-25
M012517,P073,OUT,50,2025-06-24
M012518,P085,IN,114,2025-08-30
M012519,P007,IN,66,2025-04-21
M012520,P066,IN,197,2025-03-13
M012521,P029,IN,6,2025-09-25
M012522,P064,IN,33,2025-05-20
M012523,P011,OUT,108,2025-10-15
M012524,P036,IN,150,2025-11-01
M012525,P069,OUT,199,2025-11-23
M012526,P017,OUT,108,2025-09-14
M012527,P003,OUT,30,2025-04-24
M012528,P056,OUT,57,2025-04-06
M012529,P076,OUT,143,2025-12-06
M012530,P058,OUT,161,2025-06-28
M012531,P032,OUT,150,2025-05-25
M012532,P093,OUT,93,2025-12-27
M012533,P057,IN,37,2026-01-23
M012534,P087,IN,49,2025-05-19
M012535,P027,IN,43,2025-12-14
M012536,P083,IN,133,2025-08-20
M012537,P044,IN,92,2025-10-10
M012538,P026,IN,1,2025-03-12
M012539,P073,IN,176,2025-12-10
M012540,P001,OUT,23,2025-10-26
M012541,P097,OUT,45,2025-04-29
M012542,P019,OUT,157,2025-07-30
M012543,P042,IN,157,2025-12-22
M012544,P093,IN,131,2025-09-10
M012545,P097,IN,143,2026-01-04
M012546,P086,OUT,35,2025-05-29
M012547,P032,IN,141,2025-06-24
M012548,P088,IN,93,2025-04-13
M012549,P021,OUT,128,2025-05-27
M012550,P014,OUT,53,2025-09-26
M012551,P089,IN,109,2025-06-10
M012552,P049,IN,71,2026-02-15
M012553,P056,IN,49,2025-06-10
M012554,P021,OUT,141,2026-01-26
M012555,P005,OUT,189,2026-01-24
M012556,P036,IN,94,2025-10-02
M012557,P076,OUT,151,2025-04-05
M012558,P054,IN,176,2025-09-23
M012559,P081,IN,73,2026-01-10
M012560,P093,OUT,8,2025-07-24
M012561,P040,OUT,131,2025-07-07
M012562,P005,IN,148,2025-11-14
M012563,P094,OUT,8,2025-06-25
M012564,P035,IN,136,2026-03-03
M012565,P073,OUT,193,2025-05-19
M012566,P022,IN,104,2025-08-08
M012567,P058,IN,98,2025-05-20
M012568,P087,IN,57,2025-07-29
M012569,P048,IN,151,2025-09-06
M012570,P087,OUT,170,2026-01-04
M012571,P054,OUT,127,2025-09-06
M012572,P033,IN,2,2025-06-23
M012573,P036,OUT,113,2025-07-21
M012574,P069,IN,26,2025-05-03
M012575,P035,OUT,157,2025-12-03
M012576,P051,IN,86,2026-01-20
M012577,P065,OUT,121,2025-08-21
M012578,P074,OUT,86,2026-02-06
M012579,P009,OUT,166,2026-03-01
M012580,P026,OUT,127,2025-04-18
M012581,P020,OUT,48,2025-07-31
M012582,P083,OUT,37,2025-05-10
M012583,P065,IN,67,2025-11-12
M012584,P026,OUT,26,2025-06-14
M012585,P040,IN,157,2025-03-30
M012586,P097,OUT,35,2025-10-01
M012587,P040,OUT,87,2026-01-30
M012588,P067,IN,16,2025-08-17
M012589,P021,IN,139,2025-11-26
M012590,P008,OUT,175,2025-06-28
M012591,P007,IN,129,2025-12-14
M012592,P099,OUT,188,2025-04-14
M012593,P090,OUT,135,2025-07-30
M012594,P085,OUT,182,2025-06-18
M012595,P075,IN,58,2025-11-10
M012596,P026,IN,199,2026-01-07
M012597,P031,OUT,122,2026-02-07
M012598,P099,OUT,114,2025-12-14
M012599,P075,OUT,165,2025-07-30
M012600,P073,OUT,5,2025-07-23
M012601,P026,IN,182,2025-06-20
M012602,P040,IN,178,2025-10-07
M012603,P095,OUT,105,2025-05-03
M012604,P029,OUT,184,2025-07-05
M012605,P006,OUT,140,2025-03-19
M012606,P033,IN,142,2025-04-11
M012607,P027,IN,163,2025-12-24
M012608,P061,OUT,195,2025-07-07
M012609,P076,OUT,179,2026-01-30
M012610,P072,IN,186,2025-04-19
M012611,P075,IN,191,2025-05-25
M012612,P038,OUT,187,2025-04-21
M012613,P064,OUT,100,2025-11-15
M012614,P077,OUT,160,2025-10-28
M012615,P043,OUT,75,2025-09-14
M012616,P012,OUT,62,2025-09-19
M012617,P004,OUT,68,2025-10-18
M012618,P085,IN,199,2025-11-06
M012619,P019,IN,138,2025-05-18
M012620,P012,OUT,94,2025-11-23
M012621,P092,IN,13,2025-03-19
M012622,P057,IN,69,2025-11-26
M012623,P074,OUT,39,2025-04-29
M012624,P060,OUT,21,2025-03-19
M012625,P007,OUT,77,2025-11-17
M012626,P076,OUT,163,2025-11-03
M012627,P024,IN,85,2025-12-14
M012628,P078,IN,169,2025-03-24
M012629,P051,OUT,49,2026-01-26
M012630,P054,IN,6,2025-07-11
M012631,P078,OUT,36,2025-09-18
M012632,P049,IN,25,2025-08-14
M012633,P005,OUT,38,2025-09-01
M012634,P079,OUT,132,2025-11-17
M012635,P060,OUT,25,2025-06-12
M012636,P025,OUT,153,2025-11-02
M012637,P038,OUT,165,2025-03-16
M012638,P038,OUT,167,2025-12-30
M012639,P049,OUT,33,2025-07-03
M012640,P087,OUT,199,2025-05-10
M012641,P027,OUT,20,2025-03-13
M012642,P094,OUT,92,2025-12-29
M012643,P089,IN,75,2025-04-02
M012644,P067,OUT,22,2025-12-28
M012645,P011,IN,195,2026-01-25
M012646,P054,OUT,62,2025-10-05
M012647,P027,OUT,59,2025-08-23
M012648,P023,IN,185,2025-07-30
M012649,P081,IN,166,2025-08-01
M012650,P069,IN,172,2026-01-05
M012651,P048,IN,84,2025-11-18
M012652,P068,OUT,93,2025-10-02
M012653,P066,IN,89,2026-03-01
M012654,P026,IN,91,2026-01-31
M012655,P021,IN,76,2025-11-27
M012656,P085,IN,139,2025-05-04
M012657,P023,IN,162,2025-05-05
M012658,P046,IN,134,2025-12-05
M012659,P036,IN,80,2025-05-21
M012660,P089,IN,78,2025-06-29
M012661,P085,OUT,69,2025-09-25
M012662,P014,OUT,46,2025-12-07
M012663,P087,OUT,181,2026-01-17
M012664,P040,IN,196,2025-11-18
M012665,P063,OUT,197,2025-08-30
M012666,P085,IN,167,2025-06-29
M012667,P014,IN,181,2025-04-30
M012668,P005,IN,44,2025-06-26
M012669,P051,IN,89,2025-08-23
M012670,P001,IN,9,2025-04-03
M012671,P011,IN,198,2025-12-20
M012672,P094,OUT,122,2026-01-30
M012673,P069,OUT,67,2025-10-03
M012674,P073,IN,67,2025-08-01
M012675,P092,IN,82,2025-04-23
M012676,P084,IN,147,2025-07-20
M012677,P043,IN,155,2025-06-10
M012678,P010,IN,40,2026-02-27
M012679,P023,IN,155,2025-04-10
M012680,P049,OUT,193,2025-05-04
M012681,P078,IN,6,2025-10-18
M012682,P028,OUT,156,2025-09-10
M012683,P039,OUT,37,2025-05-07
M012684,P090,OUT,175,2026-01-31
M012685,P003,OUT,7,2025-04-23
M012686,P083,OUT,149,2026-01-10
M012687,P026,IN,93,2025-09-16
M012688,P081,IN,76,2025-06-14
M012689,P098,IN,131,2025-09-17
M012690,P061,IN,68,2025-07-09
M012691,P064,OUT,33,2026-01-25
M012692,P068,IN,165,2026-01-03
M012693,P046,IN,67,2025-07-29
M012694,P098,OUT,132,2026-01-21
M012695,P076,IN,37,2025-03-28
M012696,P008,IN,192,2025-04-26
M012697,P002,IN,40,2025-03-19
M012698,P061,OUT,156,2025-12-13
M012699,P015,IN,138,2025-07-11
M012700,P080,OUT,138,2026-01-12
M012701,P070,OUT,38,2025-06-23
M012702,P093,OUT,178,2025-07-09
M012703,P031,OUT,121,2025-10-04
M012704,P034,OUT,74,2025-08-13
M012705,P062,IN,29,2025-08-04
M012706,P044,OUT,17,2025-03-27
M012707,P035,IN,79,2025-11-03
M012708,P016,OUT,33,2025-11-09
M012709,P023,OUT,174,2025-08-03
M012710,P036,IN,100,2025-03-29
M012711,P098,IN,24,2025-03-22
M012712,P078,OUT,147,2026-03-02
M012713,P072,OUT,37,2025-04-06
M012714,P008,OUT,19,2025-11-07
M012715,P067,OUT,192,2025-03-14
M012716,P033,IN,130,2026-02-19
M012717,P011,IN,14,2025-06-02
M012718,P065,IN,38,2026-03-09
M012719,P084,OUT,37,2025-10-29
M012720,P003,OUT,32,2025-03-29
M012721,P065,IN,191,2025-05-30
M012722,P083,OUT,188,2025-06-19
M012723,P061,OUT,140,2025-06-09
M012724,P058,IN,84,2025-03-28
M012725,P092,OUT,128,2026-01-26
M012726,P071,OUT,186,2025-11-14
M012727,P010,OUT,84,2025-12-17
M012728,P009,IN,141,2025-10-09
M012729,P065,OUT,103,2025-08-07
M012730,P003,IN,164,2025-04-01
M012731,P084,IN,199,2025-09-07
M012732,P025,IN,110,2025-11-19
M012733,P048,OUT,122,2025-10-04
M012734,P080,OUT,22,2025-09-16
M012735,P071,OUT,35,2025-11-13
M012736,P001,IN,142,2025-10-08
M012737,P036,IN,125,2025-06-10
M012738,P092,IN,116,2025-04-01
M012739,P021,OUT,13,2025-04-26
M012740,P075,IN,193,2026-02-28
M012741,P047,OUT,98,2025-12-14
M012742,P002,IN,92,2025-05-23
M012743,P069,IN,160,2025-07-13
M012744,P055,OUT,171,2026-03-07
M012745,P021,OUT,123,2026-02-24
M012746,P083,IN,167,2025-07-23
M012747,P049,OUT,70,2025-12-03
M012748,P052,OUT,45,2025-06-10
M012749,P054,OUT,196,2025-10-03
M012750,P020,OUT,24,2025-06-26
M012751,P099,OUT,198,2025-11-28
M012752,P024,OUT,88,2026-01-15
M012753,P011,IN,133,2026-01-06
M012754,P039,IN,49,2026-01-19
M012755,P053,OUT,91,2025-08-23
M012756,P034,IN,134,2025-07-05
M012757,P014,OUT,136,2025-10-18
M012758,P035,IN,158,2025-11-14
M012759,P091,OUT,27,2025-12-22
M012760,P032,IN,32,2025-06-13
M012761,P084,IN,165,2025-10-03
M012762,P096,IN,44,2025-10-21
M012763,P077,IN,12,2026-01-06
M012764,P050,IN,39,2025-11-17
M012765,P026,OUT,39,2026-03-02
M012766,P066,OUT,188,2025-11-06
M012767,P019,IN,1,2025-10-01
M012768,P026,IN,129,2025-07-12
M012769,P037,IN,191,2025-09-01
M012770,P099,OUT,41,2025-04-28
M012771,P071,OUT,17,2025-07-02
M012772,P035,OUT,8,2025-04-20
M012773,P046,OUT,20,2025-09-23
M012774,P099,IN,84,2025-06-28
M012775,P022,IN,78,2025-05-20
M012776,P066,IN,9,2025-05-09
M012777,P093,OUT,185,2025-05-13
M012778,P096,OUT,140,2026-03-04
M012779,P057,OUT,5,2025-12-31
M012780,P031,IN,28,2025-09-01
M012781,P026,IN,68,2025-08-01
M012782,P086,IN,71,2025-06-23
M012783,P001,IN,80,2025-08-30
M012784,P075,IN,183,2026-01-21
M012785,P017,OUT,152,2025-06-16
M012786,P023,IN,29,2025-08-20
M012787,P076,IN,80,2025-06-02
M012788,P099,OUT,196,2025-12-29
M012789,P011,IN,135,2025-10-20
M012790,P027,IN,39,2026-02-18
M012791,P079,IN,172,2025-04-19
M012792,P065,OUT,1,2025-12-10
M012793,P037,IN,62,2025-07-08
M012794,P036,OUT,117,2026-01-27
M012795,P010,IN,36,2025-11-09
M012796,P039,IN,129,2025-09-22
M012797,P096,OUT,126,2025-08-15
M012798,P087,IN,5,2025-05-23
M012799,P002,IN,57,2025-07-21
M012800,P087,OUT,193,2025-11-23
M012801,P079,IN,28,2025-05-06
M012802,P031,OUT,172,2025-11-03
M012803,P011,IN,138,2025-12-09
M012804,P042,IN,178,2025-12-05
M012805,P078,IN,167,2026-01-27
M012806,P007,IN,15,2026-02-07
M012807,P006,IN,135,2025-06-19
M012808,P010,OUT,73,2025-12-03
M012809,P087,OUT,68,2026-02-11
M012810,P028,IN,103,2025-04-01
M012811,P028,IN,130,2025-10-21
M012812,P047,IN,98,2025-12-19
M012813,P093,OUT,153,2026-01-22
M012814,P069,IN,79,2025-04-11
M012815,P033,OUT,33,2026-03-09
M012816,P073,IN,160,2025-11-15
M012817,P024,IN,133,2025-05-18
M012818,P026,OUT,123,2025-05-16
M012819,P032,OUT,85,2025-09-12
M012820,P098,OUT,161,2025-04-12
M012821,P008,OUT,68,2025-08-14
M012822,P059,IN,87,2025-05-30
M012823,P086,OUT,27,2025-06-04
M012824,P017,OUT,83,2025-10-17
M012825,P028,IN,50,2025-08-11
M012826,P048,OUT,42,2025-08-14
M012827,P064,OUT,172,2025-05-13
M012828,P094,IN,135,2026-01-16
M012829,P048,IN,134,2025-07-06
M012830,P019,OUT,64,2025-06-01
M012831,P073,IN,47,2025-05-07
M012832,P057,OUT,133,2025-08-06
M012833,P063,IN,197,2025-09-08
M012834,P029,IN,124,2025-06-26
M012835,P002,OUT,113,2026-02-02
M012836,P088,OUT,153,2025-10-15
M012837,P018,IN,165,2025-08-10
M012838,P080,OUT,174,2025-12-05
M012839,P007,IN,118,2025-06-03
M012840,P050,OUT,78,2025-05-18
M012841,P078,OUT,67,2026-01-20
M012842,P095,OUT,121,2025-05-21
M012843,P057,OUT,92,2025-06-19
M012844,P016,IN,119,2025-05-08
M012845,P006,IN,47,2025-05-02
M012846,P054,OUT,191,2025-06-15
M012847,P057,OUT,77,2025-07-03
M012848,P015,IN,9,2025-05-25
M012849,P082,OUT,99,2025-09-27
M012850,P093,IN,103,2025-10-31
M012851,P082,IN,54,2026-02-28
M012852,P024,IN,17,2026-01-20
M012853,P091,IN,30,2026-01-14
M012854,P051,IN,98,2025-06-24
M012855,P086,OUT,135,2025-12-03
M012856,P020,OUT,100,2025-05-18
M012857,P007,IN,127,2025-05-11
M012858,P025,OUT,71,2025-03-10
M012859,P074,IN,136,2025-10-18
M012860,P023,IN,154,2025-03-30
M012861,P044,OUT,88,2026-01-02
M012862,P089,OUT,150,2025-04-01
M012863,P031,IN,175,2026-03-04
M012864,P068,IN,11,2025-04-12
M012865,P006,OUT,122,2025-09-30
M012866,P083,IN,113,2025-08-24
M012867,P046,OUT,12,2025-05-09
M012868,P067,IN,174,2025-12-06
M012869,P006,IN,100,2025-09-17
M012870,P069,IN,52,2025-11-14
M012871,P059,IN,60,2025-04-06
M012872,P057,IN,166,2025-10-05
M012873,P098,OUT,145,2025-04-23
M012874,P080,IN,11,2026-03-05
M012875,P074,OUT,78,2025-09-04
M012876,P049,IN,4,2025-09-10
M012877,P007,OUT,13,2025-11-27
M012878,P069,OUT,82,2025-06-18
M012879,P019,OUT,24,2026-02-07
M012880,P029,OUT,155,2026-03-08
M012881,P008,OUT,87,2026-02-08
M012882,P093,OUT,49,2025-08-27
M012883,P032,OUT,89,2025-12-10
M012884,P029,IN,73,2025-10-05
M012885,P072,OUT,67,2025-08-18
M012886,P006,IN,187,2025-07-28
M012887,P095,OUT,124,2026-03-02
M012888,P086,IN,103,2025-08-06
M012889,P084,OUT,170,2025-07-05
M012890,P002,OUT,136,2025-08-23
M012891,P080,OUT,127,2025-07-21
M012892,P079,OUT,168,2025-11-15
M012893,P060,OUT,185,2026-01-13
M012894,P010,OUT,188,2025-08-21
M012895,P087,OUT,131,2025-09-19
M012896,P061,OUT,168,2025-11-16
M012897,P041,OUT,50,2026-02-10
M012898,P042,OUT,175,2025-06-06
M012899,P038,IN,31,2025-09-09
M012900,P054,IN,112,2025-06-30
M012901,P079,IN,181,2025-10-30
M012902,P083,OUT,86,2025-05-19
M012903,P060,IN,39,2025-11-17
M012904,P032,IN,198,2025-04-21
M012905,P018,OUT,82,2026-01-11
M012906,P037,OUT,103,2025-11-11
M012907,P015,IN,57,2025-12-20
M012908,P094,OUT,128,2025-08-07
M012909,P075,IN,71,2025-05-26
M012910,P004,OUT,15,2026-01-01
M012911,P069,OUT,57,2025-05-21
M012912,P069,IN,149,2025-05-14
M012913,P033,OUT,160,2026-01-15
M012914,P011,OUT,113,2025-12-24
M012915,P047,OUT,52,2025-06-15
M012916,P099,OUT,7,2025-12-18
M012917,P076,IN,76,2025-11-21
M012918,P039,OUT,78,2026-02-16
M012919,P098,IN,73,2025-07-17
M012920,P032,OUT,64,2025-04-09
M012921,P072,IN,47,2025-05-30
M012922,P078,OUT,198,2025-04-17
M012923,P030,OUT,116,2026-01-27
M012924,P062,IN,150,2025-03-30
M012925,P076,OUT,124,2025-11-24
M012926,P034,IN,192,2025-12-20
M012927,P035,IN,30,2025-09-01
M012928,P093,IN,72,2025-05-12
M012929,P014,OUT,131,2025-06-27
M012930,P081,IN,96,2025-05-21
M012931,P094,IN,169,2025-07-30
M012932,P095,IN,113,2025-08-04
M012933,P080,OUT,133,2025-08-17
M012934,P085,OUT,102,2025-05-03
M012935,P098,OUT,107,2025-09-10
M012936,P029,OUT,5,2026-01-06
M012937,P046,OUT,106,2026-02-08
M012938,P006,IN,37,2025-03-30
M012939,P049,OUT,127,2025-12-07
M012940,P026,IN,97,2025-07-16
M012941,P093,IN,187,2025-08-03
M012942,P049,IN,173,2025-10-19
M012943,P075,IN,107,2025-09-02
M012944,P026,OUT,82,2025-08-26
M012945,P011,OUT,62,2026-02-19
M012946,P046,IN,162,2025-06-27
M012947,P010,IN,62,2026-01-06
M012948,P068,OUT,77,2025-05-16
M012949,P013,IN,134,2025-10-15
M012950,P008,IN,146,2025-04-23
M012951,P019,IN,43,2026-01-04
M012952,P028,OUT,200,2025-08-18
M012953,P055,IN,96,2025-09-26
M012954,P072,OUT,77,2025-06-05
M012955,P060,IN,66,2025-07-16
M012956,P065,IN,135,2025-07-07
M012957,P012,OUT,99,2026-01-08
M012958,P023,OUT,72,2025-11-16
M012959,P041,IN,27,2025-04-03
M012960,P071,IN,200,2025-03-19
M012961,P057,IN,152,2025-04-30
M012962,P024,IN,179,2025-03-09
M012963,P092,IN,55,2025-05-31
M012964,P062,IN,81,2025-12-26
M012965,P081,IN,151,2025-03-10
M012966,P022,OUT,131,2025-03-24
M012967,P067,OUT,46,2025-11-06
M012968,P025,OUT,178,2025-05-07
M012969,P005,OUT,105,2025-05-05
M012970,P007,OUT,153,2025-04-17
M012971,P028,OUT,158,2025-11-21
M012972,P002,OUT,85,2025-11-16
M012973,P058,OUT,29,2025-04-05
M012974,P064,IN,19,2025-12-04
M012975,P022,IN,53,2025-06-30
M012976,P046,IN,124,2026-01-18
M012977,P099,OUT,59,2026-01-03
M012978,P091,IN,12,2025-09-07
M012979,P018,OUT,139,2025-06-20
M012980,P093,IN,75,2025-04-08
M012981,P008,IN,83,2025-08-02
M012982,P020,OUT,43,2026-02-13
M012983,P021,IN,170,2026-01-27
M012984,P086,IN,22,2025-09-04
M012985,P014,IN,93,2025-05-26
M012986,P013,IN,74,2025-07-29
M012987,P051,IN,77,2025-10-28
M012988,P061,IN,148,2025-08-11
M012989,P002,IN,65,2025-06-02
M012990,P049,OUT,98,2025-07-04
M012991,P052,OUT,83,2025-09-14
M012992,P020,OUT,100,2025-04-21
M012993,P059,IN,128,2026-01-29
M012994,P078,OUT,54,2025-10-07
M012995,P010,IN,70,2025-04-13
M012996,P089,OUT,177,2025-12-29
M012997,P039,IN,60,2025-09-21
M012998,P044,OUT,83,2025-09-13
M012999,P034,OUT,95,2025-09-14
M013000,P035,OUT,39,2026-02-15
M013001,P032,OUT,44,2025-09-02
M013002,P072,IN,163,2025-04-20
M013003,P026,OUT,147,2025-04-23
M013004,P095,IN,114,2025-10-12
M013005,P077,IN,52,2025-08-18
M013006,P030,OUT,103,2026-02-11
M013007,P071,IN,22,2025-09-12
M013008,P034,OUT,24,2025-04-08
M013009,P033,OUT,160,2025-07-22
M013010,P073,IN,78,2025-05-12
M013011,P029,OUT,192,2025-10-27
M013012,P090,OUT,22,2025-05-09
M013013,P059,IN,82,2025-06-28
M013014,P021,OUT,162,2025-11-16
M013015,P002,IN,125,2025-06-19
M013016,P027,IN,63,2025-09-16
M013017,P049,OUT,160,2025-12-08
M013018,P037,OUT,108,2025-06-16
M013019,P099,IN,140,2025-04-28
M013020,P016,IN,181,2025-10-12
M013021,P067,OUT,75,2026-01-02
M013022,P039,OUT,17,2026-03-03
M013023,P021,IN,127,2025-06-09
M013024,P080,IN,53,2025-10-17
M013025,P001,OUT,5,2025-05-16
M013026,P071,OUT,113,2025-07-26
M013027,P036,IN,65,2025-08-08
M013028,P084,OUT,33,2025-04-08
M013029,P098,OUT,8,2026-02-14
M013030,P020,OUT,85,2025-12-14
M013031,P038,IN,164,2025-06-02
M013032,P034,OUT,23,2026-02-14
M013033,P049,IN,105,2025-12-24
M013034,P018,IN,68,2026-02-27
M013035,P061,OUT,48,2025-10-16
M013036,P039,OUT,134,2025-07-04
M013037,P098,OUT,35,2025-08-22
M013038,P040,IN,175,2025-08-21
M013039,P064,IN,68,2025-04-15
M013040,P029,IN,196,2025-06-05
M013041,P070,OUT,165,2025-11-25
M013042,P014,IN,82,2025-11-23
M013043,P039,OUT,152,2025-07-02
M013044,P047,OUT,63,2026-03-06
M013045,P094,OUT,102,2025-05-28
M013046,P007,IN,151,2025-08-09
M013047,P054,IN,119,2025-10-08
M013048,P039,OUT,100,2025-06-19
M013049,P037,OUT,27,2025-12-30
M013050,P096,OUT,168,2025-09-14
M013051,P042,OUT,163,2025-09-24
M013052,P083,IN,44,2025-06-22
M013053,P091,IN,22,2025-09-27
M013054,P067,IN,26,2026-01-15
M013055,P039,OUT,76,2025-05-14
M013056,P077,IN,66,2025-07-02
M013057,P053,IN,81,2025-04-08
M013058,P010,IN,95,2026-01-21
M013059,P085,IN,42,2025-08-30
M013060,P057,OUT,143,2026-01-24
M013061,P044,IN,15,2025-08-08
M013062,P041,IN,164,2025-05-31
M013063,P042,OUT,110,2025-03-12
M013064,P008,IN,87,2025-03-26
M013065,P082,OUT,35,2025-10-24
M013066,P018,OUT,179,2026-01-01
M013067,P097,IN,26,2025-04-12
M013068,P074,IN,116,2025-05-18
M013069,P020,OUT,44,2025-08-28
M013070,P081,OUT,43,2026-02-24
M013071,P069,IN,172,2025-11-11
M013072,P040,IN,59,2026-02-15
M013073,P089,IN,152,2025-08-23
M013074,P094,IN,37,2025-06-04
M013075,P063,IN,66,2025-11-30
M013076,P084,IN,163,2025-10-04
M013077,P094,OUT,145,2026-01-13
M013078,P089,IN,112,2025-03-31
M013079,P028,IN,132,2025-09-05
M013080,P049,OUT,193,2025-10-29
M013081,P058,OUT,58,2026-02-09
M013082,P097,IN,20,2025-05-25
M013083,P049,IN,31,2025-04-20
M013084,P020,OUT,168,2025-06-20
M013085,P019,IN,187,2025-11-30
M013086,P065,OUT,121,2025-05-25
M013087,P004,OUT,59,2025-09-04
M013088,P050,IN,11,2025-12-29
M013089,P076,IN,129,2025-10-06
M013090,P053,OUT,37,2026-02-20
M013091,P064,OUT,168,2025-06-03
M013092,P030,IN,94,2025-05-14
M013093,P025,IN,52,2025-07-13
M013094,P037,OUT,88,2025-10-04
M013095,P004,OUT,85,2025-04-14
M013096,P030,IN,109,2025-12-12
M013097,P097,OUT,182,2025-12-11
M013098,P046,IN,131,2025-04-11
M013099,P038,IN,82,2026-02-27
M013100,P060,OUT,109,2025-10-21
M013101,P031,OUT,26,2025-11-20
M013102,P007,IN,97,2025-05-03
M013103,P097,OUT,169,2025-09-13
M013104,P026,IN,3,2026-02-15
M013105,P043,IN,38,2025-12-08
M013106,P065,IN,25,2025-03-21
M013107,P069,OUT,145,2025-09-12
M013108,P056,IN,3,2025-06-18
M013109,P074,OUT,92,2025-09-29
M013110,P099,OUT,23,2025-12-09
M013111,P018,IN,122,2025-12-07
M013112,P070,IN,105,2025-05-19
M013113,P076,IN,30,2026-01-25
M013114,P045,OUT,189,2025-08-20
M013115,P013,OUT,186,2025-07-21
M013116,P047,IN,157,2025-04-01
M013117,P031,OUT,54,2026-01-16
M013118,P017,OUT,56,2025-05-06
M013119,P068,IN,7,2026-02-28
M013120,P003,IN,115,2025-10-29
M013121,P090,IN,159,2025-12-22
M013122,P026,OUT,200,2025-03-10
M013123,P044,OUT,177,2025-05-30
M013124,P065,OUT,31,2026-03-04
M013125,P025,OUT,105,2025-05-02
M013126,P062,OUT,28,2026-01-25
M013127,P060,OUT,125,2025-03-18
M013128,P095,IN,101,2025-11-18
M013129,P018,OUT,153,2025-07-12
M013130,P055,IN,56,2026-02-16
M013131,P047,IN,176,2025-09-11
M013132,P001,IN,135,2025-07-08
M013133,P071,IN,125,2026-03-08
M013134,P020,IN,113,2025-12-16
M013135,P030,OUT,81,2026-02-26
M013136,P073,OUT,52,2026-02-26
M013137,P059,OUT,74,2026-01-30
M013138,P011,OUT,20,2026-01-18
M013139,P056,IN,73,2025-05-18
M013140,P001,OUT,123,2025-12-22
M013141,P055,IN,180,2026-01-22
M013142,P008,IN,192,2026-02-16
M013143,P065,IN,84,2026-01-10
M013144,P078,IN,78,2026-02-07
M013145,P095,OUT,58,2026-01-06
M013146,P089,OUT,93,2025-05-26
M013147,P052,OUT,9,2025-03-31
M013148,P006,OUT,12,2025-11-28
M013149,P055,IN,108,2025-06-23
M013150,P004,IN,181,2025-07-27
M013151,P076,IN,32,2025-05-22
M013152,P060,IN,61,2025-06-21
M013153,P031,IN,171,2025-06-09
M013154,P036,OUT,179,2025-08-02
M013155,P093,OUT,33,2025-07-28
M013156,P074,IN,187,2025-11-14
M013157,P054,IN,102,2025-10-17
M013158,P041,OUT,182,2025-03-17
M013159,P018,OUT,74,2025-10-02
M013160,P003,OUT,174,2025-04-23
M013161,P049,OUT,41,2025-11-25
M013162,P058,OUT,73,2025-10-16
M013163,P073,IN,135,2025-09-03
M013164,P055,IN,57,2025-07-31
M013165,P045,OUT,124,2025-11-13
M013166,P026,OUT,129,2025-10-13
M013167,P013,OUT,20,2026-01-08
M013168,P091,IN,171,2026-02-08
M013169,P099,OUT,133,2025-07-18
M013170,P079,IN,92,2025-04-18
M013171,P031,OUT,155,2026-01-17
M013172,P096,IN,71,2025-08-20
M013173,P015,OUT,79,2026-02-28
M013174,P024,IN,188,2025-11-25
M013175,P024,IN,17,2025-07-14
M013176,P022,OUT,105,2025-03-16
M013177,P052,IN,68,2025-08-04
M013178,P071,IN,64,2025-09-06
M013179,P007,IN,21,2025-08-30
M013180,P048,OUT,50,2026-01-14
M013181,P034,IN,72,2025-11-06
M013182,P037,IN,28,2025-05-03
M013183,P095,IN,13,2025-12-19
M013184,P078,IN,157,2025-08-11
M013185,P067,OUT,151,2025-11-01
M013186,P095,OUT,149,2025-04-02
M013187,P011,OUT,116,2025-12-18
M013188,P025,OUT,4,2025-06-27
M013189,P020,OUT,75,2025-05-04
M013190,P087,OUT,110,2025-04-03
M013191,P010,IN,4,2026-02-02
M013192,P061,OUT,57,2025-04-10
M013193,P099,IN,192,2025-09-20
M013194,P081,IN,57,2025-03-17
M013195,P091,IN,114,2025-07-09
M013196,P049,OUT,180,2026-01-05
M013197,P055,OUT,90,2025-09-29
M013198,P018,IN,189,2025-12-07
M013199,P064,OUT,176,2025-05-06
M013200,P053,IN,28,2025-07-23
M013201,P075,IN,85,2026-01-28
M013202,P047,IN,69,2026-01-14
M013203,P027,OUT,48,2025-08-23
M013204,P030,IN,158,2025-11-03
M013205,P096,IN,45,2025-10-08
M013206,P007,IN,38,2025-12-30
M013207,P093,OUT,139,2025-12-20
M013208,P087,OUT,169,2025-03-28
M013209,P042,IN,185,2026-01-17
M013210,P069,OUT,88,2026-01-20
M013211,P013,IN,66,2025-08-04
M013212,P009,OUT,64,2025-08-09
M013213,P091,OUT,19,2025-06-12
M013214,P071,OUT,84,2025-03-16
M013215,P051,IN,64,2025-09-09
M013216,P067,OUT,140,2025-07-26
M013217,P030,IN,27,2025-08-18
M013218,P026,IN,145,2025-12-13
M013219,P047,IN,185,2025-09-23
M013220,P088,OUT,60,2025-07-24
M013221,P050,OUT,63,2025-08-26
M013222,P085,OUT,176,2025-09-21
M013223,P016,OUT,152,2025-03-29
M013224,P009,OUT,171,2025-03-16
M013225,P036,IN,87,2025-11-25
M013226,P060,OUT,199,2026-01-25
M013227,P029,IN,39,2025-09-02
M013228,P051,OUT,114,2025-05-26
M013229,P063,OUT,48,2025-10-16
M013230,P039,IN,5,2025-09-20
M013231,P061,OUT,139,2026-01-13
M013232,P013,OUT,195,2025-09-25
M013233,P092,OUT,96,2026-02-02
M013234,P067,OUT,185,2025-05-15
M013235,P065,OUT,98,2025-04-16
M013236,P010,IN,188,2025-12-20
M013237,P020,OUT,47,2025-05-19
M013238,P076,OUT,181,2025-04-08
M013239,P054,OUT,26,2025-07-02
M013240,P008,IN,87,2025-12-02
M013241,P045,IN,176,2025-04-23
M013242,P073,IN,104,2025-04-04
M013243,P098,IN,120,2025-03-10
M013244,P055,IN,20,2025-12-17
M013245,P019,IN,185,2025-09-15
M013246,P098,IN,59,2025-11-12
M013247,P063,OUT,140,2025-09-22
M013248,P025,OUT,106,2025-10-13
M013249,P072,OUT,118,2025-08-29
M013250,P009,OUT,31,2026-02-04
M013251,P084,IN,69,2025-05-27
M013252,P030,OUT,52,2025-07-26
M013253,P005,IN,38,2025-12-04
M013254,P075,OUT,112,2025-04-18
M013255,P022,OUT,71,2025-03-28
M013256,P087,OUT,95,2025-07-04
M013257,P031,IN,131,2025-11-05
M013258,P095,IN,57,2026-02-04
M013259,P031,OUT,39,2025-09-03
M013260,P056,OUT,181,2025-05-04
M013261,P054,IN,92,2025-10-15
M013262,P092,OUT,92,2026-01-02
M013263,P098,OUT,35,2025-12-03
M013264,P056,OUT,15,2025-04-05
M013265,P026,IN,143,2026-03-02
M013266,P079,IN,19,2025-05-20
M013267,P020,OUT,183,2025-09-29
M013268,P066,IN,106,2025-11-14
M013269,P065,IN,162,2025-09-18
M013270,P055,IN,186,2025-09-16
M013271,P016,OUT,10,2026-02-02
M013272,P085,OUT,23,2025-06-03
M013273,P035,IN,69,2025-10-21
M013274,P068,OUT,8,2025-06-26
M013275,P042,OUT,2,2025-10-04
M013276,P080,IN,50,2025-08-28
M013277,P075,IN,110,2026-01-04
M013278,P091,IN,159,2025-10-04
M013279,P027,OUT,72,2025-11-10
M013280,P073,OUT,36,2026-01-01
M013281,P005,OUT,131,2025-03-24
M013282,P059,IN,75,2025-04-01
M013283,P046,OUT,66,2025-09-04
M013284,P054,OUT,88,2025-09-01
M013285,P012,OUT,161,2026-02-06
M013286,P025,IN,37,2025-03-12
M013287,P079,IN,42,2025-10-06
M013288,P062,IN,166,2025-04-15
M013289,P026,OUT,120,2025-05-10
M013290,P046,OUT,15,2025-09-27
M013291,P054,OUT,12,2025-11-17
M013292,P050,IN,37,2025-12-16
M013293,P061,OUT,6,2025-09-13
M013294,P035,IN,15,2025-04-27
M013295,P045,IN,49,2025-11-14
M013296,P037,IN,58,2025-12-06
M013297,P006,IN,34,2025-11-13
M013298,P023,OUT,123,2025-11-22
M013299,P095,OUT,48,2025-05-02
M013300,P001,OUT,200,2025-10-03
M013301,P065,OUT,19,2025-12-07
M013302,P092,IN,27,2025-04-20
M013303,P009,OUT,3,2025-06-17
M013304,P038,IN,170,2025-03-31
M013305,P021,OUT,158,2026-01-27
M013306,P025,OUT,17,2025-08-25
M013307,P019,IN,4,2025-08-21
M013308,P092,IN,141,2026-01-14
M013309,P026,OUT,11,2025-04-08
M013310,P003,OUT,197,2025-07-05
M013311,P023,OUT,162,2025-06-04
M013312,P041,OUT,1,2025-11-30
M013313,P099,IN,191,2025-09-25
M013314,P067,OUT,123,2026-01-24
M013315,P056,OUT,25,2025-05-03
M013316,P028,IN,85,2025-04-29
M013317,P088,IN,173,2025-06-01
M013318,P046,OUT,119,2025-09-03
M013319,P053,IN,195,2026-02-24
M013320,P062,IN,126,2025-04-12
M013321,P088,IN,55,2025-08-31
M013322,P052,OUT,62,2025-11-27
M013323,P008,OUT,165,2025-06-30
M013324,P005,IN,140,2026-02-25
M013325,P046,OUT,39,2025-09-04
M013326,P075,OUT,20,2025-05-16
M013327,P019,OUT,186,2025-06-10
M013328,P080,OUT,166,2025-08-14
M013329,P073,IN,155,2025-11-22
M013330,P004,IN,15,2025-06-19
M013331,P079,IN,135,2025-09-12
M013332,P026,IN,189,2025-05-26
M013333,P091,IN,109,2025-08-04
M013334,P008,IN,125,2025-04-23
M013335,P016,OUT,167,2025-10-01
M013336,P052,IN,10,2025-11-05
M013337,P036,OUT,170,2026-01-27
M013338,P080,IN,55,2025-04-11
M013339,P009,IN,32,2025-10-21
M013340,P024,IN,167,2026-01-15
M013341,P047,OUT,160,2025-09-16
M013342,P015,OUT,45,2025-09-08
M013343,P092,OUT,27,2026-01-04
M013344,P096,OUT,6,2026-02-14
M013345,P020,OUT,146,2025-11-04
M013346,P087,OUT,113,2025-05-28
M013347,P018,IN,135,2025-09-07
M013348,P082,OUT,179,2025-11-14
M013349,P058,IN,45,2025-09-22
M013350,P024,OUT,194,2025-12-17
M013351,P060,IN,19,2025-08-18
M013352,P080,OUT,148,2025-07-07
M013353,P019,IN,76,2025-09-18
M013354,P052,IN,178,2025-05-12
M013355,P088,IN,3,2025-10-08
M013356,P098,OUT,36,2025-09-24
M013357,P020,OUT,193,2025-08-07
M013358,P032,IN,121,2025-07-24
M013359,P020,IN,172,2025-08-30
M013360,P080,IN,183,2025-07-24
M013361,P054,OUT,5,2025-09-16
M013362,P100,OUT,165,2026-02-25
M013363,P068,IN,170,2025-09-14
M013364,P070,OUT,185,2025-09-13
M013365,P023,IN,148,2025-05-04
M013366,P097,IN,179,2025-07-15
M013367,P056,IN,178,2025-07-04
M013368,P021,IN,20,2025-03-11
M013369,P028,IN,105,2025-10-28
M013370,P032,IN,138,2025-07-10
M013371,P042,OUT,75,2025-07-14
M013372,P093,IN,86,2025-11-07
M013373,P057,OUT,65,2025-10-14
M013374,P073,OUT,13,2025-06-18
M013375,P010,IN,77,2025-09-09
M013376,P048,OUT,6,2025-11-08
M013377,P072,IN,68,2025-07-18
M013378,P029,IN,94,2026-03-09
M013379,P094,IN,7,2025-06-29
M013380,P039,IN,64,2025-05-10
M013381,P076,IN,157,2025-12-04
M013382,P037,OUT,87,2026-02-09
M013383,P013,IN,116,2025-05-12
M013384,P038,OUT,15,2025-11-01
M013385,P057,OUT,92,2025-04-09
M013386,P085,OUT,69,2025-10-24
M013387,P008,OUT,80,2025-11-16
M013388,P049,IN,184,2025-05-29
M013389,P018,IN,158,2025-12-30
M013390,P099,OUT,165,2025-03-13
M013391,P033,IN,180,2025-07-16
M013392,P058,IN,93,2025-06-23
M013393,P068,IN,34,2025-03-31
M013394,P079,OUT,174,2026-02-03
M013395,P098,IN,53,2025-07-15
M013396,P053,IN,78,2025-09-24
M013397,P023,OUT,137,2025-09-04
M013398,P069,IN,20,2025-11-16
M013399,P055,OUT,9,2025-08-20
M013400,P044,IN,6,2025-10-23
M013401,P099,OUT,89,2025-06-02
M013402,P057,OUT,194,2025-12-31
M013403,P087,IN,155,2025-07-24
M013404,P079,OUT,97,2025-05-24
M013405,P059,IN,157,2025-12-08
M013406,P052,IN,105,2025-04-08
M013407,P079,IN,57,2025-08-26
M013408,P015,OUT,81,2025-04-27
M013409,P048,IN,111,2025-10-06
M013410,P017,IN,50,2025-03-28
M013411,P071,IN,147,2025-03-11
M013412,P013,IN,149,2025-12-06
M013413,P010,IN,71,2025-05-06
M013414,P090,OUT,101,2025-08-08
M013415,P069,OUT,199,2025-08-11
M013416,P056,IN,187,2025-06-14
M013417,P020,IN,34,2025-07-18
M013418,P009,OUT,39,2026-01-03
M013419,P022,OUT,116,2025-03-24
M013420,P066,IN,178,2026-03-06
M013421,P077,IN,186,2025-10-07
M013422,P028,IN,70,2025-12-23
M013423,P078,OUT,83,2025-09-29
M013424,P074,OUT,17,2025-04-27
M013425,P096,IN,192,2026-03-06
M013426,P095,OUT,48,2026-03-05
M013427,P085,IN,141,2025-10-19
M013428,P039,IN,33,2025-09-30
M013429,P026,OUT,49,2025-12-07
M013430,P060,IN,114,2025-10-05
M013431,P065,OUT,104,2026-03-08
M013432,P012,OUT,175,2026-01-30
M013433,P092,OUT,112,2025-12-06
M013434,P057,OUT,26,2026-01-27
M013435,P059,IN,184,2025-11-29
M013436,P024,OUT,126,2026-02-04
M013437,P077,OUT,150,2025-09-16
M013438,P021,OUT,114,2025-04-26
M013439,P084,OUT,26,2025-08-04
M013440,P043,OUT,81,2025-06-07
M013441,P038,IN,181,2025-11-20
M013442,P064,IN,27,2025-07-18
M013443,P018,IN,72,2025-09-11
M013444,P056,IN,121,2025-06-20
M013445,P041,IN,3,2025-12-26
M013446,P007,OUT,197,2025-04-06
M013447,P052,OUT,120,2025-11-13
M013448,P025,IN,141,2025-03-16
M013449,P061,OUT,6,2025-08-31
M013450,P048,IN,52,2025-04-26
M013451,P082,OUT,29,2025-10-30
M013452,P049,IN,146,2026-01-15
M013453,P084,IN,181,2026-03-04
M013454,P005,IN,185,2025-12-11
M013455,P060,OUT,17,2025-12-01
M013456,P042,OUT,174,2025-09-24
M013457,P069,IN,66,2025-10-15
M013458,P021,OUT,143,2025-08-20
M013459,P043,IN,138,2025-04-11
M013460,P052,OUT,109,2025-12-11
M013461,P087,OUT,162,2025-05-15
M013462,P072,OUT,92,2025-05-17
M013463,P095,IN,68,2025-04-18
M013464,P008,IN,197,2025-12-22
M013465,P054,IN,190,2025-05-07
M013466,P093,OUT,131,2025-09-29
M013467,P082,IN,112,2025-09-01
M013468,P022,IN,118,2026-02-21
M013469,P097,IN,185,2025-07-11
M013470,P047,OUT,50,2025-05-18
M013471,P047,IN,175,2025-05-24
M013472,P070,OUT,148,2025-09-27
M013473,P055,IN,100,2025-08-06
M013474,P004,IN,50,2025-12-28
M013475,P034,OUT,37,2025-09-01
M013476,P064,IN,39,2025-07-04
M013477,P047,OUT,124,2025-10-30
M013478,P087,OUT,21,2025-11-26
M013479,P060,IN,128,2025-07-10
M013480,P001,IN,144,2025-04-25
M013481,P053,IN,173,2025-08-11
M013482,P047,IN,133,2025-06-24
M013483,P026,OUT,153,2025-09-30
M013484,P023,IN,68,2026-01-03
M013485,P091,IN,117,2026-01-24
M013486,P096,OUT,145,2025-05-17
M013487,P058,IN,152,2025-05-01
M013488,P014,IN,19,2025-08-10
M013489,P005,OUT,183,2025-11-02
M013490,P016,IN,109,2026-01-13
M013491,P033,OUT,121,2025-03-30
M013492,P018,OUT,171,2025-12-22
M013493,P001,IN,26,2025-07-27
M013494,P055,IN,6,2025-04-12
M013495,P005,IN,182,2025-04-09
M013496,P073,IN,126,2025-06-28
M013497,P006,OUT,108,2025-06-01
M013498,P065,OUT,95,2025-12-07
M013499,P001,OUT,156,2026-01-10
M013500,P020,OUT,31,2025-04-07
M013501,P091,IN,178,2025-04-14
M013502,P099,IN,130,2025-03-26
M013503,P072,OUT,16,2026-03-05
M013504,P081,IN,154,2025-08-21
M013505,P029,IN,76,2025-12-07
M013506,P006,IN,123,2025-11-27
M013507,P064,OUT,10,2025-07-16
M013508,P025,IN,87,2026-01-05
M013509,P047,OUT,174,2025-12-10
M013510,P014,OUT,27,2025-04-04
M013511,P046,IN,138,2025-06-17
M013512,P001,OUT,186,2025-05-31
M013513,P022,IN,158,2025-07-24
M013514,P044,OUT,113,2026-02-10
M013515,P073,OUT,80,2025-09-11
M013516,P085,OUT,151,2025-03-20
M013517,P060,OUT,33,2025-06-01
M013518,P072,IN,76,2026-01-24
M013519,P091,IN,162,2025-06-09
M013520,P092,OUT,182,2025-12-27
M013521,P060,IN,12,2025-12-16
M013522,P097,IN,158,2025-11-21
M013523,P091,OUT,178,2025-05-09
M013524,P098,IN,102,2025-10-27
M013525,P069,IN,140,2025-06-10
M013526,P022,OUT,111,2025-04-22
M013527,P027,OUT,174,2025-03-19
M013528,P099,IN,91,2026-01-29
M013529,P090,IN,96,2025-12-13
M013530,P053,IN,168,2025-05-15
M013531,P060,OUT,193,2026-01-23
M013532,P092,OUT,183,2025-04-09
M013533,P090,IN,193,2025-03-29
M013534,P016,IN,5,2025-10-27
M013535,P016,IN,196,2025-09-06
M013536,P073,OUT,22,2026-02-22
M013537,P003,OUT,151,2025-03-14
M013538,P037,OUT,73,2025-03-17
M013539,P062,IN,17,2025-05-01
M013540,P089,IN,196,2025-04-30
M013541,P085,OUT,152,2025-10-07
M013542,P061,OUT,147,2025-08-14
M013543,P023,OUT,151,2025-07-01
M013544,P059,IN,29,2025-07-14
M013545,P065,IN,14,2026-02-26
M013546,P085,IN,86,2025-06-22
M013547,P015,OUT,79,2025-11-06
M013548,P080,OUT,145,2025-08-17
M013549,P067,IN,155,2025-07-23
M013550,P031,IN,80,2025-07-06
M013551,P061,IN,190,2025-04-19
M013552,P042,OUT,103,2025-08-06
M013553,P094,OUT,113,2025-09-30
M013554,P094,OUT,172,2026-03-06
M013555,P042,OUT,38,2025-11-16
M013556,P074,OUT,115,2026-02-09
M013557,P012,OUT,190,2025-07-04
M013558,P024,IN,87,2026-02-21
M013559,P008,OUT,75,2025-09-29
M013560,P053,OUT,65,2025-04-07
M013561,P041,OUT,148,2026-02-09
M013562,P094,OUT,142,2025-11-21
M013563,P039,IN,102,2025-03-28
M013564,P001,OUT,13,2026-02-02
M013565,P072,OUT,115,2025-10-21
M013566,P041,IN,149,2025-10-11
M013567,P063,OUT,44,2025-05-06
M013568,P027,IN,71,2025-11-02
M013569,P100,OUT,10,2025-11-22
M013570,P081,OUT,46,2026-02-21
M013571,P016,OUT,90,2025-03-24
M013572,P096,OUT,65,2025-10-17
M013573,P080,IN,18,2025-06-06
M013574,P073,OUT,7,2025-04-01
M013575,P033,OUT,104,2025-08-18
M013576,P067,IN,146,2025-12-04
M013577,P057,OUT,83,2025-03-16
M013578,P006,OUT,175,2025-11-22
M013579,P046,IN,115,2026-02-09
M013580,P021,OUT,182,2025-09-24
M013581,P064,IN,45,2025-12-29
M013582,P084,IN,13,2026-02-27
M013583,P010,OUT,112,2025-08-31
M013584,P087,OUT,65,2025-05-08
M013585,P076,OUT,166,2025-07-19
M013586,P038,OUT,44,2025-04-04
M013587,P057,IN,47,2026-02-23
M013588,P092,IN,22,2026-02-27
M013589,P013,OUT,45,2025-07-11
M013590,P076,IN,7,2025-04-01
M013591,P043,IN,22,2025-05-29
M013592,P030,OUT,2,2025-08-28
M013593,P081,IN,58,2025-08-20
M013594,P009,IN,166,2025-07-13
M013595,P058,IN,84,2025-07-10
M013596,P081,OUT,33,2025-05-01
M013597,P089,IN,153,2026-01-04
M013598,P009,IN,26,2025-07-14
M013599,P005,OUT,54,2025-06-30
M013600,P094,OUT,175,2025-09-06
M013601,P033,OUT,175,2026-03-06
M013602,P081,OUT,109,2025-12-26
M013603,P084,OUT,169,2025-03-13
M013604,P060,IN,3,2026-01-09
M013605,P095,OUT,116,2025-12-10
M013606,P097,OUT,156,2025-08-03
M013607,P021,OUT,137,2025-04-28
M013608,P056,OUT,80,2025-11-12
M013609,P078,OUT,160,2025-07-18
M013610,P007,OUT,151,2026-03-09
M013611,P036,IN,99,2025-03-11
M013612,P065,OUT,19,2025-12-10
M013613,P065,OUT,76,2025-09-27
M013614,P057,OUT,100,2025-10-11
M013615,P096,OUT,129,2025-04-02
M013616,P075,OUT,62,2025-11-14
M013617,P032,IN,136,2025-04-25
M013618,P046,IN,144,2025-10-14
M013619,P032,IN,200,2025-08-25
M013620,P009,IN,19,2026-02-06
M013621,P016,IN,28,2025-03-20
M013622,P074,OUT,78,2026-02-15
M013623,P002,OUT,61,2026-03-06
M013624,P039,OUT,41,2025-07-18
M013625,P069,OUT,187,2025-08-31
M013626,P085,IN,50,2025-06-20
M013627,P095,IN,157,2025-07-06
M013628,P090,IN,174,2025-05-11
M013629,P019,OUT,34,2025-12-03
M013630,P030,OUT,138,2025-03-26
M013631,P010,IN,51,2025-04-13
M013632,P011,IN,51,2025-07-03
M013633,P009,IN,78,2026-01-17
M013634,P002,OUT,69,2026-03-01
M013635,P008,IN,18,2025-04-02
M013636,P084,IN,108,2025-12-27
M013637,P091,IN,64,2025-05-22
M013638,P075,IN,164,2025-05-23
M013639,P068,OUT,160,2025-10-09
M013640,P013,OUT,194,2025-05-01
M013641,P063,OUT,52,2025-04-02
M013642,P011,OUT,174,2026-01-02
M013643,P074,OUT,145,2025-03-25
M013644,P058,OUT,192,2025-04-19
M013645,P048,OUT,113,2025-12-28
M013646,P002,OUT,190,2025-06-28
M013647,P001,IN,59,2026-01-06
M013648,P092,OUT,168,2025-11-02
M013649,P047,IN,2,2025-08-20
M013650,P051,IN,152,2025-10-28
M013651,P078,OUT,143,2025-06-11
M013652,P022,IN,78,2025-12-18
M013653,P092,IN,113,2025-09-03
M013654,P069,OUT,185,2025-10-05
M013655,P089,IN,149,2025-05-21
M013656,P021,IN,54,2025-07-07
M013657,P092,OUT,178,2025-12-21
M013658,P043,IN,98,2025-05-18
M013659,P016,OUT,133,2026-02-18
M013660,P023,OUT,53,2025-06-16
M013661,P057,OUT,8,2025-09-18
M013662,P014,IN,192,2025-04-17
M013663,P009,IN,192,2025-08-30
M013664,P019,OUT,132,2025-06-14
M013665,P017,OUT,141,2025-11-20
M013666,P070,IN,71,2025-05-28
M013667,P003,IN,168,2025-09-06
M013668,P040,IN,28,2025-05-30
M013669,P046,IN,184,2025-04-21
M013670,P042,IN,11,2025-04-23
M013671,P068,IN,54,2026-01-10
M013672,P016,OUT,123,2025-05-09
M013673,P048,IN,3,2025-10-18
M013674,P010,OUT,113,2026-03-08
M013675,P058,IN,108,2025-08-19
M013676,P074,IN,100,2025-04-21
M013677,P097,OUT,24,2025-06-08
M013678,P006,OUT,31,2025-06-26
M013679,P045,OUT,89,2025-10-09
M013680,P088,IN,154,2025-08-06
M013681,P001,IN,187,2025-09-11
M013682,P065,OUT,47,2026-02-11
M013683,P099,IN,185,2025-08-30
M013684,P098,IN,190,2025-05-05
M013685,P069,OUT,114,2026-02-11
M013686,P005,IN,117,2025-06-02
M013687,P049,OUT,76,2025-07-10
M013688,P018,IN,9,2026-02-07
M013689,P099,OUT,106,2026-01-24
M013690,P012,OUT,93,2025-11-20
M013691,P095,OUT,139,2025-12-28
M013692,P051,OUT,4,2025-05-05
M013693,P044,IN,94,2026-02-10
M013694,P024,IN,94,2025-05-04
M013695,P087,IN,60,2025-04-10
M013696,P048,IN,100,2025-10-30
M013697,P048,IN,116,2025-07-05
M013698,P016,OUT,190,2025-11-16
M013699,P084,IN,9,2025-03-19
M013700,P097,OUT,167,2026-01-01
M013701,P057,OUT,77,2025-03-30
M013702,P039,IN,158,2025-08-05
M013703,P044,IN,71,2025-11-05
M013704,P015,OUT,152,2026-03-01
M013705,P049,OUT,196,2025-06-19
M013706,P061,IN,140,2025-11-26
M013707,P042,IN,72,2025-03-22
M013708,P097,OUT,79,2026-02-07
M013709,P076,IN,48,2025-11-10
M013710,P030,OUT,96,2025-04-19
M013711,P070,IN,191,2025-08-01
M013712,P073,IN,82,2025-09-05
M013713,P092,OUT,83,2026-03-09
M013714,P077,OUT,72,2025-07-11
M013715,P069,OUT,195,2025-12-17
M013716,P097,IN,90,2025-09-13
M013717,P098,IN,94,2025-07-10
M013718,P004,IN,184,2025-07-04
M013719,P027,IN,64,2025-07-03
M013720,P093,IN,165,2025-07-12
M013721,P085,IN,31,2025-09-30
M013722,P029,OUT,134,2026-02-14
M013723,P021,IN,166,2025-06-11
M013724,P005,OUT,65,2025-10-20
M013725,P026,IN,134,2025-03-16
M013726,P032,OUT,38,2025-06-14
M013727,P049,OUT,192,2025-09-28
M013728,P013,IN,196,2026-02-07
M013729,P054,OUT,157,2026-02-15
M013730,P099,OUT,128,2026-02-14
M013731,P077,IN,65,2025-12-24
M013732,P081,IN,173,2025-05-13
M013733,P024,OUT,2,2026-02-16
M013734,P024,OUT,69,2025-08-27
M013735,P056,IN,109,2025-06-04
M013736,P013,IN,173,2025-03-17
M013737,P004,OUT,147,2025-08-01
M013738,P004,IN,155,2025-08-06
M013739,P058,OUT,69,2025-10-16
M013740,P057,IN,68,2026-02-05
M013741,P050,OUT,29,2025-12-14
M013742,P018,IN,40,2025-04-22
M013743,P050,OUT,68,2025-03-11
M013744,P064,OUT,158,2025-12-26
M013745,P070,OUT,6,2025-08-27
M013746,P049,IN,42,2025-05-20
M013747,P053,IN,38,2025-12-13
M013748,P092,OUT,7,2025-06-06
M013749,P020,OUT,185,2026-01-22
M013750,P091,OUT,29,2025-05-13
M013751,P074,IN,53,2025-04-08
M013752,P041,OUT,174,2025-12-30
M013753,P079,OUT,95,2025-07-08
M013754,P023,IN,181,2025-12-16
M013755,P068,OUT,68,2025-09-01
M013756,P020,IN,165,2025-04-06
M013757,P040,OUT,177,2025-08-18
M013758,P047,OUT,134,2025-07-09
M013759,P040,OUT,200,2025-06-19
M013760,P051,OUT,184,2026-03-02
M013761,P031,OUT,39,2025-09-28
M013762,P042,OUT,8,2025-04-13
M013763,P041,OUT,170,2025-10-06
M013764,P067,OUT,196,2026-02-04
M013765,P098,IN,18,2025-08-23
M013766,P003,IN,168,2025-08-09
M013767,P084,OUT,127,2025-07-21
M013768,P062,OUT,110,2025-09-17
M013769,P056,IN,82,2025-04-10
M013770,P083,OUT,191,2025-05-10
M013771,P100,IN,149,2026-02-19
M013772,P096,OUT,173,2025-08-24
M013773,P096,IN,108,2025-05-25
M013774,P085,OUT,147,2025-06-28
M013775,P074,OUT,46,2025-07-13
M013776,P039,IN,200,2025-09-11
M013777,P095,OUT,45,2026-01-18
M013778,P029,OUT,99,2025-04-01
M013779,P006,OUT,186,2025-12-30
M013780,P100,OUT,192,2025-11-10
M013781,P091,OUT,105,2025-06-06
M013782,P054,OUT,8,2025-03-11
M013783,P025,OUT,174,2025-08-12
M013784,P079,IN,157,2025-06-30
M013785,P051,OUT,196,2025-03-31
M013786,P016,IN,146,2025-08-13
M013787,P001,IN,146,2026-02-03
M013788,P047,OUT,79,2025-10-30
M013789,P079,IN,193,2025-04-09
M013790,P014,IN,141,2025-10-22
M013791,P079,OUT,153,2026-01-21
M013792,P027,OUT,137,2025-09-26
M013793,P054,IN,20,2025-04-05
M013794,P095,OUT,138,2025-09-02
M013795,P072,IN,15,2025-12-15
M013796,P023,IN,55,2025-06-21
M013797,P009,IN,6,2025-12-04
M013798,P027,OUT,189,2025-09-17
M013799,P086,OUT,149,2026-01-17
M013800,P023,IN,5,2026-03-09
M013801,P045,IN,95,2025-10-26
M013802,P099,OUT,45,2025-03-18
M013803,P021,OUT,151,2026-01-06
M013804,P036,IN,4,2025-10-29
M013805,P034,IN,100,2025-12-04
M013806,P053,OUT,105,2025-09-02
M013807,P057,IN,195,2025-11-04
M013808,P047,OUT,5,2025-04-25
M013809,P011,IN,11,2026-02-26
M013810,P096,IN,49,2025-05-15
M013811,P028,OUT,148,2025-03-18
M013812,P004,IN,6,2025-08-10
M013813,P086,IN,167,2025-12-12
M013814,P081,OUT,28,2025-06-02
M013815,P052,OUT,173,2025-03-17
M013816,P032,OUT,110,2025-05-21
M013817,P017,OUT,67,2025-09-19
M013818,P017,IN,185,2025-11-05
M013819,P030,OUT,29,2025-05-05
M013820,P014,IN,139,2025-10-03
M013821,P031,OUT,64,2025-06-22
M013822,P084,OUT,105,2025-10-17
M013823,P015,OUT,175,2025-07-08
M013824,P049,IN,181,2025-07-26
M013825,P094,OUT,49,2025-08-24
M013826,P008,OUT,75,2025-04-14
M013827,P063,OUT,106,2025-05-02
M013828,P022,IN,162,2025-04-10
M013829,P049,OUT,59,2026-02-05
M013830,P006,IN,42,2025-12-21
M013831,P027,IN,107,2026-01-01
M013832,P014,OUT,178,2026-02-15
M013833,P072,IN,60,2025-11-20
M013834,P086,OUT,124,2025-10-05
M013835,P004,IN,2,2025-03-11
M013836,P089,IN,91,2026-02-11
M013837,P098,IN,44,2025-03-22
M013838,P054,OUT,183,2025-10-07
M013839,P027,OUT,50,2025-10-01
M013840,P009,OUT,147,2026-01-09
M013841,P094,IN,40,2025-06-29
M013842,P030,IN,146,2025-12-23
M013843,P084,OUT,171,2026-01-25
M013844,P094,OUT,154,2025-04-24
M013845,P071,OUT,174,2025-12-19
M013846,P045,OUT,76,2025-07-01
M013847,P002,OUT,35,2025-05-01
M013848,P058,OUT,26,2025-03-30
M013849,P083,OUT,47,2025-10-03
M013850,P082,OUT,100,2025-09-26
M013851,P085,IN,162,2025-03-24
M013852,P045,IN,65,2025-09-25
M013853,P015,IN,61,2025-03-25
M013854,P043,IN,91,2025-06-12
M013855,P100,IN,190,2025-11-01
M013856,P029,IN,102,2025-07-15
M013857,P073,OUT,139,2026-02-23
M013858,P003,IN,32,2025-12-21
M013859,P063,IN,35,2025-10-12
M013860,P064,OUT,78,2025-11-30
M013861,P075,OUT,98,2025-04-11
M013862,P097,IN,176,2025-06-13
M013863,P021,IN,1,2025-10-27
M013864,P038,IN,39,2026-01-07
M013865,P080,IN,120,2026-01-15
M013866,P048,OUT,44,2025-12-30
M013867,P076,OUT,189,2025-07-02
M013868,P012,IN,86,2026-01-16
M013869,P001,OUT,108,2025-06-15
M013870,P096,IN,92,2025-05-03
M013871,P044,IN,53,2025-11-10
M013872,P071,OUT,77,2025-11-15
M013873,P020,OUT,22,2025-12-02
M013874,P015,OUT,146,2025-07-13
M013875,P097,OUT,178,2025-06-15
M013876,P038,OUT,137,2026-01-30
M013877,P082,IN,55,2025-04-12
M013878,P001,OUT,169,2025-07-14
M013879,P088,IN,20,2025-06-07
M013880,P045,IN,73,2025-12-24
M013881,P051,IN,165,2025-06-27
M013882,P069,IN,44,2025-09-12
M013883,P088,IN,116,2025-04-12
M013884,P080,OUT,195,2026-02-01
M013885,P084,OUT,162,2025-03-28
M013886,P017,OUT,161,2025-12-20
M013887,P002,OUT,125,2025-12-29
M013888,P076,OUT,82,2025-04-25
M013889,P091,OUT,1,2025-07-01
M013890,P079,OUT,2,2025-05-18
M013891,P098,OUT,127,2025-11-19
M013892,P024,OUT,1,2025-05-08
M013893,P048,IN,78,2025-06-16
M013894,P073,OUT,23,2025-10-27
M013895,P081,OUT,123,2025-09-29
M013896,P009,IN,179,2025-08-21
M013897,P079,IN,119,2025-05-14
M013898,P080,OUT,176,2025-07-01
M013899,P075,OUT,114,2025-05-18
M013900,P010,OUT,71,2025-05-10
M013901,P083,IN,148,2025-05-19
M013902,P091,OUT,197,2026-02-11
M013903,P005,OUT,179,2025-07-05
M013904,P003,OUT,33,2025-11-14
M013905,P100,IN,199,2026-01-15
M013906,P014,OUT,148,2025-04-28
M013907,P067,OUT,189,2025-09-06
M013908,P029,OUT,115,2026-02-05
M013909,P024,IN,75,2025-03-10
M013910,P083,IN,70,2025-09-18
M013911,P081,IN,115,2025-05-23
M013912,P078,IN,104,2025-03-21
M013913,P087,OUT,40,2025-07-09
M013914,P033,OUT,144,2025-11-23
M013915,P065,OUT,76,2025-12-29
M013916,P050,IN,169,2026-01-18
M013917,P013,IN,169,2025-03-31
M013918,P054,IN,176,2026-01-26
M013919,P010,OUT,200,2025-05-17
M013920,P093,OUT,48,2025-04-05
M013921,P088,IN,123,2025-09-09
M013922,P037,OUT,167,2025-07-07
M013923,P018,OUT,185,2025-09-11
M013924,P008,IN,26,2026-02-09
M013925,P051,IN,62,2026-03-01
M013926,P094,OUT,166,2026-01-13
M013927,P096,IN,5,2026-02-25
M013928,P062,IN,43,2025-10-04
M013929,P081,IN,83,2025-05-26
M013930,P054,OUT,76,2025-06-14
M013931,P069,IN,126,2025-11-30
M013932,P073,OUT,147,2025-06-11
M013933,P022,OUT,62,2026-02-05
M013934,P066,OUT,20,2026-03-03
M013935,P021,OUT,95,2026-02-06
M013936,P028,IN,68,2026-02-15
M013937,P046,IN,132,2025-12-18
M013938,P080,OUT,20,2025-07-24
M013939,P096,OUT,148,2025-07-03
M013940,P046,IN,197,2025-10-15
M013941,P024,OUT,26,2025-09-10
M013942,P090,OUT,185,2025-05-04
M013943,P067,OUT,98,2025-11-30
M013944,P015,IN,193,2025-07-06
M013945,P021,IN,89,2025-05-15
M013946,P060,OUT,47,2026-01-19
M013947,P063,IN,78,2026-02-03
M013948,P083,OUT,178,2025-04-13
M013949,P079,OUT,5,2026-03-08
M013950,P020,IN,32,2026-02-01
M013951,P008,IN,113,2026-01-17
M013952,P036,IN,53,2025-09-23
M013953,P035,OUT,37,2025-05-23
M013954,P082,OUT,113,2025-06-05
M013955,P093,OUT,151,2025-10-03
M013956,P053,OUT,85,2025-05-16
M013957,P066,OUT,147,2025-09-25
M013958,P043,IN,81,2025-11-23
M013959,P093,IN,194,2025-08-30
M013960,P054,OUT,63,2025-07-18
M013961,P044,IN,44,2025-03-30
M013962,P012,IN,139,2025-03-29
M013963,P072,IN,86,2025-09-29
M013964,P006,IN,18,2025-04-30
M013965,P084,OUT,45,2025-10-24
M013966,P071,OUT,166,2025-09-25
M013967,P077,IN,67,2025-03-13
M013968,P060,IN,17,2025-11-29
M013969,P023,OUT,49,2025-09-05
M013970,P072,OUT,193,2025-11-16
M013971,P013,IN,126,2025-07-25
M013972,P021,IN,71,2025-06-25
M013973,P016,OUT,141,2025-05-13
M013974,P094,IN,144,2025-05-23
M013975,P007,IN,117,2025-11-14
M013976,P011,IN,177,2026-01-26
M013977,P093,OUT,90,2025-08-25
M013978,P092,IN,117,2026-02-05
M013979,P071,OUT,45,2026-01-24
M013980,P030,OUT,187,2025-11-09
M013981,P088,OUT,12,2025-11-09
M013982,P068,IN,181,2025-04-25
M013983,P067,OUT,192,2025-07-09
M013984,P098,IN,168,2025-04-26
M013985,P012,OUT,109,2025-03-24
M013986,P001,OUT,195,2025-12-21
M013987,P064,OUT,146,2025-12-12
M013988,P063,IN,34,2025-04-22
M013989,P042,IN,34,2025-04-08
M013990,P084,OUT,171,2025-12-02
M013991,P008,OUT,159,2025-07-02
M013992,P092,IN,16,2025-05-03
M013993,P093,OUT,185,2026-01-18
M013994,P076,OUT,141,2025-08-11
M013995,P080,OUT,31,2025-08-25
M013996,P055,OUT,44,2025-09-02
M013997,P016,OUT,143,2025-06-29
M013998,P084,OUT,72,2025-10-27
M013999,P001,OUT,164,2025-07-26
M014000,P080,OUT,174,2025-03-09
M014001,P042,IN,22,2025-09-15
M014002,P019,OUT,86,2025-07-24
M014003,P086,IN,107,2025-12-06
M014004,P094,OUT,85,2025-09-22
M014005,P093,IN,147,2025-11-08
M014006,P058,IN,91,2025-07-15
M014007,P004,OUT,78,2025-08-12
M014008,P090,IN,105,2025-10-19
M014009,P025,IN,138,2026-02-14
M014010,P056,OUT,7,2025-09-08
M014011,P070,IN,127,2025-04-06
M014012,P002,IN,113,2025-03-12
M014013,P024,OUT,15,2025-10-28
M014014,P014,IN,145,2025-08-08
M014015,P033,IN,155,2025-06-26
M014016,P070,IN,111,2026-02-09
M014017,P100,OUT,64,2025-03-11
M014018,P025,IN,20,2025-06-19
M014019,P005,OUT,118,2025-09-01
M014020,P021,IN,54,2026-02-22
M014021,P025,IN,14,2026-02-11
M014022,P022,OUT,126,2026-01-11
M014023,P064,IN,44,2025-09-19
M014024,P056,IN,200,2025-09-04
M014025,P028,IN,160,2025-12-01
M014026,P030,OUT,154,2025-03-22
M014027,P059,OUT,10,2025-06-09
M014028,P039,IN,179,2025-08-18
M014029,P095,IN,49,2025-06-10
M014030,P064,OUT,23,2025-11-12
M014031,P017,IN,151,2025-05-13
M014032,P004,IN,138,2025-10-20
M014033,P055,OUT,150,2025-06-13
M014034,P024,OUT,124,2025-04-21
M014035,P031,IN,5,2026-02-09
M014036,P098,IN,159,2025-08-01
M014037,P083,IN,68,2025-06-09
M014038,P097,OUT,106,2025-08-02
M014039,P091,OUT,45,2025-10-14
M014040,P092,IN,187,2025-07-20
M014041,P003,IN,173,2025-10-24
M014042,P078,OUT,176,2025-08-21
M014043,P096,IN,102,2025-08-22
M014044,P025,IN,118,2026-02-16
M014045,P015,OUT,42,2025-03-26
M014046,P080,OUT,197,2026-02-14
M014047,P031,OUT,131,2026-02-12
M014048,P076,IN,186,2026-01-17
M014049,P063,IN,133,2025-12-19
M014050,P042,IN,104,2025-07-13
M014051,P053,IN,113,2025-08-20
M014052,P029,IN,37,2025-09-24
M014053,P095,OUT,171,2025-12-22
M014054,P026,OUT,161,2025-07-30
M014055,P041,IN,5,2025-03-17
M014056,P066,OUT,20,2025-11-26
M014057,P089,OUT,61,2025-04-06
M014058,P076,IN,43,2025-04-26
M014059,P019,OUT,113,2025-12-21
M014060,P058,IN,122,2025-06-30
M014061,P061,IN,120,2025-04-02
M014062,P028,OUT,63,2025-09-17
M014063,P018,OUT,120,2025-11-06
M014064,P013,IN,14,2025-07-17
M014065,P012,OUT,44,2025-04-17
M014066,P027,OUT,188,2025-08-18
M014067,P086,OUT,116,2025-06-07
M014068,P039,OUT,143,2025-06-29
M014069,P059,OUT,60,2025-04-26
M014070,P085,OUT,54,2026-03-09
M014071,P023,OUT,199,2026-01-25
M014072,P027,OUT,61,2025-08-07
M014073,P067,OUT,89,2025-11-06
M014074,P062,IN,97,2025-10-05
M014075,P057,IN,162,2025-10-17
M014076,P094,IN,21,2025-04-09
M014077,P076,OUT,134,2025-12-02
M014078,P093,IN,48,2026-01-05
M014079,P067,OUT,127,2025-04-09
M014080,P001,IN,35,2025-04-14
M014081,P058,IN,74,2025-10-25
M014082,P052,IN,46,2025-08-20
M014083,P073,OUT,119,2025-08-02
M014084,P067,IN,164,2025-04-15
M014085,P024,OUT,153,2026-01-18
M014086,P076,OUT,124,2025-03-12
M014087,P080,IN,192,2025-04-12
M014088,P061,IN,18,2026-02-03
M014089,P014,OUT,14,2025-12-10
M014090,P010,IN,168,2025-03-19
M014091,P067,OUT,200,2025-09-25
M014092,P062,IN,17,2025-06-02
M014093,P042,OUT,122,2025-07-21
M014094,P083,IN,16,2025-08-01
M014095,P069,OUT,153,2025-06-27
M014096,P096,OUT,34,2025-09-26
M014097,P063,OUT,144,2025-08-28
M014098,P002,OUT,8,2025-12-23
M014099,P050,OUT,11,2025-06-17
M014100,P096,OUT,85,2025-03-22
M014101,P022,OUT,172,2025-04-05
M014102,P020,OUT,141,2025-06-15
M014103,P022,OUT,51,2026-02-11
M014104,P094,IN,167,2025-11-21
M014105,P051,OUT,83,2025-12-08
M014106,P015,IN,126,2025-03-28
M014107,P011,IN,143,2025-03-30
M014108,P055,IN,33,2026-02-11
M014109,P032,OUT,161,2025-08-11
M014110,P046,IN,63,2025-08-02
M014111,P053,OUT,173,2025-12-29
M014112,P085,OUT,95,2025-05-02
M014113,P054,OUT,182,2026-01-05
M014114,P055,IN,5,2025-05-06
M014115,P048,OUT,77,2025-10-05
M014116,P035,IN,149,2025-10-09
M014117,P056,OUT,58,2026-03-04
M014118,P028,IN,111,2025-03-13
M014119,P067,IN,167,2025-10-06
M014120,P038,IN,20,2025-12-23
M014121,P053,IN,11,2025-08-29
M014122,P017,IN,166,2025-05-18
M014123,P066,IN,99,2025-04-16
M014124,P022,IN,159,2025-03-15
M014125,P086,OUT,36,2025-05-24
M014126,P090,OUT,171,2025-07-11
M014127,P089,IN,49,2025-06-11
M014128,P084,OUT,118,2025-06-09
M014129,P092,OUT,5,2025-10-10
M014130,P039,IN,70,2025-11-30
M014131,P007,OUT,151,2025-07-03
M014132,P048,OUT,186,2025-11-27
M014133,P077,OUT,27,2025-07-23
M014134,P077,OUT,134,2025-12-04
M014135,P076,OUT,166,2025-05-19
M014136,P006,IN,164,2025-08-10
M014137,P061,OUT,153,2025-11-17
M014138,P090,OUT,102,2025-11-28
M014139,P084,IN,71,2026-01-14
M014140,P091,OUT,186,2025-08-21
M014141,P006,OUT,100,2025-03-21
M014142,P085,OUT,71,2025-11-01
M014143,P091,OUT,87,2025-04-05
M014144,P079,IN,170,2025-08-12
M014145,P056,IN,11,2025-11-02
M014146,P008,OUT,57,2025-12-06
M014147,P073,OUT,158,2025-06-04
M014148,P049,IN,13,2025-06-06
M014149,P013,IN,72,2025-04-18
M014150,P057,OUT,165,2025-12-13
M014151,P060,OUT,195,2026-02-14
M014152,P035,IN,166,2025-08-22
M014153,P040,IN,76,2025-07-04
M014154,P053,OUT,200,2025-07-08
M014155,P054,IN,127,2026-01-09
M014156,P095,OUT,100,2026-01-09
M014157,P050,OUT,94,2025-10-31
M014158,P030,OUT,197,2025-06-26
M014159,P083,OUT,183,2025-12-07
M014160,P044,IN,83,2025-03-30
M014161,P020,IN,134,2025-05-09
M014162,P026,IN,51,2025-11-03
M014163,P032,IN,169,2026-01-26
M014164,P086,OUT,63,2025-07-22
M014165,P003,IN,47,2025-03-17
M014166,P032,OUT,124,2025-06-05
M014167,P095,OUT,37,2026-02-16
M014168,P035,OUT,197,2025-03-27
M014169,P002,OUT,4,2025-12-22
M014170,P060,OUT,45,2025-06-25
M014171,P090,OUT,183,2025-11-30
M014172,P097,IN,110,2026-03-01
M014173,P065,IN,146,2025-09-30
M014174,P018,OUT,38,2025-04-29
M014175,P069,OUT,151,2026-01-26
M014176,P075,OUT,32,2025-04-14
M014177,P099,IN,49,2025-04-23
M014178,P035,IN,158,2025-07-17
M014179,P013,OUT,58,2025-11-12
M014180,P095,IN,129,2025-07-19
M014181,P078,OUT,107,2025-05-29
M014182,P054,IN,161,2025-10-06
M014183,P027,OUT,59,2025-12-16
M014184,P055,IN,19,2025-05-13
M014185,P097,OUT,151,2025-12-12
M014186,P003,IN,124,2025-07-19
M014187,P077,IN,165,2025-12-09
M014188,P088,OUT,57,2026-02-15
M014189,P085,IN,180,2025-06-26
M014190,P064,OUT,33,2025-08-23
M014191,P023,IN,151,2026-01-03
M014192,P082,OUT,85,2026-02-12
M014193,P031,OUT,187,2025-07-15
M014194,P006,OUT,115,2025-12-25
M014195,P020,OUT,117,2025-11-20
M014196,P035,IN,104,2025-10-26
M014197,P002,IN,181,2025-04-21
M014198,P089,IN,105,2025-12-07
M014199,P057,IN,138,2025-05-30
M014200,P048,OUT,141,2025-12-11
M014201,P042,IN,117,2025-07-14
M014202,P028,OUT,125,2025-10-30
M014203,P020,OUT,26,2026-03-02
M014204,P090,OUT,4,2025-10-15
M014205,P022,OUT,12,2025-10-17
M014206,P053,IN,199,2026-01-18
M014207,P096,OUT,5,2025-03-27
M014208,P099,OUT,186,2025-10-07
M014209,P057,OUT,175,2026-01-29
M014210,P067,OUT,61,2025-09-18
M014211,P092,IN,51,2025-10-21
M014212,P009,IN,65,2025-10-01
M014213,P005,OUT,172,2025-04-02
M014214,P045,OUT,180,2025-11-05
M014215,P042,OUT,28,2025-04-24
M014216,P040,IN,58,2025-04-24
M014217,P001,OUT,69,2025-03-14
M014218,P067,IN,14,2025-05-09
M014219,P001,IN,155,2025-12-26
M014220,P041,OUT,165,2025-06-25
M014221,P083,IN,166,2025-10-29
M014222,P090,IN,190,2025-12-01
M014223,P079,OUT,79,2026-01-11
M014224,P039,OUT,12,2025-09-06
M014225,P047,IN,199,2025-10-15
M014226,P063,OUT,41,2025-11-28
M014227,P046,OUT,58,2025-11-17
M014228,P055,IN,55,2025-06-25
M014229,P002,OUT,73,2025-10-14
M014230,P067,IN,125,2025-04-23
M014231,P013,IN,188,2025-12-06
M014232,P004,IN,147,2025-08-16
M014233,P043,OUT,158,2026-01-06
M014234,P029,IN,63,2025-07-15
M014235,P004,IN,89,2025-11-03
M014236,P014,IN,46,2025-10-27
M014237,P035,IN,185,2025-09-26
M014238,P090,OUT,180,2026-02-06
M014239,P055,IN,176,2026-02-19
M014240,P014,IN,28,2025-03-09
M014241,P097,OUT,76,2025-07-08
M014242,P091,OUT,64,2026-02-09
M014243,P093,IN,96,2025-03-31
M014244,P084,OUT,161,2026-02-05
M014245,P018,OUT,85,2025-03-25
M014246,P093,OUT,168,2025-08-14
M014247,P039,OUT,77,2025-12-24
M014248,P023,IN,13,2025-06-05
M014249,P087,IN,38,2026-03-08
M014250,P074,IN,35,2025-09-17
M014251,P008,IN,72,2025-06-16
M014252,P056,IN,71,2025-11-12
M014253,P019,IN,127,2025-07-17
M014254,P039,OUT,119,2025-06-19
M014255,P042,IN,200,2025-05-27
M014256,P010,OUT,107,2025-08-24
M014257,P065,IN,167,2026-02-25
M014258,P039,IN,64,2025-11-20
M014259,P057,OUT,20,2026-02-28
M014260,P034,OUT,170,2025-04-06
M014261,P084,OUT,107,2026-02-13
M014262,P035,OUT,69,2025-06-21
M014263,P049,IN,106,2025-03-13
M014264,P053,OUT,84,2026-02-17
M014265,P024,IN,196,2025-04-09
M014266,P003,OUT,14,2026-01-11
M014267,P038,OUT,21,2025-08-22
M014268,P066,IN,91,2025-10-14
M014269,P012,OUT,161,2025-08-20
M014270,P003,OUT,96,2025-11-23
M014271,P027,IN,157,2026-01-22
M014272,P027,OUT,4,2025-08-12
M014273,P067,OUT,113,2025-07-29
M014274,P016,IN,153,2025-04-06
M014275,P055,IN,96,2025-05-18
M014276,P024,IN,13,2025-09-01
M014277,P055,OUT,172,2025-09-06
M014278,P083,OUT,12,2025-04-29
M014279,P018,IN,40,2026-02-24
M014280,P055,IN,67,2025-12-28
M014281,P093,IN,163,2026-01-23
M014282,P077,IN,38,2025-04-08
M014283,P074,OUT,123,2025-12-20
M014284,P084,IN,67,2026-02-02
M014285,P076,IN,95,2025-04-08
M014286,P088,IN,91,2025-09-26
M014287,P082,IN,20,2026-01-09
M014288,P054,IN,138,2025-11-24
M014289,P094,OUT,161,2025-09-06
M014290,P009,OUT,102,2025-09-02
M014291,P064,OUT,14,2025-11-08
M014292,P098,IN,34,2025-05-21
M014293,P014,IN,64,2025-10-05
M014294,P039,OUT,182,2025-11-11
M014295,P005,OUT,119,2025-04-08
M014296,P002,OUT,86,2025-06-11
M014297,P055,IN,3,2025-06-16
M014298,P075,OUT,43,2025-05-05
M014299,P030,IN,13,2025-11-19
M014300,P033,IN,5,2025-11-20
M014301,P040,IN,43,2026-01-08
M014302,P051,IN,14,2026-03-08
M014303,P084,IN,107,2026-02-15
M014304,P096,OUT,113,2025-09-22
M014305,P031,OUT,92,2025-05-11
M014306,P009,OUT,150,2025-12-31
M014307,P076,IN,74,2025-11-14
M014308,P030,OUT,133,2026-01-04
M014309,P092,OUT,43,2025-05-19
M014310,P072,IN,89,2025-11-09
M014311,P058,OUT,52,2025-11-09
M014312,P055,OUT,25,2025-06-16
M014313,P086,IN,78,2025-11-01
M014314,P045,OUT,16,2025-04-05
M014315,P033,IN,155,2026-02-28
M014316,P080,OUT,158,2025-08-13
M014317,P065,IN,5,2025-11-16
M014318,P067,IN,141,2025-11-22
M014319,P070,IN,134,2025-06-12
M014320,P075,IN,117,2025-06-03
M014321,P057,OUT,54,2025-08-25
M014322,P051,IN,89,2025-11-16
M014323,P056,OUT,67,2026-01-13
M014324,P092,OUT,9,2025-05-20
M014325,P083,OUT,128,2025-03-29
M014326,P001,IN,140,2025-09-17
M014327,P040,IN,34,2025-12-12
M014328,P019,IN,96,2025-11-28
M014329,P080,OUT,62,2025-09-04
M014330,P030,OUT,169,2025-07-11
M014331,P026,OUT,64,2025-06-20
M014332,P006,IN,148,2025-07-02
M014333,P080,OUT,8,2025-04-20
M014334,P047,OUT,88,2025-07-12
M014335,P033,IN,156,2025-05-12
M014336,P020,OUT,176,2025-11-05
M014337,P042,OUT,158,2025-08-19
M014338,P021,OUT,184,2025-09-21
M014339,P041,OUT,127,2025-12-15
M014340,P073,IN,18,2025-11-28
M014341,P027,OUT,49,2025-10-16
M014342,P089,OUT,117,2025-07-20
M014343,P074,OUT,121,2025-03-18
M014344,P066,IN,121,2026-01-04
M014345,P055,IN,177,2025-07-06
M014346,P043,OUT,100,2025-03-11
M014347,P091,OUT,12,2025-12-04
M014348,P090,OUT,188,2025-06-26
M014349,P026,IN,49,2025-11-21
M014350,P060,IN,24,2025-12-26
M014351,P002,OUT,59,2025-06-04
M014352,P056,OUT,182,2025-06-29
M014353,P029,IN,110,2025-07-01
M014354,P097,OUT,20,2025-04-09
M014355,P029,IN,138,2025-06-10
M014356,P061,OUT,22,2025-10-05
M014357,P048,OUT,51,2025-04-22
M014358,P011,IN,113,2025-09-12
M014359,P034,IN,45,2025-12-08
M014360,P053,IN,68,2026-02-16
M014361,P048,OUT,157,2025-03-23
M014362,P015,OUT,70,2025-05-07
M014363,P064,IN,195,2025-04-05
M014364,P051,OUT,109,2025-07-19
M014365,P045,OUT,152,2025-08-23
M014366,P068,OUT,194,2025-07-01
M014367,P065,IN,53,2026-02-01
M014368,P001,OUT,108,2025-05-15
M014369,P053,OUT,95,2025-04-28
M014370,P073,OUT,153,2025-06-17
M014371,P051,IN,152,2025-09-09
M014372,P088,IN,164,2025-07-02
M014373,P086,IN,83,2025-09-16
M014374,P070,OUT,5,2025-10-26
M014375,P079,OUT,91,2025-05-08
M014376,P013,IN,65,2025-09-03
M014377,P009,IN,158,2025-03-12
M014378,P045,IN,151,2025-09-13
M014379,P011,IN,122,2025-11-06
M014380,P081,IN,180,2025-08-05
M014381,P014,IN,177,2025-11-26
M014382,P067,OUT,46,2025-10-13
M014383,P008,OUT,91,2026-01-26
M014384,P041,IN,138,2025-12-24
M014385,P053,OUT,55,2025-12-28
M014386,P098,OUT,85,2025-12-26
M014387,P099,IN,7,2025-05-10
M014388,P043,IN,34,2026-01-17
M014389,P078,IN,48,2025-10-29
M014390,P080,IN,42,2025-08-30
M014391,P032,IN,59,2025-10-27
M014392,P086,IN,158,2025-11-20
M014393,P026,OUT,150,2025-06-11
M014394,P093,OUT,116,2025-09-01
M014395,P097,OUT,68,2025-03-19
M014396,P038,IN,171,2025-11-13
M014397,P045,IN,120,2025-05-24
M014398,P038,OUT,90,2025-11-06
M014399,P037,IN,166,2025-10-19
M014400,P036,OUT,158,2025-04-27
M014401,P037,IN,38,2026-02-07
M014402,P087,OUT,136,2025-07-14
M014403,P080,IN,30,2025-04-14
M014404,P079,OUT,103,2025-09-11
M014405,P084,OUT,187,2025-10-05
M014406,P077,IN,46,2025-10-20
M014407,P022,IN,187,2025-05-09
M014408,P016,OUT,6,2026-02-02
M014409,P072,OUT,83,2025-05-25
M014410,P076,IN,40,2025-12-29
M014411,P094,OUT,97,2025-04-19
M014412,P003,IN,80,2026-01-29
M014413,P026,OUT,46,2026-02-23
M014414,P021,IN,5,2025-03-14
M014415,P075,OUT,167,2025-05-30
M014416,P099,IN,112,2025-09-23
M014417,P088,OUT,193,2026-01-10
M014418,P035,OUT,34,2025-05-20
M014419,P069,IN,24,2025-05-04
M014420,P011,IN,148,2026-01-16
M014421,P100,OUT,106,2025-05-23
M014422,P039,OUT,25,2025-07-13
M014423,P012,OUT,85,2025-09-23
M014424,P063,IN,38,2025-07-31
M014425,P049,IN,163,2025-09-14
M014426,P029,IN,44,2026-02-20
M014427,P037,OUT,88,2025-12-04
M014428,P055,OUT,108,2025-07-18
M014429,P050,IN,191,2025-08-28
M014430,P035,OUT,63,2025-05-04
M014431,P048,OUT,123,2025-06-19
M014432,P060,IN,13,2025-06-26
M014433,P073,IN,197,2025-08-06
M014434,P048,IN,123,2025-08-07
M014435,P094,IN,116,2026-02-17
M014436,P074,OUT,3,2026-01-06
M014437,P065,IN,194,2025-05-10
M014438,P065,OUT,68,2025-07-26
M014439,P085,OUT,168,2025-08-18
M014440,P097,IN,166,2025-08-30
M014441,P024,OUT,80,2025-04-16
M014442,P084,OUT,50,2025-04-18
M014443,P077,OUT,147,2025-08-11
M014444,P016,IN,61,2025-03-21
M014445,P007,OUT,198,2025-04-09
M014446,P034,OUT,165,2025-04-30
M014447,P036,IN,196,2025-06-30
M014448,P061,OUT,140,2025-09-21
M014449,P044,IN,24,2026-01-16
M014450,P053,IN,173,2025-04-09
M014451,P098,OUT,106,2025-04-03
M014452,P095,OUT,12,2026-01-28
M014453,P081,IN,164,2025-11-09
M014454,P030,OUT,174,2025-07-04
M014455,P079,OUT,198,2026-01-02
M014456,P094,OUT,138,2026-02-11
M014457,P066,IN,196,2025-08-04
M014458,P071,OUT,45,2025-05-05
M014459,P100,OUT,186,2025-04-30
M014460,P016,OUT,112,2025-08-01
M014461,P035,IN,102,2026-01-19
M014462,P068,OUT,69,2025-07-01
M014463,P006,OUT,116,2025-08-03
M014464,P098,OUT,30,2026-02-11
M014465,P096,IN,51,2025-06-25
M014466,P038,OUT,112,2025-10-16
M014467,P074,OUT,155,2025-05-21
M014468,P008,IN,161,2025-07-29
M014469,P047,IN,171,2025-08-09
M014470,P011,IN,157,2025-04-23
M014471,P086,IN,72,2025-06-26
M014472,P044,OUT,93,2025-07-06
M014473,P062,IN,182,2025-05-04
M014474,P059,OUT,169,2025-03-17
M014475,P006,OUT,133,2025-03-29
M014476,P010,OUT,84,2025-03-13
M014477,P089,OUT,18,2025-04-20
M014478,P074,IN,84,2025-04-03
M014479,P023,OUT,20,2025-08-13
M014480,P072,OUT,58,2026-03-08
M014481,P030,IN,123,2025-10-19
M014482,P037,OUT,141,2025-03-15
M014483,P083,OUT,165,2025-12-06
M014484,P003,IN,55,2025-05-17
M014485,P007,OUT,34,2025-08-07
M014486,P085,OUT,23,2025-08-10
M014487,P094,IN,21,2026-02-11
M014488,P094,IN,112,2025-03-17
M014489,P027,OUT,101,2025-11-07
M014490,P078,OUT,160,2025-10-24
M014491,P022,OUT,90,2025-04-23
M014492,P046,OUT,50,2025-07-24
M014493,P084,OUT,106,2025-10-05
M014494,P078,IN,84,2025-12-16
M014495,P050,OUT,150,2025-10-26
M014496,P064,OUT,197,2026-01-21
M014497,P085,IN,153,2025-07-28
M014498,P090,IN,135,2025-12-29
M014499,P076,OUT,102,2025-10-22
M014500,P009,IN,149,2025-04-15
M014501,P086,OUT,8,2025-08-20
M014502,P078,OUT,94,2025-11-03
M014503,P098,IN,187,2026-01-07
M014504,P007,OUT,99,2026-02-03
M014505,P035,OUT,47,2025-12-05
M014506,P047,OUT,86,2025-12-21
M014507,P030,OUT,175,2025-05-24
M014508,P076,IN,123,2025-09-27
M014509,P084,OUT,114,2025-07-06
M014510,P087,IN,161,2025-05-12
M014511,P093,OUT,125,2025-10-20
M014512,P034,OUT,57,2026-02-11
M014513,P024,IN,18,2025-12-11
M014514,P063,OUT,17,2025-04-18
M014515,P071,OUT,32,2026-02-28
M014516,P084,IN,140,2025-07-16
M014517,P064,OUT,34,2025-11-26
M014518,P074,OUT,170,2025-11-29
M014519,P079,IN,192,2025-03-16
M014520,P085,IN,7,2026-01-07
M014521,P043,OUT,178,2025-05-26
M014522,P097,IN,36,2026-01-03
M014523,P081,IN,140,2025-08-22
M014524,P089,OUT,105,2025-09-09
M014525,P043,IN,6,2025-07-06
M014526,P058,IN,17,2025-07-07
M014527,P073,IN,164,2025-03-17
M014528,P053,OUT,69,2025-07-08
M014529,P043,IN,48,2025-07-05
M014530,P021,IN,152,2025-05-12
M014531,P092,OUT,12,2025-11-13
M014532,P019,OUT,189,2025-12-30
M014533,P043,IN,154,2025-06-20
M014534,P018,OUT,93,2025-12-03
M014535,P060,IN,39,2026-01-22
M014536,P069,IN,88,2025-08-03
M014537,P002,IN,27,2025-08-02
M014538,P079,IN,96,2025-08-31
M014539,P060,OUT,21,2026-02-08
M014540,P042,IN,69,2025-06-03
M014541,P013,IN,74,2025-07-05
M014542,P073,OUT,141,2025-03-22
M014543,P005,IN,115,2025-09-20
M014544,P038,OUT,42,2025-12-12
M014545,P093,IN,170,2025-12-07
M014546,P034,IN,189,2025-08-16
M014547,P028,IN,101,2025-04-09
M014548,P048,OUT,171,2025-07-02
M014549,P069,IN,18,2025-06-10
M014550,P075,IN,11,2026-02-27
M014551,P017,IN,13,2025-08-07
M014552,P024,IN,41,2025-07-13
M014553,P096,IN,65,2025-10-24
M014554,P011,OUT,154,2025-11-22
M014555,P043,OUT,26,2025-06-22
M014556,P029,OUT,95,2025-09-07
M014557,P093,OUT,170,2025-04-04
M014558,P054,OUT,80,2025-04-10
M014559,P069,IN,71,2025-06-20
M014560,P031,IN,15,2025-12-13
M014561,P068,IN,102,2025-11-01
M014562,P086,IN,143,2025-06-22
M014563,P094,IN,47,2025-11-03
M014564,P063,IN,77,2025-08-30
M014565,P065,OUT,167,2025-11-28
M014566,P009,OUT,28,2025-12-23
M014567,P043,IN,99,2026-01-22
M014568,P045,IN,36,2025-05-26
M014569,P022,OUT,81,2026-02-19
M014570,P074,IN,185,2025-11-06
M014571,P020,IN,178,2025-12-16
M014572,P049,IN,11,2025-11-10
M014573,P043,IN,175,2025-06-25
M014574,P096,OUT,140,2025-04-16
M014575,P006,IN,138,2025-05-22
M014576,P046,OUT,106,2025-07-01
M014577,P047,OUT,69,2025-06-24
M014578,P087,IN,30,2025-09-19
M014579,P094,IN,180,2025-03-22
M014580,P054,OUT,13,2025-06-14
M014581,P010,IN,161,2026-01-03
M014582,P065,IN,107,2025-04-27
M014583,P023,OUT,2,2025-08-19
M014584,P072,OUT,119,2026-02-14
M014585,P094,IN,92,2025-12-09
M014586,P031,IN,88,2026-01-16
M014587,P079,OUT,140,2025-12-18
M014588,P023,IN,66,2025-10-28
M014589,P042,OUT,193,2025-11-10
M014590,P030,IN,60,2025-04-08
M014591,P012,IN,50,2025-04-07
M014592,P069,OUT,120,2025-05-30
M014593,P002,IN,34,2025-07-03
M014594,P051,IN,106,2025-04-10
M014595,P049,IN,177,2025-04-01
M014596,P004,IN,119,2025-05-27
M014597,P029,OUT,200,2025-05-25
M014598,P082,OUT,105,2025-11-25
M014599,P076,IN,23,2026-02-12
M014600,P078,IN,166,2026-02-09
M014601,P094,IN,115,2025-09-23
M014602,P037,OUT,4,2025-12-31
M014603,P025,OUT,149,2025-06-13
M014604,P024,IN,109,2026-03-02
M014605,P011,OUT,41,2026-02-09
M014606,P014,OUT,153,2025-11-21
M014607,P081,OUT,48,2025-08-22
M014608,P002,OUT,185,2025-11-02
M014609,P054,IN,70,2025-08-12
M014610,P078,IN,146,2025-10-11
M014611,P016,OUT,43,2025-06-18
M014612,P054,OUT,7,2026-02-01
M014613,P008,OUT,169,2026-02-02
M014614,P007,OUT,10,2025-03-20
M014615,P069,OUT,22,2025-08-23
M014616,P009,OUT,108,2025-08-13
M014617,P013,OUT,115,2026-02-02
M014618,P021,IN,94,2025-05-03
M014619,P037,IN,123,2025-04-09
M014620,P010,IN,20,2025-11-15
M014621,P090,IN,55,2026-01-11
M014622,P042,OUT,93,2025-10-12
M014623,P050,IN,59,2025-05-23
M014624,P064,OUT,120,2025-05-04
M014625,P060,OUT,163,2025-06-08
M014626,P051,OUT,155,2025-03-24
M014627,P070,IN,84,2025-11-13
M014628,P069,OUT,100,2025-03-30
M014629,P018,OUT,146,2026-02-01
M014630,P065,OUT,31,2026-01-01
M014631,P085,OUT,73,2025-08-31
M014632,P096,OUT,150,2025-09-20
M014633,P080,IN,191,2025-07-01
M014634,P043,OUT,72,2025-11-19
M014635,P002,IN,199,2025-10-01
M014636,P070,IN,45,2025-12-20
M014637,P017,IN,139,2026-01-12
M014638,P002,IN,79,2025-11-16
M014639,P004,IN,27,2026-01-17
M014640,P026,IN,2,2025-05-02
M014641,P022,OUT,199,2025-07-23
M014642,P068,OUT,200,2025-08-28
M014643,P058,IN,55,2025-05-05
M014644,P086,OUT,62,2026-01-23
M014645,P084,IN,114,2025-07-16
M014646,P094,IN,11,2025-09-04
M014647,P055,IN,95,2025-06-20
M014648,P007,OUT,93,2025-03-19
M014649,P077,OUT,27,2025-07-21
M014650,P079,OUT,23,2025-06-20
M014651,P010,OUT,23,2025-03-29
M014652,P066,IN,92,2025-05-13
M014653,P086,IN,68,2026-01-19
M014654,P037,IN,128,2025-05-02
M014655,P057,IN,6,2025-07-30
M014656,P044,IN,172,2026-01-21
M014657,P001,IN,96,2025-04-07
M014658,P041,IN,168,2025-08-18
M014659,P028,OUT,76,2025-03-14
M014660,P004,OUT,114,2025-08-06
M014661,P090,IN,151,2025-08-03
M014662,P028,IN,20,2025-12-20
M014663,P094,OUT,134,2025-04-09
M014664,P002,IN,134,2026-01-18
M014665,P029,IN,83,2025-05-07
M014666,P019,IN,82,2025-09-08
M014667,P007,IN,106,2025-11-16
M014668,P006,OUT,183,2025-11-07
M014669,P068,IN,65,2026-01-25
M014670,P040,IN,41,2025-09-04
M014671,P036,IN,93,2025-11-26
M014672,P037,IN,136,2025-10-18
M014673,P006,OUT,99,2025-11-26
M014674,P097,OUT,198,2025-12-29
M014675,P014,IN,120,2025-10-01
M014676,P036,OUT,172,2025-12-12
M014677,P014,IN,156,2026-01-30
M014678,P076,OUT,59,2025-11-07
M014679,P055,IN,19,2025-04-26
M014680,P038,IN,157,2026-02-27
M014681,P052,OUT,190,2025-08-25
M014682,P066,IN,63,2026-02-19
M014683,P030,IN,167,2026-03-04
M014684,P008,IN,170,2026-02-12
M014685,P043,IN,98,2025-11-07
M014686,P015,IN,119,2026-01-23
M014687,P065,OUT,199,2025-04-09
M014688,P089,IN,179,2025-09-10
M014689,P035,OUT,102,2025-06-09
M014690,P086,OUT,189,2025-10-17
M014691,P052,IN,120,2025-09-15
M014692,P032,OUT,14,2025-06-18
M014693,P061,OUT,73,2025-09-24
M014694,P071,OUT,32,2025-08-06
M014695,P009,IN,113,2025-05-04
M014696,P039,OUT,41,2025-07-17
M014697,P045,IN,82,2026-01-18
M014698,P028,IN,97,2026-02-22
M014699,P063,IN,44,2025-11-16
M014700,P051,IN,56,2025-03-28
M014701,P014,OUT,184,2025-09-10
M014702,P099,IN,57,2025-10-11
M014703,P064,IN,134,2025-07-31
M014704,P017,IN,66,2025-07-16
M014705,P050,OUT,143,2025-08-10
M014706,P067,IN,161,2025-08-20
M014707,P045,OUT,51,2025-07-23
M014708,P092,OUT,183,2025-07-29
M014709,P010,OUT,31,2026-01-17
M014710,P087,IN,190,2025-03-27
M014711,P003,OUT,55,2025-06-04
M014712,P093,OUT,37,2025-05-24
M014713,P090,IN,38,2025-11-01
M014714,P060,IN,61,2026-02-12
M014715,P099,IN,52,2025-12-16
M014716,P070,IN,77,2025-05-29
M014717,P047,OUT,150,2025-11-23
M014718,P079,IN,69,2025-11-09
M014719,P036,IN,131,2025-12-15
M014720,P054,OUT,191,2025-07-22
M014721,P068,IN,73,2026-01-14
M014722,P033,OUT,17,2026-01-21
M014723,P014,IN,103,2025-06-08
M014724,P041,IN,59,2025-05-17
M014725,P059,IN,90,2025-05-17
M014726,P095,IN,188,2025-07-06
M014727,P100,IN,83,2025-09-14
M014728,P094,OUT,37,2025-10-30
M014729,P080,OUT,175,2025-04-25
M014730,P066,OUT,7,2025-04-12
M014731,P100,IN,130,2026-01-22
M014732,P075,IN,92,2025-06-26
M014733,P014,IN,67,2026-03-01
M014734,P048,OUT,28,2025-04-27
M014735,P051,IN,50,2025-11-03
M014736,P024,OUT,150,2025-12-25
M014737,P097,OUT,159,2025-11-14
M014738,P100,OUT,36,2025-04-27
M014739,P043,IN,199,2025-09-16
M014740,P061,OUT,143,2025-04-10
M014741,P004,IN,127,2026-02-22
M014742,P062,OUT,111,2025-09-22
M014743,P064,IN,140,2026-02-15
M014744,P070,OUT,113,2025-06-25
M014745,P029,OUT,14,2025-08-22
M014746,P099,IN,8,2025-09-07
M014747,P039,OUT,143,2025-07-07
M014748,P076,OUT,151,2026-01-13
M014749,P002,OUT,198,2025-12-09
M014750,P001,OUT,148,2026-02-12
M014751,P077,OUT,68,2026-03-07
M014752,P003,OUT,67,2025-11-29
M014753,P059,OUT,62,2025-09-19
M014754,P016,OUT,76,2025-09-15
M014755,P062,OUT,58,2025-10-31
M014756,P089,IN,196,2026-02-04
M014757,P007,OUT,169,2026-01-01
M014758,P037,OUT,142,2025-09-12
M014759,P083,OUT,16,2025-05-03
M014760,P019,OUT,179,2025-05-13
M014761,P046,IN,21,2025-06-06
M014762,P070,IN,129,2025-05-01
M014763,P022,OUT,99,2025-09-12
M014764,P035,IN,121,2025-09-15
M014765,P055,IN,73,2025-04-10
M014766,P057,IN,46,2025-07-20
M014767,P013,IN,187,2025-06-27
M014768,P045,IN,138,2025-03-28
M014769,P092,OUT,94,2025-06-28
M014770,P087,OUT,197,2025-03-21
M014771,P012,IN,117,2025-11-14
M014772,P039,IN,1,2025-05-09
M014773,P069,IN,46,2025-09-12
M014774,P082,OUT,164,2025-05-27
M014775,P026,OUT,6,2025-10-13
M014776,P024,OUT,141,2026-02-06
M014777,P030,OUT,163,2025-07-07
M014778,P065,OUT,200,2025-12-27
M014779,P046,IN,147,2026-01-22
M014780,P086,IN,110,2025-04-07
M014781,P051,IN,12,2026-03-01
M014782,P071,IN,183,2025-05-06
M014783,P045,OUT,94,2025-10-08
M014784,P013,OUT,161,2025-12-24
M014785,P036,OUT,147,2025-10-17
M014786,P015,IN,101,2025-11-05
M014787,P002,OUT,26,2026-02-26
M014788,P028,OUT,32,2025-07-06
M014789,P079,IN,88,2025-10-21
M014790,P082,IN,10,2025-04-21
M014791,P062,OUT,66,2025-11-02
M014792,P059,IN,35,2025-05-16
M014793,P099,IN,100,2025-10-24
M014794,P060,IN,156,2025-08-12
M014795,P027,IN,182,2025-04-03
M014796,P039,OUT,176,2025-06-27
M014797,P026,OUT,99,2025-09-20
M014798,P015,IN,48,2025-09-30
M014799,P051,OUT,75,2025-03-12
M014800,P009,IN,37,2025-04-25
M014801,P009,IN,189,2026-01-09
M014802,P086,OUT,189,2025-06-19
M014803,P044,OUT,9,2026-03-01
M014804,P021,OUT,126,2025-04-01
M014805,P011,OUT,100,2026-02-20
M014806,P014,IN,197,2025-07-13
M014807,P039,IN,15,2026-03-08
M014808,P009,IN,177,2025-10-01
M014809,P002,IN,193,2025-10-08
M014810,P094,IN,152,2025-03-14
M014811,P006,IN,62,2025-05-22
M014812,P042,IN,64,2025-05-03
M014813,P002,IN,138,2025-03-10
M014814,P040,OUT,37,2025-05-04
M014815,P098,IN,39,2026-03-04
M014816,P014,OUT,162,2025-04-01
M014817,P095,IN,52,2025-06-16
M014818,P003,OUT,39,2026-02-08
M014819,P091,OUT,158,2025-08-14
M014820,P022,OUT,18,2025-07-12
M014821,P008,OUT,167,2025-05-20
M014822,P058,OUT,22,2025-03-14
M014823,P080,OUT,81,2025-09-11
M014824,P070,IN,153,2026-01-18
M014825,P029,IN,56,2025-12-20
M014826,P027,OUT,6,2025-04-22
M014827,P057,IN,89,2025-08-22
M014828,P002,IN,163,2025-07-31
M014829,P064,OUT,132,2025-12-20
M014830,P076,OUT,111,2026-02-13
M014831,P052,OUT,31,2025-11-15
M014832,P076,OUT,161,2026-02-12
M014833,P085,OUT,200,2025-10-07
M014834,P065,IN,97,2025-03-12
M014835,P076,OUT,126,2025-08-28
M014836,P002,OUT,173,2025-03-21
M014837,P054,IN,169,2025-05-11
M014838,P093,OUT,51,2025-04-15
M014839,P069,OUT,186,2025-05-19
M014840,P100,IN,88,2026-01-31
M014841,P007,OUT,135,2025-08-31
M014842,P046,IN,18,2025-07-14
M014843,P086,IN,154,2026-01-19
M014844,P012,IN,133,2026-01-04
M014845,P032,IN,38,2025-04-07
M014846,P031,OUT,154,2025-05-08
M014847,P078,OUT,140,2025-11-22
M014848,P099,IN,19,2026-03-04
M014849,P032,OUT,160,2025-09-14
M014850,P090,IN,113,2026-01-10
M014851,P088,IN,98,2025-09-02
M014852,P010,IN,142,2026-01-28
M014853,P072,IN,170,2025-07-13
M014854,P051,IN,107,2026-01-20
M014855,P070,OUT,30,2025-10-04
M014856,P043,OUT,48,2025-07-15
M014857,P034,IN,170,2025-08-01
M014858,P031,OUT,127,2025-04-08
M014859,P038,OUT,154,2025-10-23
M014860,P096,IN,110,2025-05-14
M014861,P037,OUT,31,2025-07-13
M014862,P056,OUT,115,2025-03-19
M014863,P031,OUT,136,2026-02-10
M014864,P066,OUT,64,2025-09-23
M014865,P072,OUT,82,2025-08-18
M014866,P008,OUT,139,2026-02-12
M014867,P024,IN,160,2026-01-16
M014868,P003,IN,50,2025-06-06
M014869,P049,OUT,20,2025-06-13
M014870,P005,IN,33,2025-05-01
M014871,P002,OUT,149,2026-03-06
M014872,P094,OUT,74,2025-08-12
M014873,P055,IN,30,2026-01-30
M014874,P100,IN,29,2025-10-19
M014875,P054,IN,158,2025-06-12
M014876,P082,OUT,2,2025-07-20
M014877,P034,OUT,143,2026-03-07
M014878,P020,OUT,188,2025-08-11
M014879,P091,OUT,191,2026-03-08
M014880,P039,OUT,184,2025-10-25
M014881,P078,IN,122,2025-08-08
M014882,P050,OUT,127,2026-03-06
M014883,P054,OUT,145,2026-02-12
M014884,P005,IN,165,2025-06-04
M014885,P086,OUT,183,2025-08-07
M014886,P057,IN,178,2025-08-14
M014887,P085,OUT,192,2025-03-25
M014888,P055,OUT,140,2025-06-24
M014889,P095,OUT,91,2025-03-19
M014890,P017,IN,21,2025-12-14
M014891,P024,OUT,115,2026-02-27
M014892,P019,OUT,88,2025-09-18
M014893,P072,OUT,140,2026-03-02
M014894,P066,IN,50,2025-07-26
M014895,P086,IN,102,2025-11-06
M014896,P006,OUT,102,2026-01-31
M014897,P086,OUT,146,2025-09-06
M014898,P075,OUT,43,2025-08-30
M014899,P075,IN,51,2025-12-04
M014900,P052,OUT,185,2026-01-01
M014901,P003,IN,181,2026-03-02
M014902,P081,IN,27,2025-05-17
M014903,P066,OUT,147,2026-02-11
M014904,P082,OUT,82,2025-06-06
M014905,P049,IN,198,2025-12-12
M014906,P045,OUT,179,2025-12-18
M014907,P059,IN,73,2026-01-04
M014908,P029,IN,68,2025-10-19
M014909,P079,OUT,19,2025-12-07
M014910,P096,IN,97,2025-11-07
M014911,P012,IN,76,2025-05-07
M014912,P029,IN,127,2025-10-15
M014913,P050,OUT,187,2025-11-22
M014914,P036,IN,49,2026-01-17
M014915,P087,IN,184,2026-01-06
M014916,P001,OUT,171,2026-02-08
M014917,P076,IN,124,2025-08-05
M014918,P004,OUT,9,2026-01-23
M014919,P024,OUT,183,2025-08-25
M014920,P093,IN,25,2025-10-17
M014921,P056,IN,166,2025-04-07
M014922,P021,IN,48,2025-05-05
M014923,P014,IN,146,2025-07-12
M014924,P051,OUT,117,2025-10-12
M014925,P089,IN,82,2025-03-14
M014926,P028,OUT,195,2025-10-08
M014927,P046,IN,17,2025-07-24
M014928,P095,OUT,6,2025-12-20
M014929,P078,OUT,9,2025-05-22
M014930,P076,IN,76,2026-02-26
M014931,P054,IN,124,2025-05-20
M014932,P061,OUT,135,2025-07-13
M014933,P051,OUT,61,2025-09-21
M014934,P071,OUT,134,2025-03-25
M014935,P067,OUT,26,2025-04-10
M014936,P059,OUT,64,2025-03-31
M014937,P017,OUT,104,2025-08-21
M014938,P013,IN,163,2025-03-25
M014939,P060,IN,63,2025-12-01
M014940,P070,IN,136,2025-04-24
M014941,P070,OUT,50,2025-06-06
M014942,P016,OUT,9,2026-01-23
M014943,P075,OUT,31,2026-03-02
M014944,P081,OUT,121,2025-08-05
M014945,P098,IN,44,2025-08-22
M014946,P081,OUT,59,2025-08-19
M014947,P071,IN,140,2026-01-25
M014948,P042,IN,116,2025-10-14
M014949,P001,OUT,117,2025-09-14
M014950,P077,IN,116,2025-11-15
M014951,P026,IN,29,2025-06-24
M014952,P087,IN,98,2025-06-26
M014953,P082,OUT,23,2025-08-31
M014954,P003,OUT,105,2025-04-06
M014955,P085,IN,22,2026-03-04
M014956,P082,OUT,130,2025-03-09
M014957,P022,OUT,7,2025-10-20
M014958,P093,IN,36,2025-12-17
M014959,P006,IN,175,2025-04-20
M014960,P091,OUT,10,2025-09-06
M014961,P089,OUT,59,2025-05-20
M014962,P057,IN,86,2025-09-27
M014963,P057,OUT,124,2025-06-14
M014964,P088,IN,42,2026-01-19
M014965,P036,OUT,126,2026-01-14
M014966,P001,OUT,10,2025-05-25
M014967,P073,OUT,30,2025-06-28
M014968,P042,IN,33,2025-12-12
M014969,P095,IN,121,2025-06-27
M014970,P005,OUT,85,2025-09-20
M014971,P034,IN,16,2025-04-03
M014972,P003,IN,146,2025-04-12
M014973,P067,OUT,101,2025-11-17
M014974,P007,IN,31,2025-12-17
M014975,P012,IN,77,2026-01-30
M014976,P014,OUT,55,2025-10-18
M014977,P100,IN,142,2026-01-25
M014978,P048,OUT,107,2025-08-10
M014979,P004,OUT,98,2025-05-10
M014980,P022,OUT,66,2025-03-13
M014981,P088,IN,47,2025-05-28
M014982,P026,OUT,90,2025-07-05
M014983,P013,IN,11,2025-11-30
M014984,P051,IN,36,2025-12-07
M014985,P043,OUT,115,2025-06-02
M014986,P063,IN,111,2025-12-06
M014987,P086,OUT,95,2025-06-08
M014988,P092,OUT,37,2025-09-12
M014989,P011,OUT,118,2025-03-24
M014990,P074,OUT,181,2025-10-27
M014991,P092,IN,157,2025-08-16
M014992,P048,OUT,146,2026-01-15
M014993,P013,OUT,176,2025-05-09
M014994,P087,IN,109,2025-04-10
M014995,P018,IN,154,2025-12-27
M014996,P039,IN,173,2025-11-26
M014997,P078,IN,65,2026-01-20
M014998,P005,IN,42,2025-05-08
M014999,P022,OUT,47,2025-09-14
M015000,P043,OUT,129,2025-10-31
M015001,P029,IN,14,2025-08-20
M015002,P089,OUT,176,2025-05-11
M015003,P069,IN,88,2025-09-30
M015004,P017,IN,118,2025-07-17
M015005,P070,OUT,157,2025-07-29
M015006,P076,IN,50,2025-03-21
M015007,P079,OUT,58,2025-04-24
M015008,P071,IN,117,2025-06-06
M015009,P012,IN,40,2025-09-29
M015010,P076,IN,79,2025-10-28
M015011,P013,IN,27,2025-04-06
M015012,P090,IN,1,2025-07-17
M015013,P033,OUT,110,2025-08-19
M015014,P029,IN,11,2025-09-22
M015015,P088,OUT,49,2025-11-19
M015016,P001,OUT,184,2025-06-21
M015017,P098,OUT,196,2025-07-16
M015018,P051,IN,93,2025-11-07
M015019,P030,OUT,199,2025-03-24
M015020,P058,IN,181,2026-02-23
M015021,P035,OUT,39,2025-08-27
M015022,P030,OUT,75,2025-08-25
M015023,P011,IN,155,2025-10-13
M015024,P091,OUT,109,2025-03-30
M015025,P001,OUT,195,2025-06-27
M015026,P082,IN,140,2025-10-29
M015027,P088,OUT,198,2025-06-03
M015028,P013,OUT,129,2025-08-22
M015029,P029,IN,164,2026-02-08
M015030,P014,IN,94,2025-03-24
M015031,P026,IN,63,2025-10-01
M015032,P031,OUT,32,2025-06-21
M015033,P083,OUT,40,2025-09-20
M015034,P087,OUT,87,2025-04-03
M015035,P037,OUT,91,2025-07-19
M015036,P006,OUT,192,2025-07-16
M015037,P009,IN,77,2025-03-15
M015038,P085,IN,65,2025-12-16
M015039,P068,IN,126,2025-09-27
M015040,P049,OUT,127,2025-06-13
M015041,P055,OUT,118,2025-11-17
M015042,P050,IN,61,2025-08-25
M015043,P004,IN,193,2026-01-09
M015044,P089,IN,76,2026-03-04
M015045,P048,OUT,66,2025-10-23
M015046,P036,IN,74,2025-11-07
M015047,P085,IN,109,2025-08-19
M015048,P035,OUT,188,2025-04-18
M015049,P052,IN,66,2026-03-07
M015050,P021,IN,32,2025-06-19
M015051,P038,IN,142,2026-03-02
M015052,P031,OUT,99,2025-12-01
M015053,P038,IN,48,2025-09-02
M015054,P094,IN,67,2025-10-04
M015055,P041,IN,193,2025-07-10
M015056,P064,OUT,81,2026-01-09
M015057,P077,OUT,103,2025-04-08
M015058,P003,IN,82,2025-04-16
M015059,P038,OUT,151,2025-05-09
M015060,P079,OUT,33,2025-05-28
M015061,P098,OUT,9,2025-12-05
M015062,P033,IN,50,2025-12-04
M015063,P015,OUT,107,2026-02-06
M015064,P041,IN,49,2025-04-10
M015065,P046,IN,170,2025-09-22
M015066,P001,IN,167,2026-02-04
M015067,P021,OUT,144,2025-05-25
M015068,P066,OUT,11,2025-10-08
M015069,P017,OUT,133,2025-03-17
M015070,P031,OUT,41,2025-09-23
M015071,P018,IN,138,2026-01-21
M015072,P092,OUT,159,2025-11-11
M015073,P065,OUT,47,2025-06-03
M015074,P040,OUT,56,2026-01-10
M015075,P003,IN,97,2025-10-01
M015076,P014,IN,16,2025-11-20
M015077,P049,OUT,83,2026-02-23
M015078,P051,OUT,169,2025-03-21
M015079,P087,IN,192,2025-09-28
M015080,P082,IN,190,2025-11-26
M015081,P056,OUT,4,2025-06-26
M015082,P018,IN,2,2026-01-27
M015083,P026,IN,63,2025-08-01
M015084,P058,IN,86,2026-02-20
M015085,P011,IN,84,2025-04-13
M015086,P008,IN,7,2025-06-21
M015087,P012,IN,79,2025-08-31
M015088,P079,IN,95,2025-05-18
M015089,P026,IN,141,2025-06-18
M015090,P064,OUT,72,2025-11-23
M015091,P064,IN,104,2026-02-24
M015092,P040,IN,36,2025-04-08
M015093,P057,IN,130,2025-07-29
M015094,P084,OUT,101,2025-04-14
M015095,P047,IN,112,2025-11-10
M015096,P003,IN,165,2025-09-09
M015097,P052,OUT,7,2025-03-27
M015098,P058,IN,122,2025-06-15
M015099,P067,IN,66,2025-03-24
M015100,P001,IN,52,2025-10-08
M015101,P030,OUT,150,2025-06-22
M015102,P040,OUT,180,2025-07-08
M015103,P077,OUT,53,2025-04-26
M015104,P023,IN,82,2025-07-29
M015105,P069,OUT,179,2025-11-20
M015106,P068,IN,36,2025-10-06
M015107,P025,IN,24,2025-11-28
M015108,P017,OUT,62,2025-03-27
M015109,P064,OUT,155,2025-11-23
M015110,P023,OUT,197,2025-11-23
M015111,P031,IN,197,2025-03-16
M015112,P061,IN,106,2025-04-13
M015113,P060,IN,19,2025-04-13
M015114,P027,IN,58,2026-01-03
M015115,P062,IN,3,2025-05-09
M015116,P083,IN,168,2025-05-23
M015117,P051,OUT,23,2025-12-11
M015118,P037,IN,31,2025-06-26
M015119,P083,OUT,25,2025-09-17
M015120,P017,OUT,98,2025-04-19
M015121,P086,OUT,90,2026-02-12
M015122,P068,IN,150,2025-10-30
M015123,P034,IN,75,2026-03-09
M015124,P059,OUT,106,2025-07-23
M015125,P088,OUT,130,2025-06-25
M015126,P035,IN,139,2025-09-14
M015127,P059,IN,62,2025-04-12
M015128,P079,OUT,175,2025-03-27
M015129,P074,IN,4,2025-09-13
M015130,P029,IN,11,2026-01-02
M015131,P042,IN,174,2025-12-14
M015132,P031,OUT,161,2025-05-24
M015133,P001,IN,157,2026-01-22
M015134,P067,OUT,153,2025-06-09
M015135,P033,IN,8,2025-04-18
M015136,P077,OUT,67,2026-01-19
M015137,P094,IN,198,2025-10-13
M015138,P032,IN,28,2025-11-22
M015139,P009,OUT,37,2025-07-09
M015140,P091,OUT,180,2026-02-26
M015141,P078,IN,76,2025-07-10
M015142,P021,OUT,112,2025-08-12
M015143,P049,OUT,144,2025-09-28
M015144,P087,OUT,72,2025-08-02
M015145,P007,OUT,82,2025-05-06
M015146,P080,OUT,66,2025-12-12
M015147,P082,OUT,41,2025-09-19
M015148,P069,OUT,109,2025-11-24
M015149,P083,OUT,29,2025-10-01
M015150,P044,OUT,188,2025-03-22
M015151,P020,OUT,168,2026-01-28
M015152,P052,IN,104,2025-05-06
M015153,P036,OUT,113,2026-01-29
M015154,P033,IN,34,2025-11-09
M015155,P040,IN,162,2026-02-25
M015156,P094,OUT,143,2025-11-12
M015157,P047,IN,157,2025-10-27
M015158,P062,IN,5,2025-07-21
M015159,P011,OUT,195,2025-10-31
M015160,P097,OUT,70,2025-04-08
M015161,P016,IN,199,2026-02-24
M015162,P080,OUT,157,2025-03-14
M015163,P063,IN,43,2025-08-15
M015164,P075,OUT,164,2025-04-15
M015165,P006,OUT,192,2026-01-27
M015166,P074,IN,199,2025-07-07
M015167,P072,IN,144,2025-03-29
M015168,P006,IN,140,2026-02-05
M015169,P059,IN,188,2025-11-28
M015170,P046,IN,92,2025-11-06
M015171,P079,IN,120,2025-05-25
M015172,P038,OUT,57,2025-12-01
M015173,P043,OUT,25,2025-12-21
M015174,P091,OUT,10,2025-07-01
M015175,P023,OUT,138,2026-02-02
M015176,P080,IN,37,2025-10-11
M015177,P074,OUT,60,2025-03-10
M015178,P026,IN,151,2025-10-02
M015179,P052,OUT,171,2025-11-10
M015180,P019,IN,129,2025-08-11
M015181,P060,OUT,130,2025-10-19
M015182,P059,OUT,54,2025-05-18
M015183,P079,OUT,114,2025-12-02
M015184,P067,IN,139,2026-02-07
M015185,P076,OUT,139,2025-05-12
M015186,P019,OUT,27,2025-07-18
M015187,P015,IN,102,2026-02-15
M015188,P006,IN,7,2025-08-29
M015189,P014,IN,194,2025-09-11
M015190,P030,IN,93,2025-04-17
M015191,P037,IN,55,2025-04-17
M015192,P068,OUT,82,2026-03-01
M015193,P065,OUT,89,2025-08-22
M015194,P019,OUT,84,2025-09-08
M015195,P001,IN,135,2025-05-06
M015196,P030,OUT,163,2025-05-01
M015197,P068,IN,197,2025-07-03
M015198,P010,IN,45,2025-05-30
M015199,P058,IN,111,2025-06-01
M015200,P012,OUT,196,2026-01-04
M015201,P096,OUT,170,2025-03-31
M015202,P073,IN,36,2026-01-21
M015203,P054,OUT,87,2026-01-24
M015204,P053,OUT,77,2025-10-03
M015205,P063,OUT,155,2025-09-01
M015206,P017,IN,73,2025-07-02
M015207,P028,IN,172,2025-07-24
M015208,P026,IN,71,2025-06-16
M015209,P078,IN,148,2025-06-28
M015210,P037,IN,180,2026-02-06
M015211,P036,OUT,191,2025-08-18
M015212,P067,OUT,195,2025-05-21
M015213,P051,OUT,90,2025-04-01
M015214,P051,IN,146,2025-12-21
M015215,P028,OUT,196,2025-10-12
M015216,P092,OUT,134,2025-08-06
M015217,P011,IN,74,2025-08-14
M015218,P069,OUT,170,2026-01-07
M015219,P049,OUT,89,2026-03-07
M015220,P097,OUT,135,2025-09-07
M015221,P063,IN,72,2025-10-03
M015222,P058,IN,38,2025-10-12
M015223,P046,IN,66,2025-05-26
M015224,P089,OUT,101,2026-03-07
M015225,P051,IN,52,2025-04-19
M015226,P064,OUT,136,2025-10-07
M015227,P023,OUT,14,2025-10-01
M015228,P046,IN,109,2025-12-02
M015229,P019,IN,88,2026-03-01
M015230,P093,IN,31,2025-06-11
M015231,P070,OUT,150,2025-10-02
M015232,P098,IN,171,2026-03-08
M015233,P092,IN,74,2025-09-20
M015234,P030,OUT,137,2025-07-18
M015235,P042,OUT,63,2025-07-16
M015236,P012,IN,75,2025-04-10
M015237,P046,OUT,157,2025-07-03
M015238,P017,OUT,160,2025-05-14
M015239,P029,IN,98,2025-08-06
M015240,P089,IN,19,2026-01-08
M015241,P035,IN,56,2025-05-31
M015242,P009,IN,42,2025-10-28
M015243,P089,OUT,47,2025-07-23
M015244,P073,IN,41,2025-08-16
M015245,P046,IN,13,2025-09-27
M015246,P055,IN,182,2025-03-09
M015247,P054,IN,16,2025-07-30
M015248,P003,OUT,150,2026-01-05
M015249,P093,IN,45,2025-07-31
M015250,P058,OUT,153,2025-03-22
M015251,P097,IN,63,2025-11-23
M015252,P087,OUT,122,2025-11-12
M015253,P072,IN,69,2025-11-09
M015254,P051,IN,140,2025-08-29
M015255,P073,OUT,131,2025-04-11
M015256,P045,IN,109,2025-05-11
M015257,P066,OUT,166,2025-12-20
M015258,P023,IN,61,2025-05-11
M015259,P060,IN,18,2026-02-06
M015260,P010,IN,4,2025-08-07
M015261,P019,IN,10,2025-05-26
M015262,P086,IN,124,2025-12-02
M015263,P071,IN,29,2025-08-18
M015264,P091,IN,75,2025-09-10
M015265,P023,IN,176,2026-01-06
M015266,P100,IN,59,2026-02-23
M015267,P099,IN,156,2025-10-05
M015268,P048,IN,136,2025-03-11
M015269,P032,OUT,146,2026-01-18
M015270,P013,IN,93,2025-06-26
M015271,P081,IN,42,2025-08-31
M015272,P083,IN,122,2025-09-15
M015273,P035,IN,49,2025-06-27
M015274,P078,IN,166,2026-01-05
M015275,P024,OUT,161,2025-05-06
M015276,P014,IN,187,2026-02-11
M015277,P060,OUT,11,2025-12-08
M015278,P077,OUT,147,2025-11-20
M015279,P081,OUT,23,2025-09-21
M015280,P099,OUT,42,2026-01-06
M015281,P002,OUT,169,2025-10-02
M015282,P074,IN,106,2025-12-03
M015283,P031,OUT,131,2025-04-10
M015284,P035,IN,133,2025-09-26
M015285,P080,IN,175,2025-05-05
M015286,P008,IN,181,2025-07-16
M015287,P056,OUT,139,2025-12-06
M015288,P008,OUT,84,2025-08-04
M015289,P074,OUT,89,2025-09-05
M015290,P037,IN,34,2025-03-30
M015291,P014,IN,142,2026-03-06
M015292,P028,OUT,75,2026-02-12
M015293,P046,OUT,195,2025-11-07
M015294,P086,IN,43,2025-04-29
M015295,P091,OUT,117,2025-05-20
M015296,P067,IN,22,2025-10-26
M015297,P008,IN,125,2025-10-01
M015298,P013,IN,62,2025-10-07
M015299,P057,OUT,19,2025-11-20
M015300,P044,IN,37,2025-07-11
M015301,P037,OUT,78,2025-09-04
M015302,P071,IN,126,2025-05-21
M015303,P008,IN,146,2025-06-16
M015304,P092,IN,178,2026-02-27
M015305,P099,IN,111,2025-07-28
M015306,P011,IN,37,2026-03-02
M015307,P045,IN,174,2025-06-26
M015308,P007,OUT,129,2026-01-07
M015309,P051,OUT,152,2025-09-12
M015310,P006,IN,11,2025-05-30
M015311,P018,OUT,124,2025-08-08
M015312,P022,OUT,112,2025-04-25
M015313,P039,IN,120,2025-09-30
M015314,P060,OUT,50,2025-03-22
M015315,P035,IN,187,2025-06-05
M015316,P092,OUT,50,2025-03-26
M015317,P052,OUT,100,2025-10-10
M015318,P096,IN,173,2025-10-10
M015319,P008,OUT,47,2025-12-22
M015320,P050,OUT,107,2026-02-02
M015321,P062,OUT,107,2025-10-22
M015322,P017,OUT,30,2025-11-17
M015323,P014,IN,196,2025-07-25
M015324,P089,OUT,137,2026-02-26
M015325,P069,OUT,118,2025-08-05
M015326,P020,OUT,25,2025-04-23
M015327,P010,OUT,185,2025-04-20
M015328,P022,IN,15,2026-01-08
M015329,P070,OUT,15,2025-10-02
M015330,P027,IN,155,2025-06-09
M015331,P041,OUT,149,2025-12-28
M015332,P076,OUT,155,2025-09-19
M015333,P050,IN,131,2025-07-09
M015334,P032,OUT,40,2025-06-09
M015335,P030,IN,167,2026-01-09
M015336,P008,OUT,6,2025-09-23
M015337,P043,OUT,39,2025-08-17
M015338,P056,OUT,49,2025-10-15
M015339,P037,OUT,135,2025-12-24
M015340,P028,OUT,144,2025-04-30
M015341,P044,IN,75,2025-07-14
M015342,P083,OUT,57,2025-07-06
M015343,P049,IN,23,2025-08-14
M015344,P092,OUT,98,2025-07-05
M015345,P096,IN,142,2025-06-16
M015346,P018,IN,48,2025-05-11
M015347,P008,IN,22,2025-07-07
M015348,P024,IN,140,2025-08-31
M015349,P019,IN,163,2026-01-09
M015350,P065,OUT,4,2025-07-22
M015351,P070,OUT,108,2025-10-21
M015352,P023,IN,110,2025-10-13
M015353,P060,OUT,57,2025-12-19
M015354,P074,OUT,89,2025-03-30
M015355,P012,IN,186,2025-11-03
M015356,P083,OUT,19,2026-01-25
M015357,P092,OUT,113,2025-11-08
M015358,P059,OUT,47,2025-12-28
M015359,P015,OUT,35,2025-12-12
M015360,P023,OUT,100,2025-06-28
M015361,P027,IN,161,2025-12-05
M015362,P005,OUT,10,2025-08-10
M015363,P027,OUT,138,2025-11-10
M015364,P035,IN,40,2025-09-11
M015365,P077,IN,102,2025-12-21
M015366,P003,OUT,80,2025-12-08
M015367,P035,IN,113,2025-06-08
M015368,P074,IN,125,2025-08-03
M015369,P044,IN,146,2026-02-26
M015370,P080,IN,51,2025-12-13
M015371,P016,OUT,149,2025-10-08
M015372,P095,OUT,137,2025-10-13
M015373,P094,IN,138,2025-10-26
M015374,P078,OUT,80,2025-10-20
M015375,P053,IN,78,2026-03-03
M015376,P080,OUT,28,2026-01-25
M015377,P081,OUT,36,2026-02-27
M015378,P099,OUT,43,2025-03-22
M015379,P061,IN,56,2026-01-26
M015380,P094,OUT,82,2026-02-25
M015381,P031,IN,143,2026-02-02
M015382,P045,IN,38,2026-03-05
M015383,P089,OUT,142,2025-12-30
M015384,P078,IN,105,2025-04-21
M015385,P054,IN,57,2025-07-10
M015386,P087,IN,3,2025-09-25
M015387,P065,OUT,67,2025-08-18
M015388,P083,IN,197,2025-03-22
M015389,P015,IN,25,2025-08-23
M015390,P063,OUT,7,2025-04-27
M015391,P053,IN,136,2025-08-20
M015392,P100,IN,70,2026-02-14
M015393,P024,OUT,180,2025-10-06
M015394,P064,IN,170,2025-08-22
M015395,P096,OUT,110,2025-05-25
M015396,P084,OUT,198,2025-06-29
M015397,P063,OUT,167,2025-12-05
M015398,P062,IN,20,2025-08-12
M015399,P002,OUT,87,2025-12-22
M015400,P054,IN,65,2025-09-28
M015401,P031,IN,122,2026-01-14
M015402,P098,IN,129,2025-08-08
M015403,P083,OUT,176,2025-03-17
M015404,P097,IN,54,2025-10-13
M015405,P082,OUT,61,2025-07-31
M015406,P098,OUT,77,2025-06-30
M015407,P040,OUT,28,2025-09-11
M015408,P039,OUT,200,2025-04-01
M015409,P015,IN,87,2026-01-16
M015410,P064,OUT,40,2025-04-02
M015411,P097,OUT,165,2025-06-06
M015412,P023,OUT,99,2026-01-20
M015413,P092,OUT,66,2025-04-05
M015414,P057,IN,185,2025-04-03
M015415,P047,OUT,85,2025-09-10
M015416,P010,OUT,95,2025-04-04
M015417,P006,IN,48,2025-10-20
M015418,P025,OUT,159,2025-05-01
M015419,P076,IN,18,2025-04-15
M015420,P016,IN,32,2026-02-12
M015421,P015,IN,193,2025-05-17
M015422,P078,IN,189,2025-03-15
M015423,P085,IN,63,2025-11-11
M015424,P047,IN,37,2025-11-11
M015425,P095,IN,159,2025-09-20
M015426,P079,OUT,121,2025-06-09
M015427,P079,IN,100,2025-06-04
M015428,P091,IN,106,2025-05-31
M015429,P046,IN,156,2026-01-27
M015430,P005,IN,185,2025-05-01
M015431,P011,IN,172,2025-10-31
M015432,P087,OUT,24,2025-06-26
M015433,P058,OUT,5,2026-02-08
M015434,P017,OUT,33,2025-05-05
M015435,P064,IN,45,2025-04-17
M015436,P027,IN,148,2025-11-09
M015437,P066,IN,162,2025-11-07
M015438,P085,OUT,172,2025-07-26
M015439,P060,IN,44,2025-10-05
M015440,P098,OUT,140,2025-10-11
M015441,P059,OUT,195,2025-08-31
M015442,P024,OUT,8,2025-06-11
M015443,P008,OUT,194,2025-07-24
M015444,P083,OUT,73,2025-04-20
M015445,P043,IN,176,2025-06-11
M015446,P042,OUT,28,2026-01-09
M015447,P090,OUT,153,2025-04-01
M015448,P013,OUT,16,2025-08-27
M015449,P085,OUT,177,2025-09-30
M015450,P079,OUT,42,2025-11-12
M015451,P045,IN,103,2025-04-17
M015452,P008,OUT,128,2025-10-07
M015453,P029,OUT,42,2026-01-11
M015454,P088,IN,47,2025-06-12
M015455,P043,OUT,181,2025-09-18
M015456,P008,IN,84,2025-08-22
M015457,P009,IN,183,2025-06-01
M015458,P005,IN,139,2025-06-28
M015459,P078,OUT,90,2026-01-21
M015460,P058,IN,129,2025-09-11
M015461,P100,OUT,143,2025-03-11
M015462,P045,OUT,180,2026-02-06
M015463,P036,IN,156,2025-04-09
M015464,P016,OUT,44,2025-09-07
M015465,P016,IN,157,2025-04-28
M015466,P011,IN,9,2026-01-22
M015467,P053,OUT,36,2025-09-15
M015468,P094,IN,92,2025-08-14
M015469,P097,OUT,35,2026-03-05
M015470,P049,IN,116,2025-07-04
M015471,P076,OUT,196,2025-07-27
M015472,P047,IN,145,2025-04-18
M015473,P042,OUT,189,2026-02-20
M015474,P061,IN,65,2025-07-01
M015475,P024,IN,197,2025-05-26
M015476,P034,OUT,66,2025-10-06
M015477,P044,IN,64,2025-05-30
M015478,P096,OUT,5,2025-05-19
M015479,P077,OUT,100,2025-12-31
M015480,P064,OUT,86,2025-07-12
M015481,P013,IN,11,2025-03-21
M015482,P019,OUT,105,2025-09-17
M015483,P037,OUT,110,2025-08-15
M015484,P052,IN,56,2026-02-08
M015485,P011,OUT,10,2025-06-21
M015486,P005,IN,99,2026-01-01
M015487,P010,OUT,152,2025-10-04
M015488,P036,IN,41,2025-08-16
M015489,P048,OUT,62,2025-08-15
M015490,P100,OUT,157,2025-05-02
M015491,P062,IN,130,2025-08-11
M015492,P024,IN,49,2026-01-29
M015493,P049,OUT,14,2025-07-15
M015494,P038,OUT,142,2025-08-04
M015495,P075,OUT,111,2025-06-10
M015496,P092,IN,151,2025-06-28
M015497,P015,IN,77,2025-05-16
M015498,P068,IN,112,2025-04-11
M015499,P058,OUT,145,2025-08-25
M015500,P056,OUT,54,2025-10-01
M015501,P042,OUT,110,2025-07-16
M015502,P046,OUT,133,2025-09-23
M015503,P013,OUT,15,2025-03-23
M015504,P015,IN,4,2025-09-10
M015505,P037,OUT,98,2025-07-28
M015506,P003,IN,152,2025-09-04
M015507,P048,OUT,163,2025-12-10
M015508,P030,OUT,14,2026-01-17
M015509,P091,OUT,168,2025-12-26
M015510,P022,IN,148,2025-08-15
M015511,P092,IN,26,2025-06-12
M015512,P017,IN,188,2025-11-23
M015513,P034,IN,110,2025-11-30
M015514,P071,OUT,94,2025-03-24
M015515,P034,IN,12,2025-07-10
M015516,P026,IN,142,2025-08-19
M015517,P083,OUT,84,2026-03-03
M015518,P054,OUT,199,2025-05-26
M015519,P097,OUT,164,2025-06-11
M015520,P076,OUT,142,2025-09-13
M015521,P047,OUT,140,2026-01-27
M015522,P001,OUT,29,2026-01-02
M015523,P018,OUT,120,2025-04-05
M015524,P026,OUT,154,2025-06-08
M015525,P066,OUT,85,2025-10-30
M015526,P095,IN,79,2025-11-09
M015527,P013,IN,179,2026-01-05
M015528,P055,OUT,51,2025-03-24
M015529,P048,IN,108,2025-11-06
M015530,P044,IN,189,2025-06-25
M015531,P086,IN,52,2025-11-04
M015532,P005,OUT,173,2025-09-11
M015533,P088,OUT,63,2025-12-25
M015534,P051,OUT,182,2026-02-10
M015535,P049,OUT,162,2025-12-02
M015536,P092,IN,35,2025-12-06
M015537,P044,IN,92,2025-08-31
M015538,P005,IN,120,2025-10-17
M015539,P016,IN,35,2025-11-01
M015540,P025,OUT,161,2025-10-30
M015541,P094,OUT,36,2026-02-25
M015542,P098,IN,181,2025-08-08
M015543,P048,OUT,168,2025-12-31
M015544,P082,IN,41,2025-05-17
M015545,P013,IN,78,2025-11-02
M015546,P089,OUT,106,2026-02-20
M015547,P037,OUT,173,2025-10-09
M015548,P087,OUT,75,2025-07-01
M015549,P017,IN,134,2026-01-13
M015550,P025,IN,106,2025-06-18
M015551,P016,IN,48,2025-07-25
M015552,P038,IN,157,2025-07-09
M015553,P044,IN,53,2025-12-22
M015554,P023,IN,106,2025-07-09
M015555,P061,IN,12,2025-10-20
M015556,P053,OUT,48,2025-07-03
M015557,P027,IN,42,2025-12-17
M015558,P011,OUT,61,2026-02-23
M015559,P052,OUT,121,2025-07-17
M015560,P045,IN,14,2026-02-27
M015561,P072,IN,181,2025-06-26
M015562,P037,IN,157,2025-06-30
M015563,P010,IN,181,2025-03-25
M015564,P050,OUT,179,2025-07-24
M015565,P084,OUT,151,2025-12-03
M015566,P013,IN,135,2025-08-18
M015567,P010,OUT,62,2025-05-20
M015568,P033,OUT,133,2025-10-29
M015569,P014,OUT,178,2026-03-03
M015570,P018,OUT,122,2025-11-06
M015571,P041,OUT,110,2025-06-12
M015572,P044,OUT,132,2025-03-17
M015573,P020,OUT,49,2025-10-25
M015574,P079,OUT,58,2025-05-12
M015575,P056,OUT,126,2025-10-24
M015576,P099,OUT,124,2025-03-26
M015577,P012,OUT,59,2026-02-17
M015578,P012,OUT,79,2025-05-22
M015579,P016,IN,22,2025-10-26
M015580,P076,OUT,99,2025-03-11
M015581,P080,OUT,142,2025-07-29
M015582,P005,IN,15,2025-07-26
M015583,P013,OUT,21,2025-11-03
M015584,P039,IN,86,2025-11-25
M015585,P050,IN,130,2025-07-17
M015586,P011,IN,159,2025-11-16
M015587,P092,IN,15,2025-03-22
M015588,P022,IN,120,2025-10-31
M015589,P027,IN,180,2025-08-23
M015590,P081,IN,88,2025-06-10
M015591,P059,OUT,78,2025-07-29
M015592,P083,IN,185,2025-07-16
M015593,P092,IN,143,2025-12-01
M015594,P080,IN,185,2025-07-27
M015595,P002,IN,85,2025-07-23
M015596,P029,IN,177,2025-04-08
M015597,P080,IN,18,2026-01-01
M015598,P004,IN,173,2025-03-15
M015599,P006,IN,181,2025-04-14
M015600,P033,IN,66,2025-06-05
M015601,P056,IN,88,2025-12-20
M015602,P043,IN,81,2025-10-06
M015603,P023,OUT,8,2026-01-05
M015604,P039,IN,121,2025-06-25
M015605,P045,OUT,64,2025-04-11
M015606,P009,IN,178,2025-08-08
M015607,P008,IN,58,2025-11-08
M015608,P030,IN,139,2025-07-11
M015609,P026,OUT,128,2025-12-27
M015610,P094,IN,158,2025-06-14
M015611,P097,OUT,52,2025-05-28
M015612,P012,OUT,53,2025-10-03
M015613,P083,IN,39,2025-11-21
M015614,P027,OUT,122,2025-08-16
M015615,P025,OUT,198,2025-08-21
M015616,P087,OUT,111,2025-07-08
M015617,P025,OUT,105,2025-12-26
M015618,P068,IN,55,2025-09-07
M015619,P053,IN,128,2025-08-12
M015620,P090,IN,145,2025-06-14
M015621,P008,OUT,170,2025-05-03
M015622,P091,IN,39,2025-08-31
M015623,P094,IN,120,2025-08-13
M015624,P094,OUT,138,2025-10-06
M015625,P003,OUT,156,2026-01-12
M015626,P034,IN,85,2025-05-15
M015627,P035,IN,5,2026-02-05
M015628,P016,OUT,91,2025-12-03
M015629,P051,IN,173,2025-04-09
M015630,P041,IN,181,2025-05-02
M015631,P065,OUT,12,2026-01-27
M015632,P057,OUT,42,2025-08-15
M015633,P087,OUT,37,2025-03-22
M015634,P099,OUT,122,2025-06-16
M015635,P013,IN,196,2025-07-03
M015636,P071,IN,147,2025-11-02
M015637,P095,OUT,187,2025-11-10
M015638,P011,IN,3,2025-05-07
M015639,P004,OUT,155,2025-05-19
M015640,P088,IN,90,2026-02-03
M015641,P097,IN,24,2025-12-29
M015642,P049,OUT,46,2025-10-26
M015643,P060,OUT,133,2025-07-14
M015644,P074,IN,56,2025-08-13
M015645,P006,OUT,41,2025-05-12
M015646,P010,IN,121,2025-07-10
M015647,P033,IN,95,2025-11-23
M015648,P058,OUT,124,2026-01-28
M015649,P052,OUT,199,2025-05-31
M015650,P099,IN,163,2025-03-17
M015651,P031,OUT,92,2025-11-16
M015652,P048,OUT,98,2025-11-29
M015653,P042,IN,124,2026-01-12
M015654,P095,IN,191,2025-08-19
M015655,P024,IN,163,2025-10-07
M015656,P002,OUT,22,2025-06-08
M015657,P020,OUT,188,2025-08-07
M015658,P040,IN,184,2025-12-05
M015659,P045,OUT,40,2025-05-21
M015660,P031,OUT,193,2025-11-22
M015661,P081,OUT,78,2025-07-06
M015662,P055,IN,21,2025-06-29
M015663,P018,IN,98,2025-06-08
M015664,P021,OUT,135,2025-11-02
M015665,P019,IN,151,2025-06-12
M015666,P068,OUT,26,2025-08-30
M015667,P097,OUT,92,2025-10-24
M015668,P009,OUT,129,2025-03-13
M015669,P092,IN,30,2025-12-09
M015670,P016,OUT,61,2025-09-11
M015671,P071,IN,51,2025-04-16
M015672,P073,OUT,189,2025-04-05
M015673,P004,OUT,103,2025-10-06
M015674,P021,OUT,78,2025-03-20
M015675,P054,OUT,80,2025-03-10
M015676,P003,OUT,120,2025-06-21
M015677,P004,OUT,54,2025-06-08
M015678,P075,IN,184,2025-08-13
M015679,P094,IN,182,2025-07-24
M015680,P071,OUT,114,2026-01-24
M015681,P004,OUT,76,2025-07-26
M015682,P064,IN,173,2025-09-09
M015683,P002,OUT,159,2025-10-28
M015684,P089,IN,141,2025-08-14
M015685,P004,OUT,198,2025-09-09
M015686,P064,IN,200,2026-01-06
M015687,P067,OUT,172,2025-04-07
M015688,P060,IN,56,2025-04-17
M015689,P011,OUT,139,2025-06-19
M015690,P013,OUT,43,2025-07-01
M015691,P014,OUT,14,2025-07-09
M015692,P060,OUT,9,2025-07-28
M015693,P066,IN,11,2025-08-05
M015694,P047,IN,32,2025-06-09
M015695,P039,OUT,156,2025-11-18
M015696,P049,OUT,186,2025-11-19
M015697,P097,OUT,181,2025-06-29
M015698,P070,OUT,24,2025-09-01
M015699,P091,OUT,172,2025-05-26
M015700,P053,OUT,86,2026-01-27
M015701,P006,OUT,92,2026-03-08
M015702,P090,OUT,198,2025-10-08
M015703,P091,OUT,71,2026-02-10
M015704,P043,OUT,168,2025-04-13
M015705,P053,IN,41,2025-12-15
M015706,P017,IN,110,2025-03-30
M015707,P067,IN,182,2025-11-18
M015708,P097,OUT,188,2026-01-02
M015709,P039,IN,111,2025-08-12
M015710,P029,OUT,132,2025-12-05
M015711,P043,OUT,164,2025-06-11
M015712,P041,OUT,54,2025-12-08
M015713,P093,OUT,158,2025-11-08
M015714,P007,IN,148,2026-02-14
M015715,P038,OUT,1,2025-12-17
M015716,P005,IN,72,2025-04-17
M015717,P079,IN,81,2025-04-04
M015718,P065,IN,13,2025-07-01
M015719,P016,IN,95,2025-12-20
M015720,P024,IN,62,2025-08-02
M015721,P021,IN,156,2026-03-09
M015722,P023,IN,185,2025-12-15
M015723,P076,OUT,181,2025-09-08
M015724,P006,IN,194,2026-02-19
M015725,P091,IN,43,2025-06-05
M015726,P061,OUT,5,2025-10-18
M015727,P039,OUT,166,2025-04-13
M015728,P004,OUT,92,2025-05-18
M015729,P095,IN,115,2025-03-18
M015730,P069,IN,51,2026-03-04
M015731,P011,IN,60,2025-05-09
M015732,P024,OUT,72,2025-04-08
M015733,P031,IN,99,2026-01-16
M015734,P075,OUT,37,2025-08-07
M015735,P073,IN,21,2025-08-03
M015736,P052,IN,35,2026-01-04
M015737,P095,OUT,23,2026-02-16
M015738,P099,OUT,59,2025-08-27
M015739,P057,IN,30,2025-05-24
M015740,P011,OUT,84,2026-01-21
M015741,P067,IN,156,2025-05-01
M015742,P025,OUT,79,2025-04-03
M015743,P065,OUT,9,2025-08-04
M015744,P070,IN,3,2025-09-29
M015745,P073,IN,170,2025-10-19
M015746,P010,IN,72,2025-05-01
M015747,P025,IN,116,2025-05-20
M015748,P050,OUT,172,2025-08-03
M015749,P062,IN,172,2025-06-23
M015750,P047,IN,52,2025-08-20
M015751,P004,OUT,136,2025-07-06
M015752,P041,IN,3,2025-04-05
M015753,P087,IN,190,2025-06-29
M015754,P019,OUT,106,2025-10-23
M015755,P089,IN,57,2025-04-29
M015756,P095,IN,119,2025-09-16
M015757,P010,OUT,152,2025-07-19
M015758,P056,IN,49,2025-09-27
M015759,P017,IN,119,2025-08-29
M015760,P046,OUT,184,2025-04-26
M015761,P025,IN,1,2025-06-23
M015762,P030,IN,81,2025-05-04
M015763,P053,IN,170,2025-07-25
M015764,P092,OUT,30,2025-09-27
M015765,P036,OUT,112,2025-03-13
M015766,P026,IN,22,2025-10-08
M015767,P026,IN,195,2025-12-06
M015768,P042,IN,92,2025-04-28
M015769,P065,IN,110,2025-04-16
M015770,P027,IN,131,2025-12-13
M015771,P080,OUT,181,2025-05-03
M015772,P040,IN,75,2025-11-01
M015773,P045,IN,74,2025-10-30
M015774,P028,IN,35,2025-05-21
M015775,P004,OUT,123,2025-11-24
M015776,P029,OUT,19,2025-07-03
M015777,P058,IN,188,2025-11-10
M015778,P013,OUT,183,2025-11-16
M015779,P098,OUT,84,2025-04-17
M015780,P052,IN,196,2025-11-30
M015781,P008,IN,166,2025-03-16
M015782,P050,IN,131,2026-02-18
M015783,P005,IN,83,2025-03-16
M015784,P035,OUT,117,2025-11-09
M015785,P060,IN,127,2025-03-19
M015786,P018,IN,64,2025-08-20
M015787,P074,IN,42,2026-02-19
M015788,P031,IN,36,2025-07-11
M015789,P075,IN,92,2025-11-21
M015790,P022,OUT,123,2025-03-17
M015791,P099,IN,71,2026-03-09
M015792,P087,IN,91,2025-10-10
M015793,P006,IN,30,2026-01-26
M015794,P023,OUT,161,2025-10-26
M015795,P094,IN,143,2025-03-15
M015796,P046,OUT,107,2025-05-29
M015797,P035,IN,93,2025-09-27
M015798,P021,OUT,85,2026-01-08
M015799,P056,OUT,58,2025-08-03
M015800,P046,OUT,181,2025-09-11
M015801,P089,OUT,72,2025-04-25
M015802,P010,OUT,39,2025-09-08
M015803,P059,OUT,2,2025-04-01
M015804,P058,IN,144,2025-08-01
M015805,P027,OUT,77,2025-10-20
M015806,P013,OUT,116,2025-09-13
M015807,P073,OUT,97,2026-01-27
M015808,P050,OUT,95,2026-02-21
M015809,P071,OUT,195,2025-10-29
M015810,P092,IN,132,2025-06-12
M015811,P052,IN,147,2026-01-24
M015812,P072,IN,68,2025-10-25
M015813,P026,OUT,188,2025-10-28
M015814,P076,OUT,58,2025-04-22
M015815,P016,OUT,94,2025-04-01
M015816,P039,OUT,68,2025-06-25
M015817,P018,OUT,101,2025-03-25
M015818,P092,IN,200,2025-09-06
M015819,P007,OUT,132,2025-08-28
M015820,P089,IN,98,2026-02-15
M015821,P047,OUT,106,2025-08-27
M015822,P100,OUT,169,2025-11-08
M015823,P003,OUT,28,2025-05-30
M015824,P052,OUT,20,2025-03-09
M015825,P033,OUT,38,2026-01-29
M015826,P017,IN,2,2026-01-26
M015827,P008,OUT,61,2025-06-17
M015828,P095,OUT,54,2025-05-03
M015829,P054,IN,123,2025-06-30
M015830,P091,IN,149,2025-12-27
M015831,P078,IN,31,2025-09-05
M015832,P067,IN,176,2025-09-08
M015833,P063,IN,190,2025-04-19
M015834,P019,OUT,70,2025-04-17
M015835,P065,IN,17,2026-02-27
M015836,P053,OUT,22,2025-12-27
M015837,P031,IN,40,2025-12-25
M015838,P035,IN,97,2026-02-03
M015839,P026,IN,138,2025-06-24
M015840,P058,OUT,101,2025-11-09
M015841,P037,OUT,13,2025-05-05
M015842,P017,OUT,10,2025-10-28
M015843,P033,OUT,50,2025-12-26
M015844,P050,IN,154,2025-11-15
M015845,P094,OUT,104,2025-11-13
M015846,P069,OUT,45,2025-03-31
M015847,P043,IN,158,2026-03-04
M015848,P028,OUT,88,2025-08-21
M015849,P098,IN,55,2025-12-17
M015850,P074,IN,36,2025-06-15
M015851,P079,OUT,28,2025-06-13
M015852,P066,IN,115,2025-06-21
M015853,P004,IN,179,2025-12-29
M015854,P006,IN,27,2025-06-15
M015855,P087,OUT,21,2025-12-05
M015856,P076,OUT,164,2025-08-12
M015857,P043,OUT,73,2025-06-09
M015858,P009,IN,66,2025-06-03
M015859,P082,IN,156,2025-12-21
M015860,P038,IN,68,2025-09-23
M015861,P035,OUT,108,2025-05-17
M015862,P001,OUT,173,2026-03-06
M015863,P077,IN,92,2025-04-11
M015864,P077,IN,123,2025-03-11
M015865,P039,OUT,29,2025-06-10
M015866,P082,OUT,65,2025-05-10
M015867,P058,OUT,137,2025-07-30
M015868,P031,OUT,96,2025-06-03
M015869,P028,OUT,40,2026-01-04
M015870,P072,IN,151,2025-04-06
M015871,P089,IN,157,2025-11-30
M015872,P056,IN,199,2025-07-20
M015873,P022,IN,161,2026-01-01
M015874,P011,IN,41,2026-01-11
M015875,P058,IN,174,2025-06-19
M015876,P034,IN,140,2025-04-26
M015877,P100,OUT,95,2025-10-26
M015878,P048,IN,56,2025-09-30
M015879,P086,IN,39,2025-06-16
M015880,P047,OUT,94,2025-08-27
M015881,P020,IN,146,2025-07-02
M015882,P081,OUT,149,2025-07-26
M015883,P004,OUT,158,2025-05-25
M015884,P065,IN,92,2025-06-17
M015885,P053,IN,177,2026-01-06
M015886,P010,IN,111,2025-06-16
M015887,P092,IN,60,2025-03-28
M015888,P044,IN,20,2025-04-17
M015889,P096,IN,143,2025-12-08
M015890,P095,IN,126,2025-12-11
M015891,P030,OUT,77,2025-12-08
M015892,P029,OUT,48,2025-07-09
M015893,P015,IN,138,2025-11-05
M015894,P079,IN,158,2025-07-03
M015895,P070,IN,162,2025-12-20
M015896,P052,IN,101,2025-03-26
M015897,P050,IN,162,2025-03-13
M015898,P093,IN,85,2025-09-08
M015899,P024,OUT,132,2025-10-04
M015900,P084,OUT,90,2025-10-31
M015901,P092,OUT,193,2025-07-08
M015902,P100,OUT,132,2025-05-10
M015903,P027,IN,58,2025-11-25
M015904,P050,OUT,65,2025-07-30
M015905,P004,IN,6,2025-11-07
M015906,P053,OUT,189,2025-05-02
M015907,P081,IN,168,2025-10-27
M015908,P088,OUT,81,2025-07-25
M015909,P094,IN,171,2025-03-29
M015910,P053,IN,172,2025-07-24
M015911,P061,OUT,101,2025-12-20
M015912,P091,OUT,73,2025-07-07
M015913,P054,OUT,122,2025-06-30
M015914,P004,IN,186,2025-03-12
M015915,P022,IN,174,2025-07-10
M015916,P078,OUT,66,2025-04-06
M015917,P067,OUT,89,2025-11-13
M015918,P033,IN,192,2026-02-20
M015919,P048,IN,69,2025-11-08
M015920,P070,IN,96,2025-10-15
M015921,P046,OUT,42,2025-10-07
M015922,P076,IN,134,2025-11-08
M015923,P087,OUT,139,2025-04-16
M015924,P026,IN,105,2025-05-15
M015925,P009,OUT,166,2025-05-10
M015926,P049,IN,125,2026-01-03
M015927,P086,OUT,175,2026-02-09
M015928,P013,IN,54,2026-02-11
M015929,P060,OUT,47,2025-06-24
M015930,P060,IN,68,2025-10-09
M015931,P021,IN,183,2025-10-30
M015932,P052,IN,154,2025-08-09
M015933,P075,IN,64,2025-04-12
M015934,P051,IN,145,2025-11-10
M015935,P033,OUT,110,2025-04-26
M015936,P076,OUT,147,2025-09-29
M015937,P070,IN,172,2025-05-27
M015938,P077,OUT,171,2025-07-02
M015939,P071,OUT,114,2026-01-22
M015940,P077,IN,176,2025-06-19
M015941,P064,OUT,140,2025-09-03
M015942,P098,OUT,14,2025-08-08
M015943,P025,IN,188,2026-02-25
M015944,P017,IN,24,2025-03-11
M015945,P056,IN,47,2025-05-04
M015946,P096,IN,156,2025-03-11
M015947,P076,OUT,140,2026-01-15
M015948,P082,OUT,184,2025-11-05
M015949,P062,IN,111,2025-07-26
M015950,P066,OUT,139,2026-01-12
M015951,P091,OUT,138,2025-04-03
M015952,P025,IN,136,2026-02-14
M015953,P099,IN,47,2025-12-18
M015954,P082,OUT,113,2025-07-01
M015955,P004,OUT,169,2026-02-06
M015956,P087,IN,98,2025-08-08
M015957,P018,IN,37,2025-03-10
M015958,P035,OUT,92,2025-08-29
M015959,P012,IN,179,2025-09-03
M015960,P042,IN,3,2025-07-17
M015961,P001,IN,194,2026-03-04
M015962,P071,IN,114,2025-12-30
M015963,P080,OUT,28,2026-03-01
M015964,P087,IN,191,2025-09-13
M015965,P091,OUT,181,2025-08-17
M015966,P026,OUT,52,2025-07-12
M015967,P025,OUT,76,2026-01-07
M015968,P067,OUT,97,2025-12-10
M015969,P015,OUT,115,2025-03-18
M015970,P077,OUT,170,2026-01-15
M015971,P077,OUT,122,2025-08-20
M015972,P090,IN,158,2025-08-03
M015973,P070,IN,37,2025-08-28
M015974,P018,OUT,140,2025-10-29
M015975,P090,IN,41,2026-01-07
M015976,P053,OUT,151,2026-01-01
M015977,P092,OUT,30,2025-11-28
M015978,P044,IN,115,2025-07-16
M015979,P025,OUT,107,2026-02-23
M015980,P009,IN,93,2025-08-07
M015981,P090,OUT,63,2025-10-16
M015982,P099,IN,77,2025-08-09
M015983,P082,OUT,40,2025-09-11
M015984,P081,OUT,128,2025-11-25
M015985,P079,OUT,193,2026-02-28
M015986,P061,IN,186,2025-11-16
M015987,P091,IN,119,2025-04-10
M015988,P021,IN,66,2025-04-20
M015989,P088,IN,59,2025-10-16
M015990,P089,IN,147,2025-09-01
M015991,P055,IN,153,2025-06-26
M015992,P070,IN,197,2025-09-23
M015993,P064,OUT,160,2025-05-25
M015994,P067,OUT,91,2025-11-29
M015995,P094,IN,4,2025-10-17
M015996,P050,IN,175,2025-03-21
M015997,P014,OUT,32,2025-08-03
M015998,P076,IN,8,2025-10-26
M015999,P021,OUT,91,2025-10-31
M016000,P086,IN,155,2026-03-03
M016001,P030,IN,29,2025-08-10
M016002,P090,OUT,185,2026-01-21
M016003,P052,OUT,156,2025-04-14
M016004,P045,OUT,64,2025-07-09
M016005,P030,IN,179,2025-05-02
M016006,P037,OUT,178,2025-10-23
M016007,P090,IN,176,2025-06-23
M016008,P078,IN,10,2025-07-09
M016009,P010,OUT,69,2025-12-26
M016010,P032,OUT,77,2025-09-01
M016011,P010,IN,85,2025-10-05
M016012,P011,IN,119,2025-03-21
M016013,P087,IN,4,2025-09-17
M016014,P002,IN,85,2025-09-29
M016015,P099,OUT,44,2025-09-27
M016016,P021,IN,46,2025-12-01
M016017,P100,OUT,10,2025-04-07
M016018,P095,IN,149,2025-11-22
M016019,P046,OUT,8,2025-04-05
M016020,P077,OUT,50,2026-02-28
M016021,P023,OUT,91,2026-02-09
M016022,P061,IN,133,2025-06-16
M016023,P060,OUT,4,2025-08-01
M016024,P033,OUT,30,2025-05-05
M016025,P067,OUT,83,2025-11-23
M016026,P059,IN,97,2025-04-22
M016027,P094,OUT,106,2025-06-11
M016028,P058,OUT,84,2025-09-27
M016029,P034,IN,2,2025-10-04
M016030,P034,OUT,27,2025-09-08
M016031,P024,IN,136,2025-08-31
M016032,P017,IN,122,2025-12-24
M016033,P015,OUT,69,2026-01-21
M016034,P059,OUT,29,2025-05-11
M016035,P035,IN,43,2025-09-16
M016036,P074,IN,31,2025-12-31
M016037,P054,OUT,173,2025-06-29
M016038,P096,OUT,1,2025-04-06
M016039,P005,IN,158,2025-11-18
M016040,P073,IN,10,2025-12-22
M016041,P036,OUT,76,2026-01-22
M016042,P010,IN,153,2025-07-16
M016043,P014,OUT,121,2025-09-06
M016044,P029,OUT,123,2025-03-15
M016045,P029,OUT,171,2025-07-17
M016046,P075,OUT,34,2025-05-02
M016047,P049,OUT,76,2025-09-07
M016048,P032,IN,70,2025-05-18
M016049,P098,OUT,107,2025-12-17
M016050,P031,IN,33,2025-03-17
M016051,P050,IN,18,2026-02-16
M016052,P052,OUT,113,2025-05-03
M016053,P009,OUT,128,2025-12-30
M016054,P084,IN,15,2025-04-29
M016055,P084,OUT,15,2025-10-01
M016056,P094,OUT,169,2025-04-15
M016057,P029,OUT,84,2025-06-04
M016058,P066,OUT,139,2025-11-10
M016059,P056,IN,168,2025-08-07
M016060,P076,IN,154,2025-07-08
M016061,P024,OUT,195,2025-07-23
M016062,P094,OUT,150,2025-05-12
M016063,P098,OUT,72,2025-10-17
M016064,P080,OUT,9,2025-07-11
M016065,P063,IN,14,2025-09-01
M016066,P080,IN,70,2025-05-13
M016067,P072,OUT,43,2025-04-18
M016068,P022,OUT,86,2025-04-03
M016069,P060,IN,86,2025-11-25
M016070,P090,IN,120,2026-02-23
M016071,P066,OUT,167,2025-12-27
M016072,P065,IN,116,2025-12-01
M016073,P046,OUT,131,2025-04-25
M016074,P093,IN,152,2026-02-27
M016075,P002,OUT,8,2026-02-23
M016076,P012,IN,86,2025-10-11
M016077,P010,OUT,57,2025-06-28
M016078,P002,OUT,43,2025-04-03
M016079,P038,OUT,5,2025-07-19
M016080,P083,IN,76,2025-04-07
M016081,P051,IN,5,2025-09-18
M016082,P023,IN,112,2026-02-27
M016083,P055,IN,3,2025-06-03
M016084,P071,IN,41,2025-10-08
M016085,P078,IN,166,2025-10-14
M016086,P080,IN,146,2025-06-04
M016087,P062,IN,173,2025-06-03
M016088,P034,OUT,161,2025-10-11
M016089,P064,OUT,166,2025-10-01
M016090,P011,IN,42,2025-06-09
M016091,P072,OUT,29,2025-09-27
M016092,P079,IN,130,2025-05-29
M016093,P031,IN,52,2025-08-28
M016094,P069,IN,71,2026-01-30
M016095,P062,IN,38,2025-11-03
M016096,P049,OUT,85,2025-09-04
M016097,P088,OUT,74,2025-08-01
M016098,P057,OUT,143,2025-04-03
M016099,P021,OUT,175,2025-07-21
M016100,P053,OUT,142,2025-12-15
M016101,P038,OUT,55,2026-02-09
M016102,P021,OUT,104,2025-10-31
M016103,P033,OUT,62,2025-08-07
M016104,P012,OUT,119,2026-02-01
M016105,P056,OUT,66,2025-05-15
M016106,P046,OUT,4,2025-06-07
M016107,P016,IN,83,2025-11-23
M016108,P058,OUT,146,2025-06-12
M016109,P041,OUT,176,2025-08-07
M016110,P099,OUT,19,2025-09-21
M016111,P019,OUT,151,2025-12-24
M016112,P015,OUT,49,2025-11-20
M016113,P063,IN,151,2026-02-20
M016114,P091,OUT,143,2025-08-31
M016115,P028,OUT,11,2025-07-26
M016116,P089,OUT,135,2025-05-13
M016117,P095,IN,87,2025-06-04
M016118,P096,OUT,39,2026-02-09
M016119,P058,OUT,22,2025-11-01
M016120,P018,IN,32,2025-06-24
M016121,P025,OUT,79,2025-04-18
M016122,P066,OUT,123,2026-01-04
M016123,P012,OUT,47,2025-12-15
M016124,P013,IN,33,2025-04-02
M016125,P037,OUT,137,2025-12-29
M016126,P072,IN,57,2025-05-27
M016127,P083,IN,26,2025-04-21
M016128,P030,IN,18,2026-01-29
M016129,P047,OUT,85,2025-09-07
M016130,P084,OUT,60,2026-01-30
M016131,P021,IN,47,2025-05-29
M016132,P071,OUT,58,2025-04-19
M016133,P028,OUT,132,2025-05-24
M016134,P064,IN,162,2025-12-19
M016135,P037,OUT,190,2025-04-16
M016136,P066,IN,182,2025-12-16
M016137,P041,OUT,84,2026-02-27
M016138,P017,OUT,163,2025-05-12
M016139,P081,OUT,169,2026-01-29
M016140,P031,IN,185,2025-04-04
M016141,P020,OUT,191,2025-07-20
M016142,P076,IN,55,2026-01-25
M016143,P090,IN,71,2025-11-30
M016144,P011,IN,39,2025-11-08
M016145,P012,OUT,143,2026-01-16
M016146,P021,IN,77,2025-05-11
M016147,P052,IN,117,2025-08-01
M016148,P020,OUT,125,2025-09-17
M016149,P064,OUT,68,2025-10-01
M016150,P020,OUT,30,2026-01-14
M016151,P063,OUT,54,2025-09-16
M016152,P024,OUT,188,2026-02-14
M016153,P071,OUT,143,2025-11-15
M016154,P048,OUT,99,2025-04-19
M016155,P084,IN,70,2025-07-14
M016156,P029,IN,26,2025-10-03
M016157,P050,IN,90,2026-02-12
M016158,P042,OUT,101,2025-10-28
M016159,P055,OUT,52,2026-03-07
M016160,P100,OUT,102,2026-01-17
M016161,P007,OUT,111,2025-07-28
M016162,P009,OUT,173,2025-08-30
M016163,P051,IN,128,2025-07-02
M016164,P007,IN,33,2025-08-27
M016165,P025,OUT,151,2025-06-23
M016166,P063,IN,33,2025-07-06
M016167,P084,IN,168,2025-05-14
M016168,P008,OUT,71,2025-09-12
M016169,P047,OUT,80,2025-05-01
M016170,P062,IN,83,2025-08-05
M016171,P007,OUT,152,2025-09-06
M016172,P073,IN,122,2025-09-24
M016173,P039,IN,144,2025-09-17
M016174,P001,OUT,36,2025-09-16
M016175,P045,IN,157,2025-12-11
M016176,P030,OUT,79,2025-04-30
M016177,P078,OUT,144,2025-04-04
M016178,P092,IN,148,2025-11-04
M016179,P075,IN,29,2025-05-23
M016180,P086,OUT,196,2026-03-03
M016181,P034,OUT,14,2025-08-21
M016182,P060,IN,133,2025-05-16
M016183,P090,IN,168,2025-12-02
M016184,P020,OUT,25,2025-12-28
M016185,P034,OUT,23,2025-04-01
M016186,P073,IN,64,2025-08-28
M016187,P048,IN,121,2025-06-18
M016188,P058,OUT,68,2025-12-25
M016189,P053,OUT,160,2025-03-13
M016190,P014,OUT,69,2025-08-12
M016191,P034,OUT,99,2025-10-22
M016192,P019,IN,85,2025-12-25
M016193,P052,OUT,117,2026-01-14
M016194,P020,OUT,42,2026-01-02
M016195,P075,OUT,188,2026-02-22
M016196,P070,IN,27,2025-05-10
M016197,P019,OUT,53,2025-07-11
M016198,P071,OUT,109,2025-08-31
M016199,P035,OUT,51,2025-09-07
M016200,P035,IN,7,2025-04-21
M016201,P012,IN,100,2025-09-10
M016202,P090,OUT,59,2026-02-01
M016203,P090,IN,64,2025-11-29
M016204,P073,OUT,65,2025-03-12
M016205,P045,OUT,140,2025-11-09
M016206,P060,OUT,35,2026-02-21
M016207,P060,IN,91,2025-06-05
M016208,P046,IN,176,2025-09-13
M016209,P028,OUT,131,2025-05-15
M016210,P012,IN,1,2025-10-26
M016211,P006,IN,83,2025-12-28
M016212,P060,OUT,14,2025-05-15
M016213,P086,IN,193,2026-01-05
M016214,P064,OUT,192,2025-07-03
M016215,P076,OUT,196,2025-06-10
M016216,P048,IN,127,2025-08-17
M016217,P070,OUT,131,2026-02-20
M016218,P076,IN,190,2025-08-30
M016219,P055,IN,79,2026-02-28
M016220,P075,IN,99,2025-10-06
M016221,P004,OUT,155,2026-03-05
M016222,P013,IN,195,2025-03-27
M016223,P048,OUT,8,2026-01-04
M016224,P077,OUT,187,2025-04-15
M016225,P046,OUT,108,2025-07-17
M016226,P064,OUT,118,2025-05-22
M016227,P066,IN,171,2026-03-06
M016228,P080,OUT,33,2025-06-24
M016229,P071,OUT,174,2025-12-28
M016230,P068,IN,194,2025-10-27
M016231,P008,IN,90,2026-01-16
M016232,P050,OUT,102,2025-08-21
M016233,P066,OUT,194,2025-05-22
M016234,P014,IN,48,2025-09-13
M016235,P057,IN,186,2025-08-15
M016236,P086,OUT,51,2026-02-20
M016237,P062,OUT,190,2025-10-12
M016238,P001,IN,192,2025-12-17
M016239,P025,OUT,97,2026-01-31
M016240,P040,IN,18,2026-02-10
M016241,P012,IN,71,2025-09-06
M016242,P007,OUT,24,2025-09-02
M016243,P084,OUT,7,2026-03-02
M016244,P090,OUT,97,2025-12-30
M016245,P046,IN,145,2025-09-03
M016246,P045,IN,93,2025-05-31
M016247,P057,IN,40,2026-01-22
M016248,P073,IN,17,2026-02-26
M016249,P057,OUT,41,2025-05-07
M016250,P043,IN,74,2026-02-03
M016251,P087,OUT,112,2025-05-07
M016252,P062,OUT,38,2025-08-26
M016253,P023,OUT,128,2025-08-01
M016254,P018,OUT,111,2026-02-26
M016255,P080,IN,183,2025-11-28
M016256,P072,OUT,114,2025-04-29
M016257,P081,IN,76,2025-09-10
M016258,P025,OUT,50,2025-05-12
M016259,P060,IN,44,2025-10-06
M016260,P047,IN,20,2025-06-06
M016261,P025,OUT,1,2026-02-06
M016262,P012,IN,186,2025-07-16
M016263,P034,IN,125,2025-10-21
M016264,P040,OUT,180,2025-11-30
M016265,P069,OUT,124,2025-08-15
M016266,P024,IN,26,2026-02-07
M016267,P064,OUT,146,2026-02-06
M016268,P095,IN,150,2025-03-13
M016269,P075,OUT,49,2025-08-05
M016270,P090,IN,82,2025-09-25
M016271,P095,IN,67,2025-05-27
M016272,P080,IN,119,2026-02-22
M016273,P057,OUT,172,2025-10-19
M016274,P035,OUT,22,2025-11-06
M016275,P017,IN,83,2025-07-13
M016276,P043,OUT,173,2025-09-14
M016277,P084,IN,122,2025-12-16
M016278,P099,OUT,173,2025-06-27
M016279,P033,IN,108,2025-10-17
M016280,P081,OUT,135,2025-05-11
M016281,P019,IN,2,2025-08-06
M016282,P095,IN,196,2025-09-26
M016283,P080,IN,31,2025-10-04
M016284,P098,OUT,24,2025-06-06
M016285,P032,IN,180,2025-10-01
M016286,P092,IN,146,2025-08-27
M016287,P023,OUT,198,2026-02-14
M016288,P078,OUT,65,2026-02-04
M016289,P051,OUT,162,2026-02-26
M016290,P084,IN,56,2025-11-23
M016291,P006,IN,71,2025-06-09
M016292,P042,OUT,57,2026-01-18
M016293,P092,IN,179,2025-09-22
M016294,P089,OUT,127,2025-07-31
M016295,P096,IN,125,2025-11-12
M016296,P033,OUT,6,2025-04-14
M016297,P045,OUT,199,2025-09-03
M016298,P064,OUT,175,2025-08-24
M016299,P045,OUT,137,2025-03-14
M016300,P080,OUT,20,2025-10-20
M016301,P096,IN,43,2026-03-07
M016302,P088,IN,33,2025-04-10
M016303,P086,IN,198,2025-08-18
M016304,P056,IN,110,2025-04-29
M016305,P062,OUT,150,2026-03-01
M016306,P030,OUT,91,2025-10-22
M016307,P067,IN,28,2025-11-26
M016308,P026,OUT,59,2025-06-06
M016309,P056,IN,200,2025-09-29
M016310,P081,OUT,75,2025-05-18
M016311,P014,IN,66,2025-09-05
M016312,P054,IN,55,2025-10-02
M016313,P024,IN,170,2025-06-01
M016314,P043,IN,96,2025-05-05
M016315,P047,OUT,118,2026-01-10
M016316,P072,IN,91,2026-01-31
M016317,P025,OUT,98,2025-10-29
M016318,P034,IN,151,2026-01-21
M016319,P042,IN,40,2026-01-22
M016320,P074,OUT,161,2025-12-11
M016321,P002,IN,153,2025-05-28
M016322,P062,OUT,115,2025-04-08
M016323,P057,OUT,147,2025-08-25
M016324,P058,OUT,136,2025-04-16
M016325,P003,OUT,70,2025-06-13
M016326,P028,OUT,150,2026-02-07
M016327,P020,OUT,10,2025-10-18
M016328,P032,OUT,24,2025-10-27
M016329,P055,OUT,195,2025-07-21
M016330,P037,IN,116,2025-06-06
M016331,P042,OUT,122,2025-05-15
M016332,P045,OUT,87,2025-08-22
M016333,P054,IN,17,2026-01-23
M016334,P084,IN,140,2026-01-27
M016335,P070,IN,151,2025-06-08
M016336,P002,IN,178,2025-04-05
M016337,P053,OUT,159,2025-05-24
M016338,P089,IN,32,2026-03-06
M016339,P074,IN,84,2026-01-31
M016340,P029,OUT,194,2025-11-19
M016341,P058,OUT,52,2025-07-20
M016342,P024,IN,113,2025-03-30
M016343,P024,OUT,131,2025-08-07
M016344,P100,IN,130,2026-01-04
M016345,P079,OUT,197,2025-05-19
M016346,P036,IN,88,2025-08-16
M016347,P094,OUT,162,2025-07-25
M016348,P008,IN,149,2025-04-17
M016349,P020,OUT,153,2025-04-03
M016350,P043,IN,6,2025-11-19
M016351,P009,OUT,110,2025-08-07
M016352,P099,IN,107,2025-12-23
M016353,P001,IN,142,2025-05-04
M016354,P032,OUT,42,2025-09-01
M016355,P081,IN,148,2025-11-25
M016356,P027,OUT,136,2025-04-16
M016357,P050,OUT,148,2025-10-15
M016358,P028,OUT,26,2025-04-28
M016359,P046,IN,96,2025-07-29
M016360,P041,OUT,194,2025-09-08
M016361,P042,IN,60,2025-08-08
M016362,P016,OUT,134,2025-10-29
M016363,P006,OUT,182,2025-05-23
M016364,P036,IN,171,2025-05-16
M016365,P003,IN,39,2025-07-08
M016366,P004,IN,171,2026-01-23
M016367,P046,OUT,186,2025-09-07
M016368,P076,IN,127,2026-02-19
M016369,P044,IN,177,2026-02-07
M016370,P085,IN,146,2025-09-02
M016371,P038,OUT,85,2025-03-20
M016372,P060,IN,74,2025-07-26
M016373,P079,OUT,184,2025-12-15
M016374,P055,IN,11,2025-03-22
M016375,P074,IN,147,2025-09-17
M016376,P071,OUT,169,2025-10-21
M016377,P094,OUT,9,2025-08-17
M016378,P020,OUT,39,2025-07-21
M016379,P094,OUT,162,2025-10-03
M016380,P071,OUT,145,2025-04-08
M016381,P074,IN,3,2025-12-15
M016382,P047,OUT,40,2025-12-05
M016383,P027,OUT,133,2025-06-05
M016384,P076,IN,191,2025-05-02
M016385,P066,OUT,13,2025-10-03
M016386,P089,IN,165,2025-05-18
M016387,P005,OUT,25,2025-08-19
M016388,P040,IN,32,2025-05-16
M016389,P019,IN,192,2025-03-26
M016390,P065,IN,186,2026-02-15
M016391,P090,IN,159,2025-07-09
M016392,P022,IN,78,2026-03-05
M016393,P063,IN,186,2025-05-12
M016394,P083,IN,110,2025-08-24
M016395,P005,IN,38,2025-04-23
M016396,P047,OUT,21,2026-01-04
M016397,P069,IN,42,2025-10-31
M016398,P099,OUT,113,2026-02-15
M016399,P012,IN,30,2025-12-12
M016400,P091,IN,188,2025-06-01
M016401,P040,IN,19,2025-06-24
M016402,P008,OUT,12,2025-05-29
M016403,P036,IN,129,2025-05-20
M016404,P086,OUT,75,2025-03-30
M016405,P081,OUT,108,2025-03-21
M016406,P015,IN,133,2026-01-14
M016407,P005,IN,102,2025-03-11
M016408,P095,OUT,38,2025-09-02
M016409,P090,OUT,90,2025-05-29
M016410,P041,IN,151,2025-04-06
M016411,P089,OUT,182,2026-02-01
M016412,P007,IN,46,2025-10-10
M016413,P012,OUT,66,2025-07-02
M016414,P017,OUT,51,2026-01-04
M016415,P043,IN,164,2025-11-12
M016416,P035,OUT,197,2025-12-26
M016417,P017,OUT,89,2025-12-20
M016418,P098,OUT,33,2025-04-11
M016419,P059,OUT,64,2026-02-24
M016420,P070,OUT,25,2025-10-21
M016421,P049,IN,68,2025-11-14
M016422,P083,OUT,181,2025-11-27
M016423,P017,OUT,24,2025-06-06
M016424,P010,IN,57,2025-08-13
M016425,P054,IN,95,2026-01-26
M016426,P077,OUT,130,2025-11-20
M016427,P014,OUT,33,2025-12-09
M016428,P073,IN,19,2026-02-21
M016429,P027,IN,63,2025-10-28
M016430,P033,IN,32,2025-10-02
M016431,P068,OUT,157,2025-09-13
M016432,P064,OUT,183,2025-10-27
M016433,P048,OUT,128,2025-09-14
M016434,P018,IN,3,2026-01-07
M016435,P027,IN,133,2026-01-04
M016436,P023,IN,181,2025-10-02
M016437,P052,OUT,110,2025-07-29
M016438,P081,IN,95,2026-01-20
M016439,P001,OUT,41,2025-04-02
M016440,P017,IN,79,2025-11-16
M016441,P051,IN,53,2025-07-10
M016442,P056,OUT,81,2025-10-21
M016443,P071,IN,48,2026-02-28
M016444,P014,IN,101,2025-05-20
M016445,P028,IN,153,2026-02-12
M016446,P001,IN,183,2025-12-28
M016447,P070,OUT,196,2025-10-08
M016448,P063,OUT,157,2025-06-28
M016449,P095,OUT,185,2025-04-22
M016450,P099,OUT,101,2025-07-04
M016451,P001,OUT,73,2025-05-03
M016452,P019,OUT,3,2025-03-31
M016453,P050,OUT,188,2025-06-13
M016454,P035,IN,64,2025-03-23
M016455,P037,IN,153,2025-05-29
M016456,P076,IN,107,2025-12-20
M016457,P027,IN,169,2025-09-29
M016458,P016,IN,73,2025-06-13
M016459,P033,OUT,61,2025-12-26
M016460,P040,OUT,190,2025-03-22
M016461,P097,IN,30,2025-08-13
M016462,P082,OUT,170,2025-06-24
M016463,P053,IN,175,2025-10-31
M016464,P048,IN,110,2025-12-16
M016465,P034,OUT,183,2026-01-28
M016466,P018,OUT,194,2025-03-18
M016467,P002,IN,128,2025-06-29
M016468,P098,IN,130,2026-01-31
M016469,P062,OUT,50,2025-10-21
M016470,P016,IN,11,2025-06-30
M016471,P001,IN,92,2025-11-28
M016472,P036,OUT,159,2025-09-01
M016473,P067,IN,59,2025-10-30
M016474,P086,OUT,75,2025-03-31
M016475,P027,OUT,171,2025-07-01
M016476,P046,OUT,29,2026-02-06
M016477,P041,IN,81,2025-07-24
M016478,P080,OUT,81,2025-12-03
M016479,P100,OUT,37,2025-04-30
M016480,P051,OUT,54,2026-01-12
M016481,P095,IN,56,2026-02-14
M016482,P011,OUT,35,2025-06-25
M016483,P087,IN,29,2026-01-20
M016484,P052,OUT,118,2025-07-22
M016485,P012,IN,71,2025-03-09
M016486,P035,IN,50,2025-10-05
M016487,P071,OUT,107,2026-02-06
M016488,P098,IN,175,2025-07-02
M016489,P018,IN,161,2025-10-26
M016490,P070,IN,16,2025-09-27
M016491,P053,IN,105,2025-05-06
M016492,P084,IN,6,2026-03-02
M016493,P038,IN,5,2025-12-13
M016494,P005,OUT,180,2025-10-29
M016495,P023,OUT,98,2025-10-09
M016496,P094,IN,92,2025-06-27
M016497,P024,IN,101,2025-04-25
M016498,P039,IN,158,2025-09-15
M016499,P014,OUT,150,2026-01-06
M016500,P081,OUT,122,2025-10-25
M016501,P046,OUT,146,2025-09-29
M016502,P090,IN,46,2025-09-04
M016503,P001,OUT,47,2025-06-25
M016504,P007,IN,172,2026-02-09
M016505,P026,IN,79,2025-10-30
M016506,P045,IN,128,2025-10-10
M016507,P099,OUT,142,2025-03-27
M016508,P077,IN,27,2025-09-11
M016509,P068,OUT,155,2025-12-16
M016510,P032,OUT,111,2025-11-09
M016511,P002,IN,90,2025-08-01
M016512,P093,IN,28,2025-07-15
M016513,P041,IN,2,2025-09-08
M016514,P012,IN,140,2026-03-03
M016515,P071,IN,143,2025-08-14
M016516,P056,IN,166,2026-01-15
M016517,P055,OUT,86,2025-11-01
M016518,P040,IN,95,2025-12-04
M016519,P033,OUT,186,2025-04-03
M016520,P058,OUT,133,2025-11-30
M016521,P014,IN,150,2025-06-22
M016522,P010,OUT,187,2025-07-05
M016523,P044,IN,160,2025-10-20
M016524,P045,IN,125,2025-12-10
M016525,P031,OUT,47,2025-12-21
M016526,P036,OUT,198,2025-10-14
M016527,P026,OUT,55,2025-10-28
M016528,P067,OUT,124,2025-11-07
M016529,P090,IN,76,2026-01-03
M016530,P066,OUT,186,2025-04-16
M016531,P044,IN,11,2025-06-24
M016532,P036,OUT,133,2026-02-21
M016533,P015,OUT,169,2025-07-18
M016534,P094,OUT,135,2025-09-16
M016535,P009,OUT,93,2025-07-01
M016536,P051,OUT,163,2025-06-18
M016537,P074,IN,178,2025-08-01
M016538,P031,OUT,38,2025-07-13
M016539,P085,OUT,1,2025-12-25
M016540,P027,IN,133,2025-10-22
M016541,P010,IN,146,2025-06-18
M016542,P070,IN,185,2025-08-10
M016543,P045,OUT,100,2026-03-01
M016544,P028,OUT,123,2025-04-07
M016545,P013,OUT,173,2025-08-09
M016546,P028,IN,111,2026-01-23
M016547,P001,OUT,178,2025-11-13
M016548,P005,OUT,54,2025-06-03
M016549,P083,OUT,144,2025-07-14
M016550,P079,IN,64,2026-01-12
M016551,P053,IN,147,2025-10-08
M016552,P026,OUT,86,2025-04-14
M016553,P096,OUT,128,2025-05-18
M016554,P046,IN,126,2026-01-17
M016555,P075,OUT,75,2025-12-24
M016556,P070,IN,135,2025-05-15
M016557,P029,OUT,105,2025-06-08
M016558,P087,IN,189,2026-02-09
M016559,P037,IN,136,2026-01-09
M016560,P038,OUT,21,2025-07-16
M016561,P032,OUT,55,2025-07-31
M016562,P016,OUT,187,2025-04-24
M016563,P099,OUT,49,2025-07-08
M016564,P025,OUT,19,2025-04-17
M016565,P069,IN,21,2025-03-19
M016566,P033,IN,1,2025-12-02
M016567,P045,OUT,44,2025-10-27
M016568,P005,OUT,20,2025-07-20
M016569,P037,IN,183,2025-11-30
M016570,P057,IN,148,2025-09-16
M016571,P086,IN,50,2025-08-17
M016572,P004,IN,109,2025-07-23
M016573,P026,OUT,115,2025-12-27
M016574,P085,IN,143,2026-02-07
M016575,P076,IN,154,2025-10-31
M016576,P072,IN,60,2026-02-01
M016577,P057,OUT,23,2025-09-20
M016578,P094,IN,169,2025-08-30
M016579,P056,IN,127,2025-10-29
M016580,P031,OUT,104,2025-04-20
M016581,P091,OUT,49,2026-02-12
M016582,P073,IN,130,2025-10-14
M016583,P030,OUT,153,2026-01-22
M016584,P011,IN,119,2025-10-03
M016585,P065,OUT,6,2025-03-24
M016586,P074,IN,107,2025-10-10
M016587,P008,OUT,21,2025-10-25
M016588,P047,OUT,99,2025-11-28
M016589,P033,OUT,34,2025-12-22
M016590,P021,OUT,106,2025-11-28
M016591,P072,IN,166,2025-12-09
M016592,P036,OUT,107,2025-04-18
M016593,P056,OUT,123,2026-01-27
M016594,P030,IN,85,2025-05-03
M016595,P036,IN,159,2025-09-17
M016596,P041,IN,51,2025-07-27
M016597,P075,IN,177,2026-02-11
M016598,P007,IN,164,2025-04-19
M016599,P040,OUT,69,2025-12-11
M016600,P069,OUT,51,2026-03-07
M016601,P100,OUT,54,2025-03-23
M016602,P011,OUT,181,2025-06-14
M016603,P077,OUT,77,2025-08-31
M016604,P006,IN,53,2025-06-25
M016605,P083,OUT,16,2026-01-06
M016606,P012,IN,125,2025-06-09
M016607,P069,IN,14,2026-02-02
M016608,P084,IN,100,2025-06-05
M016609,P038,OUT,77,2025-08-05
M016610,P014,IN,66,2025-09-18
M016611,P097,IN,11,2025-10-13
M016612,P049,OUT,110,2025-07-07
M016613,P077,IN,113,2025-08-04
M016614,P070,IN,28,2025-05-10
M016615,P054,IN,123,2025-10-06
M016616,P013,IN,14,2025-12-01
M016617,P069,OUT,123,2025-10-15
M016618,P001,IN,157,2025-08-16
M016619,P055,IN,150,2025-03-25
M016620,P016,OUT,97,2026-03-01
M016621,P046,OUT,47,2025-11-14
M016622,P088,OUT,9,2025-10-21
M016623,P017,IN,57,2025-06-26
M016624,P077,IN,47,2025-03-30
M016625,P004,IN,32,2026-02-12
M016626,P071,IN,21,2025-06-15
M016627,P029,OUT,120,2026-02-02
M016628,P086,IN,47,2026-02-13
M016629,P098,IN,174,2025-12-12
M016630,P051,IN,154,2026-02-17
M016631,P066,IN,75,2025-09-12
M016632,P086,IN,24,2025-06-30
M016633,P094,OUT,177,2025-12-18
M016634,P076,OUT,139,2025-10-25
M016635,P018,OUT,73,2025-09-26
M016636,P047,IN,179,2025-09-20
M016637,P004,OUT,79,2025-03-27
M016638,P044,OUT,40,2025-11-20
M016639,P045,OUT,97,2025-10-18
M016640,P007,OUT,122,2026-02-24
M016641,P064,OUT,14,2025-09-18
M016642,P097,IN,45,2025-10-17
M016643,P069,OUT,197,2025-09-05
M016644,P072,IN,34,2025-07-24
M016645,P007,OUT,153,2025-10-16
M016646,P008,IN,64,2025-06-04
M016647,P026,OUT,178,2025-11-12
M016648,P080,IN,66,2025-05-16
M016649,P058,OUT,140,2025-06-27
M016650,P100,IN,180,2025-09-17
M016651,P017,IN,181,2025-11-07
M016652,P003,OUT,181,2025-06-10
M016653,P024,IN,195,2025-12-13
M016654,P083,IN,40,2025-08-21
M016655,P003,IN,58,2025-07-01
M016656,P021,IN,124,2025-05-01
M016657,P059,IN,191,2025-04-30
M016658,P062,IN,107,2025-08-19
M016659,P039,OUT,65,2025-06-05
M016660,P083,OUT,10,2025-09-29
M016661,P094,IN,149,2025-11-08
M016662,P004,IN,123,2026-02-23
M016663,P026,IN,76,2025-11-11
M016664,P018,IN,94,2025-12-11
M016665,P092,IN,173,2026-02-15
M016666,P075,IN,139,2025-12-01
M016667,P090,OUT,5,2025-10-19
M016668,P094,OUT,86,2025-09-18
M016669,P006,OUT,17,2025-08-09
M016670,P085,IN,40,2025-10-18
M016671,P040,OUT,42,2025-09-13
M016672,P095,OUT,64,2025-07-04
M016673,P023,IN,39,2025-08-18
M016674,P088,OUT,60,2025-10-09
M016675,P042,OUT,82,2025-07-31
M016676,P097,OUT,37,2025-08-22
M016677,P068,IN,24,2025-10-28
M016678,P003,OUT,60,2025-12-22
M016679,P073,OUT,110,2025-09-18
M016680,P063,IN,36,2025-03-30
M016681,P001,IN,45,2025-11-21
M016682,P090,IN,182,2025-03-15
M016683,P075,IN,141,2025-08-03
M016684,P069,OUT,105,2025-03-17
M016685,P058,OUT,8,2026-02-01
M016686,P025,OUT,114,2025-12-18
M016687,P032,OUT,187,2025-12-31
M016688,P027,IN,82,2025-03-26
M016689,P058,OUT,34,2026-01-02
M016690,P014,IN,25,2025-11-12
M016691,P028,OUT,69,2025-12-08
M016692,P004,IN,48,2025-05-27
M016693,P029,IN,99,2025-10-25
M016694,P056,OUT,66,2025-12-21
M016695,P018,OUT,145,2025-12-11
M016696,P019,OUT,189,2025-05-19
M016697,P033,IN,63,2025-06-02
M016698,P075,OUT,198,2025-03-10
M016699,P074,OUT,194,2026-03-02
M016700,P018,IN,174,2025-06-09
M016701,P055,IN,126,2025-05-21
M016702,P084,OUT,123,2025-04-03
M016703,P070,OUT,101,2026-01-23
M016704,P017,IN,50,2025-05-31
M016705,P054,IN,27,2026-02-23
M016706,P100,IN,25,2025-08-27
M016707,P099,IN,32,2025-10-03
M016708,P020,OUT,36,2025-10-26
M016709,P018,IN,180,2025-10-20
M016710,P045,OUT,58,2026-02-09
M016711,P005,IN,124,2025-04-15
M016712,P043,OUT,98,2026-01-15
M016713,P001,OUT,53,2026-01-29
M016714,P092,IN,36,2025-09-07
M016715,P023,OUT,57,2025-07-30
M016716,P005,OUT,100,2025-07-19
M016717,P091,OUT,191,2025-10-25
M016718,P049,OUT,188,2026-01-18
M016719,P011,IN,180,2025-08-07
M016720,P020,OUT,33,2025-10-02
M016721,P006,OUT,31,2025-08-19
M016722,P016,IN,85,2025-09-05
M016723,P055,OUT,156,2025-03-26
M016724,P018,IN,71,2026-02-07
M016725,P076,OUT,131,2025-07-07
M016726,P011,IN,133,2025-05-18
M016727,P095,IN,38,2025-11-20
M016728,P009,IN,200,2025-03-22
M016729,P084,OUT,76,2025-03-22
M016730,P034,OUT,79,2025-06-20
M016731,P040,OUT,169,2025-08-17
M016732,P022,IN,119,2025-12-21
M016733,P060,OUT,66,2025-09-01
M016734,P057,OUT,96,2025-05-31
M016735,P034,IN,139,2025-10-03
M016736,P036,IN,103,2025-07-26
M016737,P001,IN,81,2026-02-17
M016738,P014,OUT,25,2025-11-01
M016739,P004,IN,35,2025-04-12
M016740,P062,OUT,161,2025-06-25
M016741,P045,OUT,27,2025-07-04
M016742,P079,IN,196,2025-08-27
M016743,P082,IN,7,2025-04-27
M016744,P059,OUT,151,2025-11-19
M016745,P053,OUT,175,2025-07-19
M016746,P071,IN,62,2026-02-19
M016747,P019,OUT,174,2025-08-18
M016748,P067,IN,116,2025-05-14
M016749,P065,OUT,156,2025-03-29
M016750,P057,IN,128,2025-06-10
M016751,P068,IN,68,2025-09-07
M016752,P012,OUT,52,2025-07-13
M016753,P028,OUT,58,2025-04-26
M016754,P051,IN,28,2025-09-03
M016755,P049,OUT,90,2026-01-08
M016756,P004,IN,30,2025-11-02
M016757,P087,OUT,192,2026-02-08
M016758,P036,IN,200,2025-10-18
M016759,P061,OUT,153,2026-01-02
M016760,P015,IN,132,2026-02-01
M016761,P085,IN,108,2025-05-19
M016762,P037,IN,165,2025-04-05
M016763,P024,IN,17,2026-02-01
M016764,P051,OUT,4,2025-03-16
M016765,P053,IN,106,2025-07-22
M016766,P054,OUT,88,2026-01-07
M016767,P031,OUT,82,2025-09-20
M016768,P039,OUT,108,2025-12-28
M016769,P050,IN,75,2026-02-05
M016770,P076,IN,124,2025-04-15
M016771,P100,IN,109,2026-01-03
M016772,P048,IN,107,2025-04-03
M016773,P015,IN,67,2025-04-30
M016774,P039,IN,34,2025-09-11
M016775,P072,OUT,193,2026-02-25
M016776,P016,IN,63,2026-02-02
M016777,P027,IN,81,2026-02-21
M016778,P023,OUT,180,2025-05-27
M016779,P092,IN,130,2025-12-03
M016780,P033,IN,174,2026-02-19
M016781,P059,IN,154,2025-10-24
M016782,P093,OUT,199,2025-12-03
M016783,P005,IN,141,2025-11-19
M016784,P089,IN,16,2025-05-15
M016785,P014,IN,46,2025-03-15
M016786,P030,OUT,136,2025-12-14
M016787,P006,OUT,77,2025-08-31
M016788,P062,IN,178,2025-10-25
M016789,P012,IN,96,2026-02-08
M016790,P080,IN,83,2026-01-16
M016791,P040,OUT,155,2025-06-02
M016792,P011,OUT,153,2025-09-11
M016793,P064,OUT,76,2025-09-14
M016794,P080,OUT,200,2025-03-25
M016795,P087,IN,48,2025-12-15
M016796,P051,IN,96,2025-12-21
M016797,P083,IN,89,2025-10-15
M016798,P039,IN,173,2025-09-14
M016799,P100,OUT,11,2025-03-27
M016800,P032,OUT,80,2025-08-07
M016801,P091,IN,43,2025-09-08
M016802,P064,IN,138,2025-07-02
M016803,P087,IN,85,2025-09-04
M016804,P088,IN,44,2025-04-30
M016805,P089,OUT,33,2026-03-04
M016806,P082,OUT,28,2025-09-07
M016807,P014,IN,110,2026-01-30
M016808,P094,IN,193,2025-07-14
M016809,P023,IN,63,2025-06-23
M016810,P076,OUT,162,2025-08-13
M016811,P014,OUT,18,2025-04-17
M016812,P083,IN,196,2026-02-21
M016813,P073,IN,151,2025-12-12
M016814,P025,OUT,160,2025-11-17
M016815,P032,IN,17,2025-11-26
M016816,P043,OUT,26,2025-09-13
M016817,P041,IN,32,2026-02-07
M016818,P065,IN,31,2026-03-05
M016819,P070,IN,121,2026-01-25
M016820,P039,OUT,187,2026-02-01
M016821,P074,OUT,99,2025-12-06
M016822,P008,IN,150,2025-06-16
M016823,P036,IN,92,2026-01-01
M016824,P004,OUT,117,2025-06-06
M016825,P019,IN,10,2025-07-02
M016826,P036,IN,194,2026-02-13
M016827,P090,IN,172,2025-12-09
M016828,P025,IN,16,2025-11-19
M016829,P027,OUT,107,2025-03-13
M016830,P015,OUT,150,2026-01-02
M016831,P092,IN,180,2025-08-16
M016832,P023,IN,184,2025-09-26
M016833,P097,OUT,76,2026-01-06
M016834,P083,OUT,128,2025-06-02
M016835,P017,OUT,51,2025-06-12
M016836,P008,IN,78,2025-05-28
M016837,P003,IN,46,2025-11-23
M016838,P018,OUT,6,2025-08-12
M016839,P042,IN,49,2025-03-30
M016840,P077,IN,78,2025-06-23
M016841,P074,IN,194,2025-05-29
M016842,P054,OUT,150,2025-06-12
M016843,P068,OUT,165,2025-11-27
M016844,P089,IN,21,2026-02-09
M016845,P037,IN,66,2025-04-22
M016846,P072,OUT,94,2026-02-20
M016847,P017,OUT,38,2025-07-19
M016848,P060,OUT,178,2025-04-28
M016849,P067,IN,88,2025-05-12
M016850,P053,OUT,103,2026-01-15
M016851,P064,OUT,73,2025-04-17
M016852,P061,IN,19,2025-12-15
M016853,P031,OUT,63,2025-12-19
M016854,P005,OUT,48,2025-04-22
M016855,P060,IN,143,2025-05-30
M016856,P059,IN,24,2025-10-02
M016857,P069,IN,24,2025-11-26
M016858,P083,OUT,188,2025-03-28
M016859,P050,OUT,44,2025-12-15
M016860,P001,OUT,163,2025-07-02
M016861,P020,OUT,109,2025-09-26
M016862,P056,OUT,125,2025-11-08
M016863,P018,OUT,160,2025-08-24
M016864,P060,OUT,37,2025-08-30
M016865,P015,OUT,126,2025-04-24
M016866,P062,IN,139,2025-05-14
M016867,P097,IN,57,2025-06-01
M016868,P100,OUT,138,2026-02-08
M016869,P055,OUT,120,2026-01-21
M016870,P100,IN,181,2025-06-10
M016871,P035,OUT,20,2025-04-11
M016872,P038,IN,77,2025-09-22
M016873,P094,OUT,13,2026-03-02
M016874,P039,IN,60,2025-11-28
M016875,P075,IN,193,2025-09-26
M016876,P064,OUT,22,2025-10-15
M016877,P091,OUT,139,2026-01-07
M016878,P087,OUT,144,2025-10-15
M016879,P060,IN,132,2026-03-07
M016880,P082,IN,146,2025-08-19
M016881,P067,IN,151,2025-06-11
M016882,P081,IN,97,2025-08-16
M016883,P097,OUT,137,2025-03-20
M016884,P082,IN,128,2025-07-02
M016885,P076,OUT,12,2026-02-11
M016886,P003,IN,62,2025-05-23
M016887,P016,OUT,155,2025-11-01
M016888,P097,OUT,137,2026-01-18
M016889,P084,OUT,5,2025-07-05
M016890,P087,IN,159,2025-07-10
M016891,P099,IN,7,2026-03-06
M016892,P016,IN,2,2026-02-08
M016893,P026,IN,150,2025-04-30
M016894,P027,OUT,166,2026-01-13
M016895,P098,IN,11,2025-04-09
M016896,P085,IN,114,2025-12-05
M016897,P062,IN,44,2025-12-09
M016898,P015,IN,72,2026-02-01
M016899,P068,OUT,99,2025-11-17
M016900,P057,OUT,141,2025-08-07
M016901,P038,OUT,151,2025-09-27
M016902,P099,IN,18,2026-01-11
M016903,P077,IN,142,2025-08-17
M016904,P083,IN,135,2025-03-29
M016905,P008,IN,134,2026-01-14
M016906,P076,OUT,92,2025-04-17
M016907,P029,OUT,90,2025-09-22
M016908,P044,OUT,103,2025-03-15
M016909,P019,OUT,15,2025-07-15
M016910,P086,IN,88,2025-06-08
M016911,P079,OUT,57,2025-09-15
M016912,P023,IN,163,2025-05-16
M016913,P058,IN,154,2025-04-09
M016914,P049,OUT,12,2025-11-28
M016915,P065,OUT,28,2026-01-05
M016916,P018,OUT,73,2025-10-01
M016917,P017,IN,102,2025-10-03
M016918,P004,IN,35,2025-08-29
M016919,P088,IN,155,2025-07-31
M016920,P058,OUT,98,2025-08-20
M016921,P001,OUT,191,2025-06-17
M016922,P053,OUT,185,2026-02-19
M016923,P071,IN,134,2025-05-06
M016924,P018,IN,102,2025-07-04
M016925,P089,IN,50,2026-02-20
M016926,P070,IN,36,2025-06-16
M016927,P054,OUT,44,2025-08-12
M016928,P037,OUT,71,2025-09-06
M016929,P089,IN,146,2025-11-30
M016930,P065,OUT,183,2025-12-13
M016931,P076,OUT,195,2025-05-24
M016932,P054,OUT,5,2025-07-12
M016933,P048,OUT,28,2026-01-25
M016934,P058,OUT,127,2025-12-27
M016935,P029,IN,108,2025-05-25
M016936,P022,IN,23,2026-03-07
M016937,P039,IN,19,2026-02-24
M016938,P023,OUT,118,2026-01-15
M016939,P005,OUT,117,2026-02-09
M016940,P031,IN,192,2026-01-21
M016941,P048,IN,149,2025-05-20
M016942,P091,IN,94,2025-11-04
M016943,P078,IN,156,2025-07-05
M016944,P032,IN,29,2025-04-06
M016945,P096,IN,73,2025-07-05
M016946,P028,OUT,15,2025-04-28
M016947,P019,OUT,29,2025-06-17
M016948,P016,IN,167,2025-07-23
M016949,P098,IN,81,2025-10-12
M016950,P089,IN,94,2025-04-10
M016951,P069,IN,81,2025-10-28
M016952,P053,IN,100,2025-11-07
M016953,P016,OUT,115,2025-04-25
M016954,P007,IN,84,2025-04-26
M016955,P095,IN,124,2025-08-30
M016956,P060,IN,1,2025-03-18
M016957,P061,OUT,54,2026-01-25
M016958,P066,IN,47,2025-07-20
M016959,P016,OUT,10,2026-01-10
M016960,P014,OUT,154,2025-07-05
M016961,P022,IN,184,2025-10-03
M016962,P082,IN,28,2025-03-23
M016963,P084,IN,75,2025-05-26
M016964,P055,IN,108,2025-04-16
M016965,P083,IN,14,2025-04-14
M016966,P092,IN,36,2025-05-28
M016967,P029,IN,94,2025-07-03
M016968,P088,IN,172,2025-09-07
M016969,P075,OUT,74,2025-11-14
M016970,P059,IN,179,2025-06-17
M016971,P055,IN,168,2025-03-10
M016972,P085,IN,35,2025-08-01
M016973,P055,OUT,85,2026-03-09
M016974,P056,IN,108,2026-03-06
M016975,P041,IN,175,2025-06-21
M016976,P008,IN,103,2025-05-13
M016977,P035,IN,162,2025-11-30
M016978,P095,OUT,195,2025-12-01
M016979,P094,IN,97,2025-07-01
M016980,P074,IN,124,2025-03-19
M016981,P016,IN,123,2025-09-26
M016982,P048,IN,187,2025-10-07
M016983,P086,IN,22,2025-12-10
M016984,P032,IN,48,2025-03-12
M016985,P018,OUT,175,2025-06-20
M016986,P066,OUT,100,2025-03-31
M016987,P025,IN,18,2025-09-27
M016988,P075,IN,55,2025-09-22
M016989,P037,OUT,71,2025-05-01
M016990,P020,IN,10,2026-02-12
M016991,P008,IN,172,2025-08-15
M016992,P067,IN,36,2025-08-18
M016993,P090,OUT,107,2025-04-11
M016994,P039,IN,117,2025-07-11
M016995,P100,IN,136,2025-11-19
M016996,P003,IN,6,2025-11-29
M016997,P038,IN,128,2025-05-02
M016998,P035,IN,80,2026-01-11
M016999,P070,IN,143,2025-03-23
M017000,P026,IN,57,2025-06-12
M017001,P057,IN,75,2025-04-03
M017002,P088,OUT,109,2025-06-17
M017003,P095,OUT,159,2025-04-17
M017004,P041,OUT,182,2025-03-29
M017005,P004,OUT,170,2025-10-14
M017006,P039,OUT,197,2025-03-16
M017007,P086,OUT,157,2025-07-06
M017008,P066,IN,91,2025-09-18
M017009,P022,IN,113,2025-04-17
M017010,P026,OUT,73,2026-01-09
M017011,P019,OUT,83,2026-02-03
M017012,P098,OUT,7,2025-09-23
M017013,P051,OUT,89,2025-07-13
M017014,P059,IN,125,2026-02-18
M017015,P070,IN,115,2025-09-13
M017016,P002,IN,186,2026-02-15
M017017,P053,OUT,120,2025-07-17
M017018,P032,OUT,181,2025-03-11
M017019,P037,OUT,61,2025-09-12
M017020,P039,OUT,125,2026-01-14
M017021,P025,IN,133,2025-10-20
M017022,P062,OUT,126,2026-03-06
M017023,P062,OUT,117,2025-05-29
M017024,P087,OUT,15,2025-03-20
M017025,P010,IN,70,2025-03-25
M017026,P067,IN,68,2025-04-06
M017027,P100,OUT,91,2025-06-29
M017028,P056,OUT,138,2025-10-02
M017029,P040,OUT,181,2026-02-16
M017030,P019,IN,163,2025-08-29
M017031,P052,OUT,80,2025-06-01
M017032,P034,OUT,77,2026-02-21
M017033,P060,IN,59,2025-09-20
M017034,P078,OUT,178,2026-03-08
M017035,P071,IN,8,2025-06-09
M017036,P013,OUT,94,2025-11-08
M017037,P027,OUT,11,2025-12-24
M017038,P070,IN,72,2025-09-25
M017039,P021,IN,24,2025-07-04
M017040,P056,IN,160,2026-01-28
M017041,P046,OUT,80,2025-05-11
M017042,P026,OUT,2,2026-02-17
M017043,P066,IN,8,2025-06-29
M017044,P076,OUT,44,2026-02-15
M017045,P024,IN,171,2025-05-24
M017046,P039,IN,50,2026-02-04
M017047,P070,IN,102,2025-09-10
M017048,P071,IN,181,2025-07-16
M017049,P085,IN,112,2025-03-13
M017050,P034,OUT,90,2025-07-05
M017051,P028,IN,160,2026-03-04
M017052,P004,OUT,51,2026-01-27
M017053,P021,IN,70,2025-09-12
M017054,P079,IN,179,2025-05-25
M017055,P042,IN,103,2025-08-11
M017056,P010,IN,125,2026-01-01
M017057,P028,IN,94,2025-08-11
M017058,P037,OUT,21,2025-06-02
M017059,P095,IN,40,2025-06-23
M017060,P039,IN,41,2025-07-06
M017061,P049,IN,138,2025-03-15
M017062,P071,OUT,146,2025-09-12
M017063,P047,IN,177,2025-03-30
M017064,P099,IN,71,2025-08-10
M017065,P058,OUT,171,2026-01-05
M017066,P020,IN,36,2025-09-09
M017067,P035,IN,9,2025-04-16
M017068,P020,IN,65,2025-08-19
M017069,P012,IN,11,2025-08-02
M017070,P012,OUT,188,2026-01-31
M017071,P068,OUT,34,2025-03-18
M017072,P081,IN,187,2025-08-16
M017073,P056,IN,99,2025-09-30
M017074,P044,OUT,65,2025-12-14
M017075,P074,OUT,83,2025-05-22
M017076,P008,OUT,69,2025-07-07
M017077,P004,IN,187,2026-02-21
M017078,P080,IN,66,2025-07-31
M017079,P093,IN,187,2026-02-18
M017080,P012,IN,154,2025-04-30
M017081,P044,OUT,125,2025-10-06
M017082,P036,IN,59,2025-08-12
M017083,P078,IN,152,2025-11-03
M017084,P088,IN,84,2025-11-26
M017085,P001,IN,40,2025-12-20
M017086,P075,IN,102,2025-04-29
M017087,P050,IN,143,2025-08-29
M017088,P047,OUT,20,2025-03-20
M017089,P025,OUT,142,2026-01-20
M017090,P031,OUT,92,2025-11-24
M017091,P059,OUT,190,2025-03-11
M017092,P096,OUT,65,2025-06-03
M017093,P087,IN,66,2025-08-02
M017094,P080,OUT,68,2025-08-03
M017095,P080,IN,43,2025-04-16
M017096,P037,OUT,119,2026-02-14
M017097,P024,IN,24,2026-03-05
M017098,P044,IN,37,2025-10-06
M017099,P031,IN,23,2025-11-07
M017100,P035,OUT,185,2025-05-24
M017101,P021,OUT,81,2025-12-26
M017102,P085,IN,51,2025-08-28
M017103,P100,OUT,163,2026-02-16
M017104,P047,IN,51,2025-12-04
M017105,P029,IN,79,2025-11-30
M017106,P017,OUT,149,2026-01-10
M017107,P092,IN,88,2025-06-07
M017108,P090,OUT,32,2025-12-21
M017109,P039,OUT,113,2025-05-31
M017110,P092,OUT,34,2025-07-25
M017111,P070,OUT,97,2025-03-15
M017112,P075,IN,35,2026-01-04
M017113,P075,OUT,137,2025-04-06
M017114,P066,IN,195,2025-05-10
M017115,P020,IN,165,2025-09-18
M017116,P037,OUT,33,2026-01-13
M017117,P055,OUT,114,2025-12-15
M017118,P090,OUT,121,2025-11-29
M017119,P071,IN,19,2025-04-05
M017120,P021,IN,39,2025-09-04
M017121,P040,IN,54,2025-05-29
M017122,P082,IN,142,2025-06-08
M017123,P002,IN,88,2025-05-22
M017124,P036,IN,83,2025-04-21
M017125,P041,IN,42,2025-11-22
M017126,P042,OUT,97,2025-05-22
M017127,P014,IN,174,2025-06-04
M017128,P043,IN,98,2025-03-30
M017129,P032,IN,91,2025-08-02
M017130,P081,OUT,132,2025-03-20
M017131,P021,IN,16,2025-05-26
M017132,P061,OUT,161,2025-11-08
M017133,P072,IN,77,2025-10-20
M017134,P080,IN,195,2025-04-06
M017135,P100,OUT,20,2025-05-04
M017136,P009,IN,147,2025-04-22
M017137,P082,OUT,121,2025-09-05
M017138,P016,OUT,164,2026-02-18
M017139,P072,OUT,172,2025-09-16
M017140,P016,OUT,57,2025-12-27
M017141,P010,IN,60,2025-11-29
M017142,P031,OUT,34,2025-07-09
M017143,P047,IN,124,2026-01-23
M017144,P053,IN,118,2026-02-20
M017145,P049,IN,193,2025-09-18
M017146,P030,IN,90,2025-09-03
M017147,P013,OUT,97,2025-09-26
M017148,P007,IN,14,2025-11-06
M017149,P088,OUT,90,2025-09-26
M017150,P089,OUT,136,2025-07-14
M017151,P091,IN,2,2026-02-16
M017152,P043,OUT,191,2025-12-09
M017153,P032,IN,31,2025-03-14
M017154,P086,OUT,172,2025-07-16
M017155,P079,OUT,150,2025-12-07
M017156,P016,OUT,139,2025-06-07
M017157,P076,IN,154,2025-12-01
M017158,P013,OUT,44,2025-04-25
M017159,P041,OUT,107,2025-12-30
M017160,P083,OUT,135,2025-08-04
M017161,P038,OUT,177,2025-11-10
M017162,P090,OUT,163,2025-08-23
M017163,P076,OUT,165,2025-12-26
M017164,P073,IN,44,2025-09-29
M017165,P053,OUT,118,2026-03-05
M017166,P026,OUT,40,2025-03-25
M017167,P048,IN,101,2025-08-01
M017168,P051,IN,126,2025-09-27
M017169,P003,OUT,174,2025-10-03
M017170,P008,IN,184,2025-04-08
M017171,P090,IN,80,2025-04-28
M017172,P082,IN,15,2025-04-06
M017173,P051,OUT,179,2025-05-30
M017174,P018,IN,91,2025-06-13
M017175,P005,IN,141,2025-08-08
M017176,P062,OUT,149,2025-10-28
M017177,P079,OUT,57,2026-01-20
M017178,P008,IN,176,2025-03-25
M017179,P063,OUT,49,2025-10-12
M017180,P083,IN,49,2025-06-08
M017181,P093,OUT,188,2025-07-14
M017182,P089,IN,106,2025-05-07
M017183,P090,OUT,160,2025-05-26
M017184,P027,IN,44,2025-07-02
M017185,P047,IN,115,2025-09-24
M017186,P073,IN,164,2026-02-09
M017187,P057,OUT,188,2025-06-05
M017188,P053,OUT,46,2025-06-03
M017189,P024,IN,129,2025-10-14
M017190,P045,OUT,69,2026-01-30
M017191,P007,IN,173,2025-11-23
M017192,P093,IN,104,2025-09-03
M017193,P009,OUT,147,2025-07-24
M017194,P100,IN,145,2025-07-28
M017195,P053,IN,19,2026-01-15
M017196,P057,OUT,184,2026-02-23
M017197,P024,OUT,161,2025-07-14
M017198,P094,IN,59,2025-05-02
M017199,P073,IN,6,2025-08-03
M017200,P054,IN,64,2025-08-13
M017201,P094,OUT,11,2025-12-15
M017202,P057,OUT,194,2025-10-23
M017203,P092,IN,166,2025-05-16
M017204,P039,IN,163,2025-11-24
M017205,P096,IN,25,2025-04-04
M017206,P086,IN,172,2025-12-14
M017207,P026,OUT,109,2025-11-19
M017208,P041,IN,188,2025-12-23
M017209,P080,IN,172,2026-02-02
M017210,P068,IN,107,2025-06-29
M017211,P070,OUT,118,2026-02-24
M017212,P031,OUT,36,2025-11-11
M017213,P067,IN,59,2025-05-05
M017214,P050,OUT,160,2025-11-24
M017215,P010,OUT,90,2025-08-19
M017216,P003,IN,124,2025-04-03
M017217,P025,OUT,155,2025-11-04
M017218,P056,IN,125,2025-10-24
M017219,P023,OUT,172,2025-05-29
M017220,P087,OUT,105,2025-12-11
M017221,P025,IN,70,2026-02-17
M017222,P065,IN,50,2025-10-14
M017223,P099,IN,132,2025-10-21
M017224,P012,IN,111,2026-02-04
M017225,P014,OUT,196,2025-04-23
M017226,P088,OUT,179,2025-08-22
M017227,P002,OUT,152,2025-06-02
M017228,P013,OUT,163,2025-05-31
M017229,P076,OUT,23,2025-08-28
M017230,P005,OUT,80,2025-11-06
M017231,P061,OUT,160,2025-09-19
M017232,P087,OUT,48,2025-07-01
M017233,P010,OUT,86,2025-11-09
M017234,P035,IN,138,2026-01-06
M017235,P051,IN,165,2025-07-11
M017236,P091,IN,22,2026-01-13
M017237,P007,OUT,92,2025-04-29
M017238,P031,OUT,169,2025-07-09
M017239,P043,OUT,89,2025-10-10
M017240,P059,IN,94,2025-03-26
M017241,P073,IN,107,2025-05-22
M017242,P090,OUT,88,2026-01-30
M017243,P099,IN,188,2025-08-01
M017244,P090,IN,4,2025-07-08
M017245,P009,OUT,104,2025-08-06
M017246,P021,IN,108,2025-08-18
M017247,P013,OUT,74,2025-05-10
M017248,P092,IN,43,2026-03-08
M017249,P066,IN,170,2025-10-07
M017250,P017,OUT,48,2025-10-03
M017251,P098,IN,99,2025-09-04
M017252,P031,OUT,176,2025-05-06
M017253,P027,OUT,169,2025-11-11
M017254,P012,OUT,197,2025-10-08
M017255,P067,OUT,189,2025-12-03
M017256,P080,IN,55,2025-04-08
M017257,P008,IN,113,2025-06-18
M017258,P021,IN,84,2025-07-05
M017259,P084,IN,43,2025-05-25
M017260,P030,OUT,99,2025-03-29
M017261,P079,IN,127,2025-07-04
M017262,P013,IN,180,2026-02-20
M017263,P017,IN,102,2025-04-23
M017264,P076,OUT,109,2025-11-01
M017265,P019,IN,16,2025-12-08
M017266,P057,OUT,53,2025-08-30
M017267,P014,OUT,183,2025-05-06
M017268,P018,IN,181,2025-05-04
M017269,P097,OUT,117,2025-03-19
M017270,P100,IN,29,2025-04-21
M017271,P086,IN,156,2025-11-24
M017272,P007,OUT,12,2025-12-28
M017273,P009,IN,8,2025-07-14
M017274,P064,OUT,168,2025-07-31
M017275,P046,IN,187,2025-11-16
M017276,P048,OUT,99,2025-05-28
M017277,P051,IN,81,2026-01-11
M017278,P044,OUT,170,2026-01-18
M017279,P067,OUT,134,2025-05-09
M017280,P027,IN,171,2025-04-16
M017281,P099,IN,43,2025-12-03
M017282,P071,OUT,142,2025-04-23
M017283,P077,OUT,90,2025-11-09
M017284,P008,OUT,80,2026-02-28
M017285,P025,OUT,60,2025-05-18
M017286,P069,IN,7,2025-11-15
M017287,P073,IN,93,2025-03-19
M017288,P095,OUT,64,2025-09-08
M017289,P090,IN,22,2025-12-27
M017290,P015,IN,3,2026-01-11
M017291,P076,IN,68,2025-11-23
M017292,P035,OUT,54,2025-12-10
M017293,P080,IN,141,2026-02-03
M017294,P079,IN,44,2025-11-12
M017295,P070,IN,163,2026-01-31
M017296,P046,OUT,184,2025-11-16
M017297,P074,IN,199,2025-05-07
M017298,P027,IN,29,2026-01-01
M017299,P095,IN,41,2025-12-19
M017300,P068,OUT,69,2026-01-27
M017301,P007,OUT,121,2025-09-03
M017302,P073,IN,188,2025-11-19
M017303,P064,IN,178,2025-08-13
M017304,P013,OUT,170,2026-01-23
M017305,P061,IN,153,2025-12-07
M017306,P090,OUT,30,2025-10-19
M017307,P023,IN,20,2025-10-18
M017308,P081,OUT,165,2025-12-26
M017309,P054,OUT,110,2026-02-01
M017310,P022,OUT,56,2025-06-10
M017311,P017,OUT,104,2025-03-12
M017312,P064,OUT,38,2025-06-13
M017313,P047,IN,36,2025-07-27
M017314,P010,IN,39,2025-04-26
M017315,P075,OUT,51,2025-07-13
M017316,P072,IN,1,2025-04-28
M017317,P028,IN,79,2025-08-10
M017318,P016,OUT,52,2025-05-13
M017319,P008,IN,159,2025-03-29
M017320,P097,IN,56,2026-02-11
M017321,P097,OUT,38,2026-01-21
M017322,P040,OUT,105,2025-12-08
M017323,P056,IN,164,2025-09-30
M017324,P023,OUT,191,2025-07-16
M017325,P026,IN,101,2025-11-10
M017326,P052,IN,17,2026-03-09
M017327,P074,OUT,51,2025-04-17
M017328,P079,IN,18,2025-10-05
M017329,P082,IN,20,2025-10-09
M017330,P036,OUT,189,2025-07-01
M017331,P065,OUT,190,2025-07-19
M017332,P083,OUT,174,2025-05-29
M017333,P081,IN,56,2026-02-04
M017334,P007,OUT,129,2025-10-13
M017335,P049,IN,116,2025-07-18
M017336,P089,IN,55,2025-03-26
M017337,P078,IN,184,2025-08-01
M017338,P015,IN,1,2025-03-12
M017339,P055,IN,53,2025-08-01
M017340,P011,IN,151,2025-10-24
M017341,P087,IN,58,2025-08-09
M017342,P087,IN,89,2026-02-04
M017343,P068,IN,19,2025-06-01
M017344,P069,IN,37,2025-04-18
M017345,P098,IN,31,2025-12-30
M017346,P078,IN,126,2025-05-21
M017347,P067,OUT,35,2026-01-14
M017348,P072,IN,89,2026-01-25
M017349,P085,OUT,164,2025-07-05
M017350,P028,IN,74,2025-08-27
M017351,P075,OUT,92,2025-07-26
M017352,P061,IN,88,2025-03-22
M017353,P099,IN,127,2025-12-13
M017354,P038,OUT,57,2025-10-23
M017355,P008,IN,30,2025-08-19
M017356,P041,IN,61,2025-04-02
M017357,P067,IN,141,2025-11-08
M017358,P014,OUT,15,2025-12-26
M017359,P094,OUT,196,2025-12-02
M017360,P049,OUT,197,2025-11-23
M017361,P062,OUT,95,2025-10-01
M017362,P093,IN,24,2025-11-30
M017363,P025,OUT,65,2025-05-31
M017364,P070,IN,136,2026-03-06
M017365,P042,OUT,177,2026-02-11
M017366,P055,OUT,106,2025-11-21
M017367,P061,IN,109,2025-11-29
M017368,P069,IN,178,2025-06-21
M017369,P094,IN,35,2025-12-03
M017370,P053,IN,120,2026-03-05
M017371,P034,OUT,80,2025-05-18
M017372,P071,IN,98,2025-09-12
M017373,P091,IN,124,2025-05-05
M017374,P055,OUT,58,2025-10-19
M017375,P014,IN,190,2025-04-26
M017376,P088,OUT,109,2025-03-25
M017377,P081,OUT,102,2025-03-12
M017378,P002,IN,159,2025-06-08
M017379,P061,OUT,200,2025-08-27
M017380,P035,IN,85,2025-10-19
M017381,P070,OUT,91,2025-10-01
M017382,P055,IN,138,2025-04-23
M017383,P072,IN,136,2025-03-14
M017384,P025,OUT,113,2026-02-11
M017385,P069,IN,85,2025-06-20
M017386,P015,IN,39,2026-01-07
M017387,P035,OUT,5,2025-08-29
M017388,P013,IN,175,2025-05-18
M017389,P048,OUT,193,2025-05-14
M017390,P011,OUT,45,2025-06-25
M017391,P006,IN,123,2025-05-07
M017392,P034,IN,83,2026-02-28
M017393,P017,IN,80,2025-09-03
M017394,P059,OUT,95,2025-03-27
M017395,P026,OUT,102,2025-04-05
M017396,P074,IN,75,2025-05-24
M017397,P005,OUT,84,2025-06-18
M017398,P029,OUT,23,2025-04-20
M017399,P069,IN,142,2025-04-11
M017400,P008,IN,11,2025-04-03
M017401,P078,IN,26,2025-05-07
M017402,P082,OUT,189,2025-08-05
M017403,P076,OUT,22,2025-10-18
M017404,P070,IN,112,2026-02-09
M017405,P054,OUT,142,2025-12-09
M017406,P084,OUT,67,2025-12-05
M017407,P019,OUT,175,2026-01-13
M017408,P068,IN,48,2025-08-08
M017409,P032,IN,48,2025-08-29
M017410,P030,IN,128,2025-06-22
M017411,P100,IN,57,2025-07-07
M017412,P009,IN,101,2025-08-05
M017413,P003,IN,190,2026-01-07
M017414,P060,OUT,30,2025-06-13
M017415,P065,IN,125,2026-02-04
M017416,P066,OUT,32,2025-03-12
M017417,P096,IN,191,2025-05-20
M017418,P036,IN,186,2026-02-08
M017419,P047,IN,113,2025-09-29
M017420,P095,OUT,22,2025-06-12
M017421,P016,IN,132,2025-06-17
M017422,P038,IN,107,2025-03-10
M017423,P069,IN,150,2025-05-18
M017424,P006,IN,178,2025-06-08
M017425,P020,IN,33,2026-03-01
M017426,P089,OUT,5,2025-10-04
M017427,P012,OUT,56,2026-03-01
M017428,P093,OUT,56,2025-08-15
M017429,P049,OUT,145,2026-02-26
M017430,P015,OUT,48,2025-04-16
M017431,P032,IN,120,2025-12-13
M017432,P091,OUT,188,2026-01-16
M017433,P060,IN,150,2025-06-05
M017434,P100,IN,115,2026-01-09
M017435,P015,OUT,65,2025-07-04
M017436,P064,OUT,200,2025-08-27
M017437,P082,OUT,58,2026-01-17
M017438,P097,OUT,57,2025-12-18
M017439,P076,IN,64,2026-01-15
M017440,P065,IN,48,2025-11-13
M017441,P040,OUT,41,2025-11-13
M017442,P020,IN,45,2025-10-07
M017443,P014,OUT,46,2025-12-04
M017444,P063,OUT,177,2025-05-30
M017445,P089,IN,135,2025-09-19
M017446,P045,IN,123,2025-03-29
M017447,P058,OUT,18,2025-08-11
M017448,P050,OUT,150,2025-10-07
M017449,P019,IN,81,2026-02-14
M017450,P053,OUT,193,2025-08-23
M017451,P016,OUT,1,2025-07-13
M017452,P046,OUT,44,2025-11-14
M017453,P070,IN,180,2025-11-29
M017454,P010,OUT,97,2025-10-07
M017455,P027,IN,59,2025-04-10
M017456,P021,OUT,123,2025-08-26
M017457,P081,IN,176,2025-06-22
M017458,P079,IN,6,2025-10-08
M017459,P047,IN,44,2025-11-05
M017460,P078,OUT,24,2025-11-17
M017461,P021,OUT,29,2025-12-14
M017462,P024,IN,61,2026-02-06
M017463,P025,OUT,194,2025-08-08
M017464,P017,IN,153,2025-09-25
M017465,P088,IN,174,2026-01-04
M017466,P070,IN,93,2025-11-08
M017467,P095,OUT,184,2025-07-10
M017468,P077,IN,67,2025-06-02
M017469,P020,IN,128,2025-06-12
M017470,P027,OUT,114,2025-07-29
M017471,P084,OUT,135,2025-04-28
M017472,P044,OUT,74,2025-07-18
M017473,P070,OUT,90,2025-12-28
M017474,P088,OUT,6,2025-05-06
M017475,P042,IN,177,2025-03-14
M017476,P062,OUT,164,2025-03-18
M017477,P051,OUT,183,2026-01-17
M017478,P049,OUT,62,2025-10-25
M017479,P091,OUT,148,2025-10-02
M017480,P001,OUT,191,2025-04-02
M017481,P031,OUT,146,2025-12-27
M017482,P046,IN,47,2025-07-11
M017483,P041,OUT,183,2025-07-30
M017484,P027,IN,31,2026-02-09
M017485,P019,IN,55,2025-12-14
M017486,P011,IN,51,2026-02-24
M017487,P046,IN,194,2025-10-16
M017488,P057,IN,103,2025-04-14
M017489,P059,IN,181,2025-07-31
M017490,P030,OUT,61,2025-07-01
M017491,P075,OUT,4,2025-04-08
M017492,P088,IN,37,2025-11-04
M017493,P075,IN,152,2025-06-17
M017494,P001,OUT,91,2025-09-15
M017495,P094,OUT,170,2025-03-18
M017496,P051,IN,50,2025-07-31
M017497,P046,IN,102,2025-06-22
M017498,P100,IN,192,2025-11-03
M017499,P047,IN,195,2025-09-29
M017500,P094,OUT,95,2025-08-13
M017501,P012,IN,185,2025-11-02
M017502,P079,OUT,82,2026-01-01
M017503,P075,OUT,41,2025-11-08
M017504,P086,IN,15,2026-01-03
M017505,P012,IN,161,2025-08-10
M017506,P010,OUT,171,2025-09-09
M017507,P049,OUT,110,2026-02-13
M017508,P046,IN,79,2025-05-26
M017509,P032,OUT,70,2025-11-08
M017510,P083,IN,126,2025-07-22
M017511,P048,OUT,71,2025-05-16
M017512,P026,IN,174,2026-01-09
M017513,P022,IN,165,2025-04-19
M017514,P024,OUT,122,2025-07-03
M017515,P070,IN,177,2026-03-04
M017516,P071,IN,137,2025-04-24
M017517,P013,IN,10,2025-03-17
M017518,P087,IN,100,2026-01-28
M017519,P022,IN,166,2025-09-28
M017520,P007,IN,102,2025-11-02
M017521,P001,OUT,99,2025-09-23
M017522,P022,IN,119,2025-03-18
M017523,P010,OUT,53,2025-10-14
M017524,P031,IN,110,2025-09-26
M017525,P018,OUT,15,2025-08-11
M017526,P036,IN,121,2025-07-06
M017527,P066,IN,6,2025-12-30
M017528,P024,OUT,17,2025-09-05
M017529,P048,IN,186,2025-06-09
M017530,P090,OUT,149,2025-05-17
M017531,P021,OUT,41,2025-12-09
M017532,P006,IN,37,2025-09-24
M017533,P030,IN,128,2026-02-23
M017534,P031,OUT,63,2025-10-20
M017535,P013,OUT,198,2025-04-14
M017536,P100,OUT,109,2025-03-13
M017537,P056,IN,197,2025-04-11
M017538,P083,OUT,70,2026-02-21
M017539,P065,OUT,87,2025-05-09
M017540,P055,OUT,82,2025-07-15
M017541,P032,IN,138,2025-08-30
M017542,P040,OUT,57,2025-10-15
M017543,P076,OUT,80,2025-08-30
M017544,P054,IN,149,2025-03-20
M017545,P080,OUT,151,2025-10-27
M017546,P025,OUT,169,2025-04-25
M017547,P084,IN,164,2025-08-18
M017548,P066,OUT,186,2025-03-23
M017549,P001,IN,97,2025-11-22
M017550,P002,OUT,17,2025-07-01
M017551,P024,IN,138,2025-05-09
M017552,P100,OUT,46,2025-12-23
M017553,P074,OUT,23,2025-12-21
M017554,P036,IN,194,2025-09-10
M017555,P070,IN,58,2025-06-05
M017556,P051,IN,58,2026-01-26
M017557,P100,IN,3,2026-01-12
M017558,P004,IN,37,2025-04-25
M017559,P073,OUT,196,2025-06-14
M017560,P071,IN,200,2025-04-13
M017561,P065,OUT,9,2025-05-20
M017562,P043,OUT,163,2026-01-20
M017563,P028,IN,161,2025-09-01
M017564,P059,IN,131,2025-10-30
M017565,P042,IN,15,2025-11-17
M017566,P013,IN,29,2025-08-31
M017567,P048,IN,103,2025-07-05
M017568,P020,IN,147,2025-12-29
M017569,P026,OUT,87,2025-11-01
M017570,P070,OUT,137,2025-07-07
M017571,P059,OUT,108,2025-09-13
M017572,P016,OUT,185,2026-01-28
M017573,P004,IN,131,2026-02-15
M017574,P011,IN,98,2025-05-19
M017575,P059,OUT,107,2025-12-14
M017576,P100,OUT,70,2025-11-30
M017577,P052,IN,87,2025-09-28
M017578,P099,IN,141,2026-02-27
M017579,P049,IN,191,2025-12-14
M017580,P033,OUT,138,2025-03-22
M017581,P055,IN,175,2025-10-31
M017582,P025,OUT,58,2025-10-03
M017583,P023,OUT,88,2025-11-28
M017584,P035,OUT,64,2025-10-16
M017585,P068,IN,161,2025-11-30
M017586,P035,IN,185,2026-02-12
M017587,P100,OUT,53,2025-05-18
M017588,P045,IN,183,2025-10-06
M017589,P045,OUT,137,2025-06-16
M017590,P097,OUT,96,2025-11-27
M017591,P079,OUT,127,2025-11-23
M017592,P009,IN,42,2025-10-22
M017593,P089,OUT,65,2025-09-20
M017594,P002,OUT,176,2026-01-02
M017595,P078,IN,143,2025-08-21
M017596,P005,OUT,162,2026-01-01
M017597,P019,IN,37,2025-06-03
M017598,P015,OUT,110,2025-12-04
M017599,P070,OUT,33,2025-04-02
M017600,P001,OUT,200,2026-02-10
M017601,P054,OUT,23,2025-04-16
M017602,P046,OUT,180,2026-02-12
M017603,P030,IN,183,2026-02-16
M017604,P071,OUT,102,2025-07-06
M017605,P003,IN,155,2026-01-11
M017606,P061,IN,88,2025-07-28
M017607,P053,OUT,88,2025-07-26
M017608,P022,OUT,188,2025-12-21
M017609,P004,IN,72,2025-04-29
M017610,P090,OUT,198,2025-11-27
M017611,P055,OUT,142,2025-09-15
M017612,P052,IN,73,2025-12-13
M017613,P091,OUT,138,2026-01-11
M017614,P077,OUT,27,2025-04-09
M017615,P026,IN,101,2025-07-25
M017616,P005,OUT,83,2025-03-13
M017617,P049,IN,72,2025-04-17
M017618,P005,IN,123,2026-02-21
M017619,P071,OUT,33,2025-07-13
M017620,P026,OUT,109,2025-06-06
M017621,P040,IN,66,2025-03-15
M017622,P094,IN,26,2025-09-12
M017623,P058,IN,151,2025-09-16
M017624,P087,OUT,12,2026-02-05
M017625,P016,IN,17,2025-11-02
M017626,P010,OUT,193,2025-10-21
M017627,P003,IN,129,2025-05-19
M017628,P008,IN,142,2025-05-15
M017629,P060,IN,101,2025-07-04
M017630,P098,OUT,132,2025-04-18
M017631,P038,IN,180,2025-07-03
M017632,P058,OUT,134,2025-12-15
M017633,P041,OUT,187,2025-12-10
M017634,P048,IN,77,2025-10-26
M017635,P091,OUT,194,2025-12-23
M017636,P064,OUT,108,2025-11-21
M017637,P052,OUT,52,2025-11-05
M017638,P049,OUT,152,2025-05-20
M017639,P062,IN,76,2025-04-03
M017640,P019,OUT,95,2025-11-29
M017641,P016,IN,41,2026-02-22
M017642,P027,OUT,84,2025-10-11
M017643,P062,OUT,9,2025-06-18
M017644,P099,OUT,72,2025-03-30
M017645,P039,IN,161,2025-09-27
M017646,P014,OUT,186,2025-07-06
M017647,P041,OUT,120,2025-05-31
M017648,P070,OUT,169,2025-06-09
M017649,P024,IN,164,2025-07-04
M017650,P028,OUT,31,2026-03-02
M017651,P072,IN,134,2025-06-09
M017652,P062,IN,186,2025-10-19
M017653,P017,OUT,170,2026-02-02
M017654,P035,IN,116,2025-03-30
M017655,P061,OUT,69,2026-02-21
M017656,P043,OUT,120,2025-12-08
M017657,P077,OUT,31,2025-11-14
M017658,P069,IN,180,2025-10-20
M017659,P070,IN,133,2026-01-11
M017660,P048,IN,80,2026-01-30
M017661,P057,IN,63,2025-07-09
M017662,P020,OUT,50,2026-01-29
M017663,P095,OUT,88,2025-08-25
M017664,P003,OUT,175,2025-09-24
M017665,P040,IN,91,2025-04-22
M017666,P018,IN,200,2025-09-14
M017667,P007,OUT,169,2025-12-29
M017668,P011,IN,101,2025-11-24
M017669,P006,OUT,195,2026-01-17
M017670,P006,OUT,47,2025-10-19
M017671,P035,OUT,126,2025-09-18
M017672,P047,OUT,37,2025-07-26
M017673,P046,OUT,60,2025-05-22
M017674,P061,IN,55,2025-10-01
M017675,P013,IN,144,2025-12-12
M017676,P082,IN,63,2025-08-19
M017677,P027,IN,136,2025-09-05
M017678,P073,IN,198,2025-07-23
M017679,P014,IN,183,2026-01-20
M017680,P010,OUT,139,2026-01-30
M017681,P093,OUT,93,2026-02-17
M017682,P041,OUT,154,2025-11-26
M017683,P002,IN,63,2026-01-15
M017684,P035,OUT,3,2026-02-02
M017685,P045,OUT,136,2025-09-02
M017686,P018,IN,130,2025-04-21
M017687,P089,OUT,126,2026-02-04
M017688,P006,OUT,24,2025-12-07
M017689,P047,IN,97,2025-06-04
M017690,P099,OUT,193,2025-06-06
M017691,P078,IN,134,2026-02-09
M017692,P004,IN,175,2026-02-07
M017693,P096,OUT,165,2025-10-19
M017694,P057,OUT,17,2026-02-04
M017695,P073,IN,150,2025-08-20
M017696,P044,OUT,56,2025-04-09
M017697,P091,OUT,38,2025-05-12
M017698,P014,IN,17,2025-06-10
M017699,P029,IN,95,2026-02-22
M017700,P094,OUT,167,2025-12-07
M017701,P011,IN,106,2025-04-13
M017702,P078,IN,168,2025-12-16
M017703,P029,IN,6,2025-10-21
M017704,P040,IN,40,2025-05-01
M017705,P045,IN,108,2025-07-16
M017706,P040,IN,73,2025-08-16
M017707,P064,OUT,193,2025-05-11
M017708,P098,OUT,83,2025-09-14
M017709,P088,OUT,160,2025-04-08
M017710,P023,IN,95,2025-09-28
M017711,P084,OUT,194,2026-03-06
M017712,P002,IN,148,2025-09-16
M017713,P014,IN,197,2025-07-21
M017714,P095,IN,18,2025-06-30
M017715,P039,IN,37,2025-12-26
M017716,P047,IN,179,2025-08-06
M017717,P002,IN,54,2025-11-24
M017718,P015,IN,21,2025-10-07
M017719,P073,OUT,100,2025-12-23
M017720,P017,IN,116,2025-09-11
M017721,P031,OUT,106,2025-06-03
M017722,P030,OUT,60,2025-06-19
M017723,P056,OUT,182,2025-07-28
M017724,P061,OUT,179,2025-06-23
M017725,P099,OUT,37,2026-02-25
M017726,P051,OUT,175,2025-03-22
M017727,P083,OUT,10,2025-09-04
M017728,P099,OUT,193,2025-08-30
M017729,P091,OUT,29,2026-01-15
M017730,P062,OUT,58,2025-11-17
M017731,P008,IN,11,2025-08-20
M017732,P014,OUT,140,2025-03-10
M017733,P065,IN,73,2025-07-04
M017734,P073,IN,66,2025-12-30
M017735,P099,IN,55,2025-12-08
M017736,P047,IN,36,2025-12-19
M017737,P009,OUT,143,2025-05-25
M017738,P069,IN,149,2025-09-24
M017739,P055,IN,21,2025-09-21
M017740,P026,OUT,112,2025-12-17
M017741,P093,IN,180,2025-12-26
M017742,P045,OUT,121,2025-11-04
M017743,P065,OUT,129,2025-06-23
M017744,P032,IN,78,2025-06-24
M017745,P053,OUT,165,2026-01-08
M017746,P035,IN,159,2025-03-27
M017747,P002,IN,35,2026-02-24
M017748,P046,IN,8,2025-09-29
M017749,P037,IN,55,2025-08-22
M017750,P063,OUT,57,2025-07-08
M017751,P073,OUT,13,2025-06-12
M017752,P058,IN,98,2025-03-22
M017753,P020,OUT,18,2025-03-25
M017754,P030,OUT,50,2025-06-23
M017755,P025,IN,167,2025-08-19
M017756,P014,IN,1,2025-10-04
M017757,P062,IN,127,2025-08-20
M017758,P096,IN,169,2025-11-03
M017759,P091,IN,196,2025-10-15
M017760,P057,OUT,4,2025-05-19
M017761,P040,IN,22,2025-07-22
M017762,P012,OUT,160,2025-11-27
M017763,P063,OUT,136,2025-04-03
M017764,P072,OUT,28,2025-05-23
M017765,P003,IN,188,2025-03-28
M017766,P056,IN,162,2025-09-26
M017767,P046,IN,59,2025-08-18
M017768,P054,OUT,101,2025-03-21
M017769,P003,IN,175,2025-06-01
M017770,P062,OUT,23,2025-06-24
M017771,P095,OUT,81,2025-12-10
M017772,P065,IN,123,2026-02-15
M017773,P093,OUT,108,2025-10-20
M017774,P099,IN,113,2025-04-24
M017775,P097,IN,53,2025-07-15
M017776,P082,OUT,185,2025-06-22
M017777,P025,IN,184,2025-11-08
M017778,P009,OUT,33,2025-04-01
M017779,P017,OUT,65,2025-04-19
M017780,P075,OUT,116,2025-03-13
M017781,P066,OUT,56,2025-05-28
M017782,P027,OUT,132,2025-12-11
M017783,P096,IN,86,2025-10-05
M017784,P040,IN,67,2025-08-18
M017785,P031,OUT,47,2026-02-14
M017786,P007,IN,2,2025-09-25
M017787,P047,IN,181,2026-01-11
M017788,P011,OUT,54,2026-01-28
M017789,P040,IN,126,2026-02-06
M017790,P075,OUT,46,2025-08-03
M017791,P023,IN,37,2025-06-01
M017792,P052,OUT,1,2025-10-07
M017793,P032,IN,93,2026-01-29
M017794,P022,IN,159,2025-04-24
M017795,P076,OUT,93,2025-06-03
M017796,P060,OUT,191,2025-03-27
M017797,P006,OUT,155,2025-05-30
M017798,P079,OUT,171,2025-05-27
M017799,P020,OUT,176,2025-11-10
M017800,P071,OUT,19,2025-10-10
M017801,P038,OUT,24,2025-05-14
M017802,P028,IN,64,2025-10-28
M017803,P004,OUT,120,2025-10-11
M017804,P017,OUT,21,2026-01-31
M017805,P034,IN,101,2025-10-28
M017806,P051,IN,104,2025-07-14
M017807,P022,IN,103,2025-03-22
M017808,P046,OUT,139,2026-02-20
M017809,P081,OUT,154,2025-08-10
M017810,P040,OUT,77,2025-11-01
M017811,P097,IN,44,2025-03-27
M017812,P043,OUT,139,2025-05-25
M017813,P012,OUT,143,2025-07-23
M017814,P058,IN,72,2025-10-28
M017815,P065,OUT,11,2025-07-21
M017816,P065,OUT,19,2025-05-14
M017817,P087,IN,115,2025-11-14
M017818,P037,IN,118,2026-02-01
M017819,P017,IN,182,2025-12-11
M017820,P045,IN,171,2025-11-13
M017821,P083,OUT,81,2025-05-19
M017822,P033,OUT,86,2025-10-03
M017823,P033,OUT,115,2025-03-24
M017824,P018,IN,166,2025-03-29
M017825,P063,IN,95,2025-08-05
M017826,P097,OUT,34,2025-10-29
M017827,P020,IN,9,2025-10-06
M017828,P049,IN,64,2026-01-06
M017829,P074,OUT,18,2025-03-15
M017830,P020,OUT,178,2025-03-24
M017831,P058,IN,109,2026-02-02
M017832,P034,IN,174,2025-11-18
M017833,P012,IN,150,2025-03-25
M017834,P005,IN,46,2025-06-17
M017835,P028,IN,112,2025-05-10
M017836,P047,OUT,145,2026-01-07
M017837,P092,IN,49,2025-12-13
M017838,P083,IN,3,2026-03-06
M017839,P060,IN,50,2025-04-01
M017840,P019,IN,157,2025-12-17
M017841,P003,OUT,98,2026-02-27
M017842,P047,IN,185,2025-12-08
M017843,P077,OUT,143,2025-05-04
M017844,P099,IN,133,2025-05-18
M017845,P097,IN,138,2025-04-10
M017846,P008,OUT,185,2025-07-29
M017847,P095,OUT,85,2025-11-22
M017848,P074,IN,8,2026-01-23
M017849,P020,IN,143,2025-08-07
M017850,P066,OUT,13,2025-10-27
M017851,P066,IN,100,2025-09-12
M017852,P038,IN,5,2025-03-10
M017853,P031,IN,194,2025-10-15
M017854,P054,OUT,44,2025-06-16
M017855,P046,IN,107,2025-10-20
M017856,P088,IN,132,2025-12-31
M017857,P045,OUT,41,2026-02-20
M017858,P036,IN,55,2025-05-28
M017859,P067,OUT,57,2025-11-24
M017860,P034,OUT,183,2025-08-29
M017861,P032,OUT,67,2025-06-07
M017862,P096,OUT,73,2026-02-04
M017863,P042,OUT,127,2025-11-29
M017864,P042,OUT,3,2025-04-08
M017865,P022,IN,154,2025-06-04
M017866,P017,IN,2,2025-07-22
M017867,P086,OUT,134,2025-08-14
M017868,P038,IN,139,2026-02-20
M017869,P074,OUT,130,2026-03-03
M017870,P029,IN,91,2025-12-04
M017871,P043,OUT,46,2025-05-21
M017872,P004,OUT,59,2025-11-03
M017873,P009,OUT,118,2026-01-30
M017874,P054,IN,113,2025-10-10
M017875,P051,IN,95,2025-12-18
M017876,P051,IN,151,2025-03-31
M017877,P014,IN,184,2025-06-08
M017878,P019,IN,47,2025-11-07
M017879,P042,IN,193,2025-09-30
M017880,P029,OUT,69,2025-04-23
M017881,P004,IN,193,2025-10-12
M017882,P001,OUT,54,2025-03-26
M017883,P064,IN,170,2025-09-22
M017884,P065,OUT,98,2025-08-01
M017885,P045,IN,200,2025-09-06
M017886,P080,OUT,28,2025-03-29
M017887,P037,OUT,198,2025-04-27
M017888,P037,OUT,36,2026-01-07
M017889,P032,OUT,6,2025-06-26
M017890,P069,IN,162,2026-03-07
M017891,P083,IN,104,2025-11-07
M017892,P053,IN,142,2025-10-28
M017893,P079,IN,113,2026-02-19
M017894,P001,IN,57,2025-05-25
M017895,P074,OUT,136,2025-10-30
M017896,P073,OUT,97,2025-08-01
M017897,P056,OUT,126,2025-08-26
M017898,P038,IN,50,2025-03-19
M017899,P074,IN,20,2026-03-07
M017900,P065,OUT,18,2026-02-13
M017901,P078,OUT,86,2025-05-27
M017902,P037,OUT,46,2025-10-08
M017903,P024,IN,109,2025-04-05
M017904,P084,IN,157,2026-01-27
M017905,P016,IN,187,2026-01-21
M017906,P026,IN,82,2025-11-03
M017907,P003,IN,37,2025-04-07
M017908,P058,IN,142,2025-12-09
M017909,P057,IN,111,2026-01-13
M017910,P023,IN,126,2025-11-06
M017911,P100,OUT,143,2025-05-31
M017912,P074,IN,13,2025-04-06
M017913,P003,OUT,114,2025-09-09
M017914,P100,OUT,154,2025-10-21
M017915,P035,IN,192,2025-07-06
M017916,P032,OUT,133,2025-11-10
M017917,P003,OUT,141,2025-05-09
M017918,P060,OUT,167,2025-04-28
M017919,P023,IN,91,2025-12-08
M017920,P021,OUT,191,2025-06-25
M017921,P078,OUT,54,2025-05-06
M017922,P084,IN,129,2025-08-02
M017923,P070,OUT,87,2025-03-29
M017924,P100,IN,176,2025-07-15
M017925,P015,OUT,1,2025-04-19
M017926,P058,OUT,133,2025-11-27
M017927,P040,IN,37,2025-06-07
M017928,P086,IN,142,2025-09-04
M017929,P066,IN,87,2025-11-07
M017930,P012,IN,12,2025-07-11
M017931,P094,OUT,19,2025-05-10
M017932,P025,OUT,181,2025-11-10
M017933,P060,OUT,23,2025-12-16
M017934,P001,IN,77,2025-04-13
M017935,P097,OUT,31,2025-07-11
M017936,P004,OUT,52,2025-07-27
M017937,P052,OUT,149,2025-11-09
M017938,P009,OUT,91,2025-07-01
M017939,P037,IN,150,2025-05-01
M017940,P068,OUT,115,2026-02-03
M017941,P100,IN,92,2025-04-14
M017942,P087,IN,44,2026-01-09
M017943,P044,OUT,156,2025-07-06
M017944,P053,OUT,70,2025-07-13
M017945,P037,IN,131,2025-03-13
M017946,P082,IN,7,2026-03-05
M017947,P009,IN,117,2025-06-20
M017948,P011,OUT,28,2025-10-17
M017949,P005,OUT,150,2026-01-01
M017950,P053,OUT,46,2025-11-28
M017951,P026,OUT,112,2025-07-22
M017952,P036,OUT,56,2025-12-02
M017953,P052,OUT,67,2025-12-23
M017954,P011,OUT,190,2025-12-19
M017955,P062,IN,144,2025-11-07
M017956,P071,OUT,200,2025-04-03
M017957,P097,OUT,54,2026-02-21
M017958,P047,IN,65,2026-01-19
M017959,P058,IN,56,2026-01-06
M017960,P019,OUT,132,2026-01-24
M017961,P010,IN,90,2025-12-28
M017962,P026,IN,56,2025-11-19
M017963,P099,IN,132,2025-06-01
M017964,P005,IN,167,2025-05-26
M017965,P012,IN,152,2025-04-02
M017966,P056,OUT,49,2025-10-10
M017967,P082,IN,56,2025-12-22
M017968,P087,IN,193,2025-07-17
M017969,P021,OUT,25,2025-03-18
M017970,P081,IN,61,2025-05-11
M017971,P081,IN,43,2025-10-10
M017972,P048,IN,104,2025-12-03
M017973,P012,IN,46,2025-10-16
M017974,P052,OUT,93,2026-02-18
M017975,P019,IN,68,2025-03-27
M017976,P035,IN,186,2025-05-13
M017977,P087,IN,69,2025-10-14
M017978,P021,IN,184,2025-08-06
M017979,P089,OUT,150,2025-03-19
M017980,P019,IN,158,2025-12-27
M017981,P036,OUT,48,2025-04-08
M017982,P056,OUT,118,2026-01-25
M017983,P029,IN,190,2025-08-31
M017984,P052,OUT,15,2025-11-01
M017985,P049,IN,27,2025-09-02
M017986,P043,IN,53,2025-05-01
M017987,P038,OUT,108,2026-01-22
M017988,P088,IN,186,2025-09-06
M017989,P078,IN,126,2025-08-18
M017990,P043,OUT,96,2025-10-15
M017991,P081,OUT,60,2025-11-13
M017992,P069,IN,37,2025-06-06
M017993,P047,OUT,23,2025-05-16
M017994,P049,OUT,124,2025-04-30
M017995,P042,IN,166,2026-01-18
M017996,P038,OUT,183,2025-11-01
M017997,P042,IN,131,2026-02-08
M017998,P097,IN,152,2025-12-27
M017999,P040,OUT,42,2025-08-06
M018000,P013,OUT,140,2025-12-30
M018001,P061,OUT,152,2025-08-05
M018002,P088,IN,107,2025-12-10
M018003,P086,IN,49,2025-08-15
M018004,P032,OUT,186,2025-07-03
M018005,P012,IN,2,2025-11-29
M018006,P016,OUT,38,2025-05-13
M018007,P031,IN,115,2025-07-08
M018008,P099,OUT,70,2025-08-24
M018009,P096,IN,3,2025-07-26
M018010,P059,OUT,160,2026-02-18
M018011,P072,OUT,165,2026-01-17
M018012,P085,OUT,163,2025-07-10
M018013,P033,OUT,141,2025-05-09
M018014,P098,OUT,172,2025-09-24
M018015,P067,OUT,128,2025-10-31
M018016,P087,IN,53,2025-08-10
M018017,P095,OUT,149,2025-10-08
M018018,P004,OUT,13,2026-02-28
M018019,P044,IN,187,2025-04-26
M018020,P079,IN,199,2025-09-02
M018021,P006,IN,110,2025-10-08
M018022,P075,IN,13,2025-08-10
M018023,P046,IN,140,2025-08-25
M018024,P017,IN,19,2025-08-08
M018025,P038,IN,92,2025-05-02
M018026,P067,OUT,7,2025-04-01
M018027,P064,IN,169,2025-04-04
M018028,P071,OUT,124,2025-10-02
M018029,P096,OUT,183,2025-06-12
M018030,P079,IN,91,2025-05-22
M018031,P072,IN,60,2025-07-15
M018032,P061,IN,40,2025-05-08
M018033,P091,OUT,160,2025-05-28
M018034,P063,IN,21,2025-07-20
M018035,P060,OUT,125,2025-04-13
M018036,P078,IN,169,2025-07-07
M018037,P024,OUT,46,2025-05-30
M018038,P098,IN,33,2025-11-11
M018039,P091,IN,48,2025-05-18
M018040,P062,OUT,136,2025-10-19
M018041,P056,OUT,140,2026-01-25
M018042,P025,OUT,165,2025-10-25
M018043,P069,OUT,174,2026-01-12
M018044,P028,IN,11,2025-03-22
M018045,P035,IN,151,2025-07-26
M018046,P018,OUT,114,2025-06-18
M018047,P058,IN,25,2025-03-25
M018048,P080,OUT,145,2026-01-26
M018049,P100,IN,190,2025-08-16
M018050,P002,IN,20,2025-09-06
M018051,P050,IN,51,2025-12-23
M018052,P038,OUT,90,2025-04-01
M018053,P072,OUT,4,2026-02-18
M018054,P066,OUT,123,2025-06-17
M018055,P051,IN,152,2025-11-26
M018056,P007,IN,85,2026-02-09
M018057,P010,OUT,30,2026-01-21
M018058,P077,OUT,124,2025-12-01
M018059,P014,IN,121,2025-06-08
M018060,P068,OUT,189,2025-03-19
M018061,P063,OUT,90,2025-06-17
M018062,P011,OUT,157,2025-04-22
M018063,P081,IN,57,2025-10-27
M018064,P060,IN,146,2025-05-12
M018065,P050,IN,119,2025-07-05
M018066,P019,IN,166,2025-07-26
M018067,P068,OUT,77,2025-12-06
M018068,P036,OUT,118,2025-04-09
M018069,P047,OUT,76,2025-06-17
M018070,P048,OUT,155,2025-11-25
M018071,P038,IN,50,2026-01-24
M018072,P046,OUT,32,2025-11-23
M018073,P024,OUT,154,2025-07-28
M018074,P066,OUT,121,2025-10-17
M018075,P024,IN,32,2025-05-26
M018076,P079,OUT,120,2025-11-09
M018077,P024,IN,187,2025-03-16
M018078,P074,OUT,47,2025-06-23
M018079,P030,OUT,144,2025-12-30
M018080,P081,IN,156,2025-11-14
M018081,P058,IN,196,2025-07-26
M018082,P024,IN,165,2025-06-04
M018083,P098,IN,172,2025-05-10
M018084,P044,IN,80,2025-07-17
M018085,P048,IN,95,2026-02-15
M018086,P059,OUT,79,2025-12-27
M018087,P025,OUT,125,2025-11-12
M018088,P029,OUT,43,2025-05-05
M018089,P060,OUT,42,2025-08-04
M018090,P086,IN,157,2025-09-15
M018091,P030,IN,96,2025-03-31
M018092,P057,IN,99,2025-09-04
M018093,P026,OUT,75,2025-04-11
M018094,P023,OUT,113,2025-04-29
M018095,P074,IN,80,2025-03-30
M018096,P055,OUT,178,2026-01-09
M018097,P044,IN,25,2025-06-11
M018098,P001,IN,37,2025-10-20
M018099,P071,OUT,15,2025-11-17
M018100,P069,IN,53,2025-10-26
M018101,P090,OUT,128,2025-07-20
M018102,P002,IN,100,2025-12-04
M018103,P088,IN,18,2025-10-10
M018104,P009,OUT,28,2025-12-16
M018105,P099,OUT,42,2025-11-15
M018106,P088,IN,163,2025-05-16
M018107,P079,OUT,3,2025-12-26
M018108,P028,IN,121,2026-01-27
M018109,P029,IN,187,2025-06-04
M018110,P077,IN,168,2026-01-23
M018111,P001,OUT,111,2025-06-20
M018112,P051,OUT,94,2025-09-26
M018113,P070,OUT,123,2025-06-25
M018114,P032,IN,173,2025-09-19
M018115,P010,OUT,178,2025-06-14
M018116,P086,IN,48,2025-07-10
M018117,P066,OUT,42,2025-09-08
M018118,P098,IN,11,2025-04-06
M018119,P028,OUT,26,2025-04-01
M018120,P066,IN,58,2025-11-19
M018121,P023,IN,86,2026-02-09
M018122,P056,OUT,107,2025-07-20
M018123,P094,OUT,43,2026-01-14
M018124,P001,OUT,58,2025-04-03
M018125,P002,OUT,53,2025-07-09
M018126,P022,OUT,197,2025-09-22
M018127,P056,OUT,165,2025-12-17
M018128,P028,IN,185,2025-07-17
M018129,P060,IN,194,2025-12-22
M018130,P025,IN,183,2025-09-11
M018131,P060,OUT,48,2025-03-28
M018132,P013,OUT,103,2025-11-09
M018133,P028,IN,189,2026-02-11
M018134,P004,IN,192,2026-02-06
M018135,P028,IN,33,2026-02-04
M018136,P078,OUT,12,2025-05-19
M018137,P018,IN,58,2025-08-19
M018138,P055,IN,134,2025-05-16
M018139,P003,OUT,30,2025-12-18
M018140,P066,IN,7,2025-11-23
M018141,P032,IN,175,2025-10-16
M018142,P062,OUT,116,2026-02-18
M018143,P053,OUT,151,2026-03-08
M018144,P042,OUT,78,2026-01-27
M018145,P083,IN,193,2025-07-07
M018146,P050,IN,165,2025-05-17
M018147,P062,OUT,92,2025-07-06
M018148,P034,OUT,118,2025-07-02
M018149,P010,IN,3,2026-03-01
M018150,P031,OUT,85,2025-12-03
M018151,P048,OUT,124,2025-08-22
M018152,P009,IN,32,2026-01-16
M018153,P028,IN,188,2025-11-20
M018154,P012,OUT,28,2025-11-18
M018155,P047,OUT,9,2025-09-11
M018156,P012,OUT,197,2026-01-14
M018157,P006,IN,50,2025-08-31
M018158,P079,OUT,196,2025-10-24
M018159,P011,IN,78,2025-07-02
M018160,P069,IN,200,2025-11-19
M018161,P003,OUT,30,2026-01-04
M018162,P005,OUT,47,2025-04-29
M018163,P018,IN,159,2025-09-17
M018164,P047,IN,119,2025-12-15
M018165,P056,OUT,133,2025-07-23
M018166,P060,IN,24,2025-10-17
M018167,P082,IN,174,2025-03-27
M018168,P070,OUT,165,2025-05-19
M018169,P077,OUT,77,2025-07-22
M018170,P097,OUT,71,2025-07-28
M018171,P094,OUT,151,2025-04-26
M018172,P062,IN,105,2025-11-29
M018173,P097,OUT,158,2026-01-05
M018174,P075,IN,93,2025-05-31
M018175,P017,IN,100,2025-11-18
M018176,P063,IN,67,2025-12-07
M018177,P096,IN,154,2026-01-21
M018178,P048,OUT,64,2026-02-06
M018179,P062,OUT,106,2025-06-05
M018180,P045,OUT,152,2025-11-30
M018181,P097,OUT,36,2026-02-27
M018182,P002,IN,94,2025-08-30
M018183,P040,IN,60,2025-11-17
M018184,P053,IN,150,2025-11-21
M018185,P062,IN,169,2026-01-20
M018186,P019,OUT,83,2025-04-30
M018187,P090,IN,90,2025-04-25
M018188,P022,IN,57,2025-10-15
M018189,P001,OUT,107,2026-01-09
M018190,P025,OUT,53,2025-10-12
M018191,P100,OUT,152,2025-11-26
M018192,P089,IN,141,2025-06-25
M018193,P004,IN,5,2025-05-04
M018194,P084,OUT,161,2025-09-02
M018195,P010,OUT,26,2025-08-21
M018196,P019,IN,64,2025-07-19
M018197,P040,IN,88,2026-02-23
M018198,P002,OUT,153,2025-05-21
M018199,P041,OUT,138,2025-03-24
M018200,P017,IN,69,2025-05-08
M018201,P073,IN,65,2025-07-25
M018202,P047,OUT,144,2025-05-12
M018203,P061,IN,83,2025-07-06
M018204,P044,IN,147,2025-09-27
M018205,P033,IN,198,2025-11-23
M018206,P026,IN,63,2025-09-11
M018207,P001,IN,196,2025-07-16
M018208,P025,IN,102,2025-06-17
M018209,P044,IN,2,2025-09-09
M018210,P027,IN,20,2025-10-11
M018211,P028,OUT,181,2025-10-13
M018212,P079,OUT,30,2025-06-23
M018213,P018,IN,52,2025-04-03
M018214,P072,IN,86,2026-03-02
M018215,P061,OUT,10,2025-05-19
M018216,P020,IN,77,2026-02-21
M018217,P066,OUT,197,2025-06-28
M018218,P072,IN,28,2025-08-24
M018219,P058,OUT,135,2025-03-21
M018220,P085,IN,182,2025-09-08
M018221,P051,IN,73,2025-12-11
M018222,P090,OUT,192,2025-07-25
M018223,P032,IN,195,2025-09-15
M018224,P013,IN,66,2025-07-22
M018225,P069,IN,77,2025-04-19
M018226,P093,OUT,150,2026-03-02
M018227,P072,IN,132,2026-02-02
M018228,P004,IN,50,2025-07-07
M018229,P036,OUT,170,2026-01-15
M018230,P033,OUT,138,2025-11-01
M018231,P089,IN,127,2025-09-19
M018232,P020,IN,134,2025-08-19
M018233,P064,OUT,79,2025-05-11
M018234,P080,OUT,60,2025-07-25
M018235,P098,IN,144,2025-12-30
M018236,P053,IN,42,2025-06-08
M018237,P044,IN,172,2025-11-24
M018238,P065,IN,117,2026-01-13
M018239,P017,OUT,80,2025-11-02
M018240,P014,OUT,48,2026-02-23
M018241,P037,IN,19,2025-05-22
M018242,P066,IN,175,2025-07-26
M018243,P014,OUT,40,2025-04-12
M018244,P024,OUT,170,2026-01-14
M018245,P084,OUT,30,2025-12-05
M018246,P043,IN,87,2026-02-11
M018247,P052,IN,10,2025-12-10
M018248,P026,OUT,15,2025-09-18
M018249,P095,OUT,60,2025-04-26
M018250,P022,OUT,16,2025-06-01
M018251,P023,IN,79,2025-05-04
M018252,P062,IN,32,2025-06-11
M018253,P028,IN,196,2025-05-24
M018254,P096,OUT,24,2025-11-26
M018255,P089,OUT,76,2026-01-01
M018256,P088,IN,183,2026-03-04
M018257,P081,OUT,54,2026-03-02
M018258,P062,IN,52,2025-05-14
M018259,P014,OUT,52,2025-03-09
M018260,P054,IN,123,2025-04-02
M018261,P047,IN,77,2025-05-18
M018262,P099,IN,179,2025-12-11
M018263,P088,OUT,92,2025-05-10
M018264,P075,OUT,49,2025-07-09
M018265,P017,IN,129,2025-09-24
M018266,P064,IN,35,2025-05-17
M018267,P008,IN,75,2025-05-23
M018268,P096,OUT,165,2025-11-16
M018269,P075,IN,131,2025-07-16
M018270,P056,IN,79,2025-05-18
M018271,P058,IN,158,2026-02-24
M018272,P084,OUT,48,2025-07-12
M018273,P032,IN,144,2025-07-23
M018274,P096,IN,61,2025-10-23
M018275,P077,OUT,120,2026-02-28
M018276,P058,OUT,85,2025-06-23
M018277,P029,IN,31,2025-12-07
M018278,P004,IN,104,2025-05-25
M018279,P045,OUT,159,2025-03-28
M018280,P011,OUT,146,2025-11-20
M018281,P069,IN,102,2025-11-09
M018282,P069,OUT,47,2025-04-20
M018283,P086,IN,107,2025-06-08
M018284,P004,OUT,115,2025-12-19
M018285,P012,IN,82,2025-05-21
M018286,P097,OUT,191,2025-09-08
M018287,P086,IN,52,2025-08-29
M018288,P011,IN,72,2025-05-03
M018289,P048,IN,114,2025-04-22
M018290,P072,IN,120,2026-02-21
M018291,P022,IN,158,2025-11-17
M018292,P096,OUT,162,2026-02-11
M018293,P002,IN,144,2025-11-02
M018294,P079,IN,134,2025-09-03
M018295,P041,IN,72,2025-04-11
M018296,P018,OUT,97,2025-10-30
M018297,P081,IN,1,2025-09-23
M018298,P053,OUT,51,2025-09-16
M018299,P034,OUT,54,2025-09-17
M018300,P019,OUT,17,2026-01-07
M018301,P085,OUT,118,2025-08-28
M018302,P086,IN,100,2025-09-14
M018303,P040,OUT,118,2025-12-06
M018304,P043,OUT,61,2025-04-13
M018305,P046,IN,76,2025-03-09
M018306,P077,OUT,58,2025-09-24
M018307,P072,IN,106,2025-10-11
M018308,P078,OUT,46,2025-09-11
M018309,P045,OUT,151,2025-05-19
M018310,P076,OUT,70,2025-10-13
M018311,P094,IN,21,2025-08-11
M018312,P079,OUT,184,2026-02-12
M018313,P067,OUT,192,2025-12-21
M018314,P043,OUT,196,2025-07-03
M018315,P043,OUT,194,2025-03-24
M018316,P025,OUT,199,2025-04-02
M018317,P056,OUT,91,2026-02-15
M018318,P014,IN,16,2025-10-26
M018319,P014,IN,3,2026-03-02
M018320,P059,OUT,134,2025-08-11
M018321,P098,OUT,11,2025-11-15
M018322,P031,IN,108,2025-05-08
M018323,P088,OUT,177,2025-04-10
M018324,P052,IN,189,2025-04-21
M018325,P041,IN,84,2025-06-19
M018326,P048,IN,18,2025-06-12
M018327,P036,IN,47,2025-11-14
M018328,P093,OUT,89,2025-07-07
M018329,P006,IN,122,2025-04-03
M018330,P093,OUT,40,2025-09-11
M018331,P025,IN,83,2025-09-03
M018332,P095,OUT,79,2025-12-19
M018333,P028,OUT,149,2025-07-17
M018334,P019,OUT,182,2025-09-16
M018335,P029,OUT,170,2025-09-03
M018336,P001,IN,168,2025-09-11
M018337,P084,IN,131,2025-12-05
M018338,P090,OUT,137,2026-03-05
M018339,P076,OUT,105,2025-11-17
M018340,P051,IN,176,2025-03-12
M018341,P061,OUT,126,2026-02-03
M018342,P093,OUT,59,2025-08-20
M018343,P054,OUT,91,2026-01-20
M018344,P036,OUT,70,2026-01-21
M018345,P090,OUT,83,2025-03-29
M018346,P069,IN,172,2025-08-23
M018347,P100,OUT,110,2025-04-07
M018348,P001,IN,73,2025-10-27
M018349,P016,IN,1,2025-11-29
M018350,P039,IN,22,2026-01-03
M018351,P040,IN,129,2025-08-01
M018352,P089,OUT,34,2025-07-21
M018353,P095,OUT,92,2025-04-26
M018354,P034,OUT,167,2025-03-10
M018355,P052,OUT,116,2025-11-04
M018356,P065,IN,20,2025-10-29
M018357,P091,OUT,178,2026-02-07
M018358,P047,IN,68,2025-04-21
M018359,P060,OUT,66,2025-07-06
M018360,P025,OUT,123,2025-11-12
M018361,P099,IN,75,2025-09-22
M018362,P077,OUT,132,2025-06-12
M018363,P030,IN,57,2025-08-28
M018364,P094,OUT,27,2025-06-02
M018365,P023,IN,189,2025-06-03
M018366,P051,OUT,64,2025-06-26
M018367,P041,IN,47,2025-08-13
M018368,P074,OUT,17,2025-08-04
M018369,P039,OUT,55,2026-01-14
M018370,P040,OUT,107,2025-08-11
M018371,P047,IN,36,2025-08-08
M018372,P095,IN,180,2025-09-13
M018373,P058,IN,68,2025-06-30
M018374,P069,OUT,136,2025-08-16
M018375,P100,OUT,127,2026-02-27
M018376,P093,OUT,73,2026-02-20
M018377,P022,OUT,180,2025-03-23
M018378,P077,IN,42,2025-12-12
M018379,P045,IN,24,2025-07-16
M018380,P054,OUT,144,2025-06-12
M018381,P012,IN,73,2025-05-21
M018382,P057,OUT,12,2025-07-18
M018383,P026,OUT,156,2025-08-20
M018384,P011,IN,21,2026-02-03
M018385,P032,OUT,185,2025-07-29
M018386,P027,OUT,195,2026-03-04
M018387,P081,IN,63,2025-09-12
M018388,P046,IN,139,2026-01-24
M018389,P005,OUT,156,2025-04-09
M018390,P082,OUT,110,2025-11-14
M018391,P099,OUT,107,2025-09-20
M018392,P076,OUT,50,2025-03-14
M018393,P037,OUT,103,2025-04-24
M018394,P081,OUT,26,2025-06-14
M018395,P016,OUT,73,2025-05-19
M018396,P019,OUT,78,2025-09-08
M018397,P065,OUT,107,2025-06-03
M018398,P093,IN,174,2025-08-11
M018399,P069,IN,38,2025-06-22
M018400,P039,IN,198,2025-12-02
M018401,P034,IN,126,2025-12-03
M018402,P088,IN,23,2025-04-03
M018403,P009,OUT,158,2025-03-23
M018404,P067,IN,142,2025-10-29
M018405,P079,OUT,69,2025-11-25
M018406,P092,OUT,160,2025-03-31
M018407,P094,OUT,117,2025-09-30
M018408,P008,OUT,199,2025-09-23
M018409,P069,OUT,116,2025-08-24
M018410,P034,IN,122,2025-04-11
M018411,P009,OUT,135,2025-05-09
M018412,P090,IN,177,2025-05-11
M018413,P058,OUT,14,2025-07-30
M018414,P052,OUT,125,2025-07-29
M018415,P039,OUT,64,2025-07-09
M018416,P090,IN,91,2025-11-28
M018417,P037,IN,178,2025-06-05
M018418,P037,IN,147,2025-08-24
M018419,P094,IN,11,2025-09-23
M018420,P009,OUT,117,2026-01-02
M018421,P003,OUT,68,2026-02-04
M018422,P025,IN,38,2026-02-23
M018423,P070,OUT,196,2025-06-22
M018424,P059,OUT,20,2025-09-06
M018425,P066,OUT,157,2026-02-15
M018426,P047,IN,28,2025-07-02
M018427,P050,OUT,176,2025-06-16
M018428,P060,OUT,56,2026-02-08
M018429,P063,OUT,43,2025-08-19
M018430,P038,IN,166,2025-05-29
M018431,P084,OUT,161,2025-12-17
M018432,P044,OUT,161,2025-11-18
M018433,P073,IN,47,2025-10-26
M018434,P025,OUT,134,2026-02-08
M018435,P077,IN,188,2025-06-15
M018436,P074,OUT,114,2025-04-29
M018437,P082,IN,53,2026-03-06
M018438,P094,OUT,168,2025-04-27
M018439,P063,IN,64,2025-08-01
M018440,P045,OUT,35,2025-03-19
M018441,P001,IN,2,2026-03-06
M018442,P003,IN,13,2026-03-03
M018443,P078,IN,104,2025-08-13
M018444,P047,IN,39,2025-04-23
M018445,P035,IN,81,2025-12-17
M018446,P036,OUT,48,2025-04-16
M018447,P093,IN,25,2025-12-10
M018448,P005,OUT,23,2025-09-02
M018449,P006,IN,173,2026-01-28
M018450,P048,IN,42,2025-08-15
M018451,P006,OUT,155,2025-08-19
M018452,P020,OUT,186,2025-04-07
M018453,P088,IN,11,2025-06-04
M018454,P039,IN,64,2025-07-01
M018455,P063,OUT,109,2026-03-09
M018456,P029,OUT,192,2025-12-01
M018457,P099,OUT,180,2025-07-18
M018458,P064,OUT,186,2025-07-13
M018459,P038,IN,31,2026-01-19
M018460,P070,IN,159,2025-03-15
M018461,P008,IN,119,2025-12-30
M018462,P084,IN,104,2026-03-05
M018463,P043,OUT,200,2026-01-08
M018464,P020,IN,123,2025-12-01
M018465,P092,OUT,157,2025-09-23
M018466,P030,IN,13,2025-03-09
M018467,P014,IN,142,2025-12-30
M018468,P069,IN,106,2025-10-06
M018469,P082,IN,24,2025-04-10
M018470,P090,OUT,158,2025-10-06
M018471,P051,IN,90,2025-12-06
M018472,P062,IN,138,2025-08-06
M018473,P015,IN,196,2025-05-07
M018474,P095,OUT,100,2025-10-09
M018475,P020,IN,7,2025-09-26
M018476,P072,IN,115,2026-02-11
M018477,P094,IN,119,2025-10-28
M018478,P016,OUT,146,2026-03-01
M018479,P087,OUT,79,2025-05-10
M018480,P050,IN,18,2025-04-19
M018481,P032,OUT,102,2025-04-30
M018482,P031,IN,49,2026-01-29
M018483,P099,OUT,26,2025-06-24
M018484,P060,IN,147,2025-11-04
M018485,P077,OUT,5,2025-04-09
M018486,P093,OUT,22,2025-06-25
M018487,P002,IN,124,2025-05-22
M018488,P037,OUT,178,2025-03-31
M018489,P054,IN,103,2025-10-24
M018490,P089,OUT,108,2025-08-01
M018491,P082,OUT,44,2026-02-16
M018492,P092,OUT,51,2025-10-15
M018493,P010,IN,48,2026-02-19
M018494,P030,IN,57,2025-08-05
M018495,P043,IN,140,2025-04-07
M018496,P027,OUT,61,2025-10-28
M018497,P069,OUT,55,2025-03-16
M018498,P023,IN,177,2025-10-23
M018499,P026,IN,163,2025-11-14
M018500,P057,OUT,23,2025-12-18
M018501,P037,IN,52,2025-04-06
M018502,P059,OUT,49,2025-10-30
M018503,P012,IN,147,2026-01-04
M018504,P003,OUT,41,2025-12-31
M018505,P003,IN,132,2025-06-10
M018506,P020,IN,66,2025-05-26
M018507,P057,IN,16,2025-12-06
M018508,P031,IN,195,2025-08-30
M018509,P053,IN,31,2025-11-01
M018510,P072,IN,56,2025-05-14
M018511,P060,IN,183,2026-01-12
M018512,P032,IN,122,2025-04-23
M018513,P008,IN,16,2025-12-26
M018514,P074,OUT,47,2025-10-08
M018515,P058,OUT,121,2026-02-26
M018516,P023,OUT,147,2025-11-25
M018517,P084,IN,145,2025-12-26
M018518,P096,OUT,36,2025-09-10
M018519,P011,IN,168,2025-08-08
M018520,P041,IN,76,2025-05-28
M018521,P026,OUT,132,2025-09-11
M018522,P046,IN,172,2026-03-02
M018523,P020,OUT,131,2026-01-24
M018524,P048,OUT,184,2025-06-30
M018525,P078,IN,179,2025-12-04
M018526,P062,OUT,87,2025-09-20
M018527,P084,IN,132,2025-07-14
M018528,P065,IN,80,2025-11-11
M018529,P035,IN,99,2025-09-24
M018530,P092,IN,177,2026-02-13
M018531,P003,OUT,31,2026-03-04
M018532,P079,OUT,104,2025-04-01
M018533,P053,OUT,40,2025-11-01
M018534,P013,OUT,12,2025-05-19
M018535,P097,OUT,194,2025-11-14
M018536,P055,OUT,156,2025-11-21
M018537,P007,IN,98,2025-03-09
M018538,P024,OUT,85,2025-12-15
M018539,P043,OUT,195,2025-05-07
M018540,P057,IN,145,2025-05-26
M018541,P058,OUT,33,2025-04-22
M018542,P055,OUT,5,2025-09-10
M018543,P081,IN,33,2025-05-06
M018544,P063,OUT,190,2025-05-21
M018545,P033,IN,14,2025-04-19
M018546,P026,IN,177,2025-05-09
M018547,P059,IN,135,2025-05-13
M018548,P062,IN,62,2025-03-27
M018549,P092,IN,154,2025-12-10
M018550,P051,OUT,98,2025-07-20
M018551,P100,OUT,85,2025-11-15
M018552,P038,IN,114,2025-12-10
M018553,P034,IN,94,2026-01-21
M018554,P090,OUT,82,2025-10-08
M018555,P081,OUT,171,2026-02-10
M018556,P013,IN,110,2025-10-24
M018557,P079,OUT,55,2025-05-20
M018558,P029,OUT,7,2025-12-11
M018559,P015,IN,169,2025-03-25
M018560,P081,IN,133,2025-05-03
M018561,P041,IN,100,2025-10-10
M018562,P012,OUT,103,2025-08-06
M018563,P094,IN,112,2025-09-18
M018564,P018,IN,116,2025-12-07
M018565,P055,OUT,173,2025-06-03
M018566,P050,IN,154,2025-05-23
M018567,P027,IN,55,2025-05-15
M018568,P033,IN,154,2025-04-03
M018569,P074,OUT,194,2025-07-06
M018570,P025,IN,109,2026-02-13
M018571,P079,OUT,17,2025-09-29
M018572,P084,OUT,117,2025-05-13
M018573,P016,IN,156,2025-12-31
M018574,P059,IN,159,2025-10-09
M018575,P098,IN,199,2025-06-02
M018576,P098,OUT,19,2026-02-25
M018577,P097,IN,132,2025-05-19
M018578,P005,IN,180,2026-01-02
M018579,P027,OUT,133,2025-08-10
M018580,P054,IN,134,2025-08-10
M018581,P021,IN,119,2025-08-30
M018582,P044,IN,95,2026-01-25
M018583,P056,IN,80,2026-01-19
M018584,P033,IN,75,2025-07-08
M018585,P059,OUT,92,2025-04-22
M018586,P085,OUT,105,2025-08-05
M018587,P099,IN,64,2025-10-19
M018588,P010,OUT,132,2026-03-07
M018589,P086,OUT,101,2025-11-14
M018590,P042,IN,83,2025-06-13
M018591,P010,IN,20,2026-01-25
M018592,P036,IN,170,2025-12-14
M018593,P096,OUT,15,2025-12-04
M018594,P011,OUT,154,2025-12-12
M018595,P080,OUT,2,2025-10-26
M018596,P064,IN,167,2026-02-06
M018597,P086,OUT,113,2026-02-19
M018598,P097,OUT,112,2026-02-22
M018599,P035,OUT,173,2025-11-01
M018600,P040,OUT,159,2025-05-13
M018601,P065,IN,152,2025-05-10
M018602,P019,IN,85,2025-06-07
M018603,P001,IN,103,2026-01-24
M018604,P001,IN,140,2025-08-08
M018605,P020,OUT,46,2025-03-19
M018606,P084,IN,164,2025-09-13
M018607,P095,IN,194,2025-04-18
M018608,P091,OUT,29,2026-02-23
M018609,P044,OUT,86,2025-08-07
M018610,P061,IN,143,2025-04-09
M018611,P084,IN,125,2026-02-18
M018612,P060,OUT,181,2025-12-16
M018613,P052,OUT,133,2025-03-17
M018614,P053,IN,19,2025-05-20
M018615,P018,IN,83,2025-07-23
M018616,P055,OUT,62,2026-01-25
M018617,P074,OUT,43,2026-01-17
M018618,P097,IN,188,2025-06-23
M018619,P090,OUT,103,2025-10-23
M018620,P096,IN,126,2025-08-28
M018621,P066,OUT,168,2025-08-17
M018622,P062,OUT,43,2025-06-14
M018623,P078,OUT,109,2026-01-01
M018624,P037,OUT,99,2025-08-29
M018625,P074,IN,93,2025-11-26
M018626,P055,IN,46,2025-08-16
M018627,P065,OUT,186,2025-09-25
M018628,P078,IN,75,2025-12-06
M018629,P035,IN,126,2025-12-17
M018630,P010,IN,162,2025-07-03
M018631,P040,IN,116,2025-03-15
M018632,P058,IN,146,2025-11-25
M018633,P017,IN,31,2025-05-23
M018634,P062,OUT,148,2025-04-25
M018635,P003,IN,184,2025-07-02
M018636,P011,IN,127,2025-04-29
M018637,P037,IN,148,2025-09-27
M018638,P085,IN,55,2025-09-21
M018639,P061,OUT,134,2025-07-24
M018640,P009,IN,5,2025-05-07
M018641,P095,OUT,157,2025-09-28
M018642,P027,IN,195,2026-03-07
M018643,P072,OUT,66,2025-09-20
M018644,P044,IN,132,2026-03-09
M018645,P076,IN,175,2026-02-24
M018646,P055,IN,79,2025-07-14
M018647,P054,IN,66,2025-11-05
M018648,P063,OUT,99,2025-08-30
M018649,P045,IN,14,2025-06-29
M018650,P059,IN,125,2026-03-01
M018651,P093,OUT,182,2025-08-22
M018652,P047,OUT,98,2025-08-17
M018653,P099,IN,126,2025-11-30
M018654,P084,IN,68,2025-07-02
M018655,P050,IN,90,2025-07-11
M018656,P002,OUT,126,2025-05-25
M018657,P039,OUT,108,2026-02-20
M018658,P062,IN,188,2025-03-12
M018659,P087,OUT,134,2025-10-06
M018660,P058,IN,124,2025-07-07
M018661,P046,IN,114,2026-03-08
M018662,P020,IN,71,2025-10-04
M018663,P100,IN,97,2025-04-30
M018664,P082,IN,172,2025-06-21
M018665,P014,OUT,178,2025-07-09
M018666,P038,OUT,154,2025-03-21
M018667,P063,OUT,177,2025-08-27
M018668,P049,OUT,151,2025-04-11
M018669,P099,IN,108,2026-01-17
M018670,P098,OUT,79,2025-09-06
M018671,P096,IN,101,2026-01-07
M018672,P032,IN,128,2025-06-15
M018673,P022,OUT,143,2025-06-08
M018674,P018,IN,146,2025-08-15
M018675,P090,OUT,53,2025-10-11
M018676,P068,IN,78,2026-02-23
M018677,P042,OUT,88,2026-02-12
M018678,P074,OUT,84,2025-07-02
M018679,P064,IN,32,2025-07-23
M018680,P012,IN,174,2026-02-03
M018681,P010,OUT,175,2025-10-07
M018682,P049,IN,14,2026-02-06
M018683,P051,IN,40,2026-01-18
M018684,P082,IN,192,2025-03-21
M018685,P054,IN,93,2025-09-19
M018686,P091,OUT,67,2026-01-14
M018687,P005,OUT,108,2025-03-20
M018688,P052,IN,81,2025-07-13
M018689,P034,OUT,117,2025-05-20
M018690,P047,IN,101,2025-11-20
M018691,P060,IN,13,2025-11-13
M018692,P091,OUT,47,2025-11-18
M018693,P073,OUT,199,2025-05-12
M018694,P057,IN,101,2025-07-08
M018695,P048,IN,105,2025-12-29
M018696,P067,IN,98,2025-12-20
M018697,P036,IN,45,2025-05-05
M018698,P054,IN,91,2026-02-20
M018699,P033,IN,76,2026-02-19
M018700,P061,OUT,133,2025-06-25
M018701,P017,IN,145,2025-06-01
M018702,P025,OUT,103,2025-07-19
M018703,P074,OUT,163,2025-03-11
M018704,P026,IN,137,2025-05-16
M018705,P095,OUT,55,2025-06-16
M018706,P088,OUT,70,2025-07-04
M018707,P038,OUT,62,2025-05-06
M018708,P039,IN,154,2025-05-26
M018709,P054,IN,141,2026-02-20
M018710,P041,OUT,92,2025-05-07
M018711,P001,IN,190,2025-04-29
M018712,P008,IN,192,2026-03-09
M018713,P055,OUT,166,2025-07-15
M018714,P004,IN,53,2025-03-16
M018715,P059,OUT,176,2025-08-10
M018716,P015,IN,31,2026-03-08
M018717,P022,IN,25,2025-12-11
M018718,P092,OUT,43,2025-09-19
M018719,P022,IN,77,2025-09-21
M018720,P041,OUT,65,2025-06-14
M018721,P002,IN,35,2026-03-02
M018722,P067,OUT,76,2025-12-22
M018723,P021,OUT,47,2025-05-11
M018724,P041,OUT,122,2025-06-16
M018725,P099,OUT,136,2025-11-12
M018726,P014,IN,159,2025-04-28
M018727,P088,IN,71,2025-04-18
M018728,P056,OUT,24,2025-03-13
M018729,P077,OUT,30,2025-05-18
M018730,P027,OUT,129,2026-02-16
M018731,P031,IN,92,2025-05-19
M018732,P087,OUT,126,2025-05-05
M018733,P055,OUT,120,2025-12-02
M018734,P081,OUT,41,2025-07-11
M018735,P022,IN,2,2026-01-09
M018736,P038,IN,158,2026-02-14
M018737,P050,OUT,155,2025-03-26
M018738,P069,OUT,46,2025-06-28
M018739,P090,OUT,157,2025-03-21
M018740,P090,OUT,16,2025-07-02
M018741,P081,IN,181,2025-04-20
M018742,P011,IN,128,2025-04-29
M018743,P034,IN,199,2025-05-08
M018744,P098,IN,124,2025-12-26
M018745,P027,IN,136,2025-10-07
M018746,P009,IN,81,2025-12-03
M018747,P089,IN,6,2025-07-28
M018748,P093,OUT,166,2025-09-30
M018749,P012,OUT,30,2025-10-29
M018750,P097,IN,185,2025-09-03
M018751,P055,IN,95,2025-11-09
M018752,P031,IN,57,2026-01-31
M018753,P003,OUT,45,2026-03-07
M018754,P047,OUT,192,2025-09-07
M018755,P073,OUT,172,2026-01-26
M018756,P001,OUT,102,2025-03-26
M018757,P087,OUT,34,2026-03-09
M018758,P071,OUT,32,2025-09-15
M018759,P004,IN,85,2026-02-11
M018760,P007,IN,150,2026-02-04
M018761,P056,IN,6,2025-05-27
M018762,P018,OUT,14,2025-12-22
M018763,P099,OUT,164,2026-01-03
M018764,P076,OUT,16,2025-07-29
M018765,P040,IN,90,2025-08-08
M018766,P004,IN,198,2025-11-02
M018767,P066,IN,38,2025-05-21
M018768,P081,OUT,142,2026-02-13
M018769,P047,OUT,133,2026-02-10
M018770,P086,IN,113,2025-09-10
M018771,P054,OUT,145,2025-03-28
M018772,P041,IN,1,2025-04-10
M018773,P054,OUT,107,2026-01-13
M018774,P022,IN,179,2026-03-08
M018775,P078,OUT,51,2025-10-23
M018776,P045,IN,141,2025-08-21
M018777,P031,IN,8,2025-10-28
M018778,P027,OUT,97,2025-08-12
M018779,P059,IN,151,2025-10-07
M018780,P022,OUT,190,2026-02-22
M018781,P025,OUT,2,2026-02-24
M018782,P099,IN,161,2025-07-24
M018783,P083,IN,69,2025-10-16
M018784,P019,OUT,99,2025-04-10
M018785,P029,IN,54,2025-10-12
M018786,P009,OUT,21,2025-08-21
M018787,P054,IN,27,2025-05-18
M018788,P044,IN,40,2025-06-18
M018789,P070,OUT,36,2026-01-26
M018790,P052,IN,100,2025-08-12
M018791,P028,OUT,116,2025-06-01
M018792,P098,IN,135,2025-07-17
M018793,P001,IN,136,2025-09-25
M018794,P005,IN,167,2025-10-08
M018795,P077,OUT,50,2025-10-10
M018796,P066,OUT,29,2025-06-08
M018797,P072,OUT,112,2026-01-19
M018798,P007,OUT,62,2025-06-09
M018799,P048,IN,44,2025-11-30
M018800,P023,OUT,15,2025-05-22
M018801,P089,OUT,117,2025-04-06
M018802,P085,IN,173,2025-07-07
M018803,P008,IN,124,2025-05-06
M018804,P005,IN,72,2025-05-17
M018805,P032,IN,154,2025-10-21
M018806,P030,IN,193,2025-03-25
M018807,P070,IN,97,2025-11-08
M018808,P068,IN,152,2025-11-24
M018809,P063,OUT,26,2025-10-06
M018810,P003,IN,83,2026-01-18
M018811,P064,OUT,41,2025-08-10
M018812,P002,IN,21,2025-11-22
M018813,P099,IN,4,2025-12-17
M018814,P034,IN,64,2026-01-21
M018815,P004,IN,62,2026-03-01
M018816,P100,IN,117,2025-04-29
M018817,P062,OUT,76,2026-01-12
M018818,P033,OUT,115,2025-06-07
M018819,P082,IN,37,2025-07-29
M018820,P005,IN,56,2026-01-07
M018821,P097,OUT,162,2025-06-25
M018822,P092,OUT,121,2025-10-08
M018823,P059,OUT,122,2026-01-23
M018824,P025,IN,187,2025-09-17
M018825,P057,OUT,92,2025-05-28
M018826,P096,IN,26,2025-12-12
M018827,P027,IN,3,2025-12-01
M018828,P017,IN,95,2025-06-05
M018829,P014,OUT,39,2026-01-08
M018830,P070,OUT,140,2025-11-26
M018831,P029,IN,106,2026-01-20
M018832,P098,OUT,37,2025-09-22
M018833,P044,IN,100,2025-04-05
M018834,P057,OUT,62,2025-05-14
M018835,P006,IN,101,2026-02-07
M018836,P061,OUT,80,2025-05-15
M018837,P058,IN,169,2025-12-22
M018838,P094,IN,177,2025-11-09
M018839,P035,IN,36,2025-10-18
M018840,P015,IN,185,2025-12-30
M018841,P054,IN,69,2026-02-27
M018842,P003,IN,31,2026-03-08
M018843,P001,IN,24,2025-10-09
M018844,P023,OUT,73,2025-10-30
M018845,P082,OUT,13,2026-03-03
M018846,P044,IN,164,2025-11-01
M018847,P079,OUT,129,2025-04-27
M018848,P038,IN,177,2025-09-10
M018849,P055,IN,74,2025-05-01
M018850,P034,OUT,12,2025-09-15
M018851,P088,IN,94,2025-05-06
M018852,P005,IN,144,2026-02-17
M018853,P027,OUT,64,2025-10-20
M018854,P075,IN,136,2025-04-28
M018855,P011,IN,146,2025-06-22
M018856,P052,IN,68,2025-10-18
M018857,P054,OUT,41,2026-02-24
M018858,P049,IN,107,2025-06-19
M018859,P093,IN,72,2025-10-18
M018860,P079,IN,97,2025-07-03
M018861,P044,IN,141,2025-05-17
M018862,P040,IN,183,2025-10-31
M018863,P007,IN,188,2025-11-21
M018864,P037,IN,103,2025-04-04
M018865,P072,OUT,160,2025-11-06
M018866,P007,OUT,46,2025-05-17
M018867,P083,OUT,146,2026-03-07
M018868,P023,OUT,73,2025-05-22
M018869,P098,IN,167,2026-02-12
M018870,P025,IN,146,2025-10-29
M018871,P009,IN,140,2025-03-19
M018872,P019,OUT,170,2025-09-02
M018873,P064,IN,78,2025-12-06
M018874,P037,OUT,81,2025-08-23
M018875,P034,OUT,122,2025-05-14
M018876,P020,OUT,84,2025-07-06
M018877,P059,IN,167,2026-01-14
M018878,P014,IN,141,2025-07-04
M018879,P062,IN,91,2025-11-27
M018880,P044,OUT,70,2025-03-23
M018881,P008,OUT,195,2025-11-11
M018882,P062,OUT,85,2025-05-30
M018883,P065,OUT,131,2026-03-04
M018884,P026,OUT,59,2025-07-19
M018885,P090,IN,106,2025-09-29
M018886,P040,IN,50,2025-07-05
M018887,P016,OUT,20,2025-06-02
M018888,P075,IN,190,2025-06-16
M018889,P100,IN,177,2025-11-06
M018890,P011,IN,143,2026-02-17
M018891,P057,IN,35,2025-04-10
M018892,P005,IN,173,2025-09-01
M018893,P045,OUT,117,2025-04-27
M018894,P097,IN,99,2025-07-22
M018895,P002,OUT,66,2025-10-04
M018896,P081,OUT,126,2026-02-23
M018897,P044,IN,125,2025-07-26
M018898,P010,OUT,81,2025-04-08
M018899,P004,OUT,147,2025-10-23
M018900,P039,OUT,98,2025-07-31
M018901,P091,OUT,179,2025-12-08
M018902,P039,OUT,175,2025-08-18
M018903,P034,OUT,14,2025-08-27
M018904,P075,IN,156,2025-05-02
M018905,P079,OUT,5,2026-01-28
M018906,P013,OUT,132,2025-04-13
M018907,P090,OUT,198,2025-08-27
M018908,P009,IN,89,2025-04-12
M018909,P086,IN,79,2026-01-19
M018910,P055,IN,168,2025-04-16
M018911,P016,OUT,97,2025-09-25
M018912,P068,IN,196,2025-12-18
M018913,P082,OUT,96,2026-02-08
M018914,P016,IN,64,2025-09-22
M018915,P088,OUT,170,2026-01-24
M018916,P060,IN,53,2025-08-12
M018917,P061,IN,118,2026-02-13
M018918,P013,IN,185,2025-07-27
M018919,P001,OUT,151,2025-05-19
M018920,P046,IN,179,2025-07-22
M018921,P006,OUT,130,2025-07-08
M018922,P010,IN,114,2026-02-02
M018923,P050,IN,63,2025-07-21
M018924,P006,OUT,108,2025-03-15
M018925,P059,IN,71,2025-08-19
M018926,P057,IN,62,2025-06-02
M018927,P034,IN,59,2025-03-16
M018928,P059,IN,187,2025-03-24
M018929,P030,OUT,126,2025-04-01
M018930,P019,IN,183,2025-11-29
M018931,P067,OUT,64,2025-06-15
M018932,P030,IN,137,2025-08-24
M018933,P054,IN,96,2025-05-01
M018934,P038,IN,32,2026-02-06
M018935,P090,IN,171,2025-09-16
M018936,P066,OUT,92,2025-05-03
M018937,P019,IN,121,2025-10-05
M018938,P090,IN,17,2025-05-03
M018939,P009,IN,67,2025-05-12
M018940,P015,OUT,52,2025-12-11
M018941,P095,OUT,107,2025-08-06
M018942,P047,IN,18,2025-09-21
M018943,P049,OUT,148,2025-03-17
M018944,P066,IN,186,2025-03-26
M018945,P065,IN,137,2025-03-12
M018946,P047,IN,88,2025-11-19
M018947,P072,IN,162,2025-04-30
M018948,P080,OUT,175,2025-04-17
M018949,P045,IN,157,2026-02-23
M018950,P050,OUT,18,2025-08-02
M018951,P049,IN,169,2025-07-30
M018952,P011,OUT,195,2026-02-03
M018953,P045,OUT,160,2025-09-14
M018954,P090,OUT,61,2025-09-16
M018955,P063,OUT,118,2025-03-22
M018956,P065,IN,27,2025-11-24
M018957,P060,OUT,166,2025-08-14
M018958,P044,IN,139,2025-05-19
M018959,P022,IN,129,2025-05-06
M018960,P070,IN,163,2025-08-05
M018961,P046,OUT,109,2025-10-08
M018962,P029,OUT,126,2025-09-11
M018963,P075,IN,154,2025-05-23
M018964,P095,IN,52,2026-02-09
M018965,P027,OUT,99,2025-09-22
M018966,P033,IN,16,2025-08-04
M018967,P051,OUT,108,2025-06-18
M018968,P085,IN,152,2025-12-31
M018969,P030,OUT,157,2025-04-16
M018970,P080,OUT,90,2025-10-19
M018971,P032,IN,176,2026-01-04
M018972,P002,OUT,110,2025-09-24
M018973,P028,OUT,21,2026-01-09
M018974,P065,IN,109,2026-02-23
M018975,P046,IN,4,2025-10-01
M018976,P028,IN,145,2026-02-19
M018977,P018,IN,198,2025-04-07
M018978,P064,OUT,38,2026-02-18
M018979,P057,IN,41,2025-07-24
M018980,P010,OUT,97,2025-10-16
M018981,P075,IN,104,2025-09-27
M018982,P053,OUT,23,2026-03-09
M018983,P022,IN,70,2025-08-07
M018984,P061,IN,47,2026-01-06
M018985,P032,IN,186,2026-02-25
M018986,P063,OUT,14,2025-04-08
M018987,P081,OUT,63,2025-12-21
M018988,P007,IN,14,2025-10-29
M018989,P014,IN,171,2025-09-21
M018990,P029,IN,108,2025-06-21
M018991,P007,OUT,20,2025-04-27
M018992,P026,OUT,63,2025-10-25
M018993,P040,OUT,36,2026-02-15
M018994,P091,OUT,162,2025-11-18
M018995,P014,IN,78,2026-03-09
M018996,P067,OUT,136,2026-01-29
M018997,P039,OUT,63,2025-04-26
M018998,P016,IN,103,2025-05-30
M018999,P048,OUT,48,2026-01-06
M019000,P090,OUT,62,2025-03-31
M019001,P058,IN,198,2025-06-23
M019002,P027,IN,152,2025-09-19
M019003,P036,OUT,185,2025-11-12
M019004,P017,OUT,129,2025-05-06
M019005,P038,IN,50,2025-08-25
M019006,P053,IN,79,2025-08-30
M019007,P092,OUT,27,2025-04-28
M019008,P069,IN,106,2026-01-16
M019009,P064,IN,184,2025-04-29
M019010,P088,OUT,12,2025-11-11
M019011,P028,OUT,42,2025-05-28
M019012,P045,OUT,168,2025-12-10
M019013,P017,IN,104,2025-12-12
M019014,P055,IN,36,2026-01-01
M019015,P070,OUT,126,2025-04-08
M019016,P005,IN,111,2025-06-13
M019017,P010,IN,6,2026-03-07
M019018,P057,IN,104,2025-08-24
M019019,P060,IN,191,2025-04-25
M019020,P097,IN,48,2025-12-30
M019021,P080,IN,92,2025-11-30
M019022,P023,OUT,164,2026-02-13
M019023,P020,OUT,76,2026-01-04
M019024,P092,OUT,78,2026-01-13
M019025,P015,OUT,74,2025-03-10
M019026,P066,IN,86,2025-06-15
M019027,P043,OUT,101,2025-12-23
M019028,P053,IN,103,2025-08-14
M019029,P025,OUT,46,2025-09-27
M019030,P043,IN,93,2025-10-10
M019031,P080,OUT,92,2025-08-26
M019032,P028,OUT,63,2025-08-01
M019033,P002,OUT,118,2025-04-02
M019034,P007,OUT,49,2026-02-26
M019035,P051,OUT,194,2026-02-16
M019036,P055,OUT,96,2025-12-29
M019037,P018,IN,187,2025-08-18
M019038,P029,IN,96,2026-03-06
M019039,P047,OUT,61,2025-06-05
M019040,P017,IN,44,2025-06-02
M019041,P095,IN,33,2025-09-13
M019042,P005,OUT,145,2025-05-10
M019043,P064,OUT,54,2026-03-02
M019044,P077,OUT,95,2025-09-06
M019045,P056,IN,110,2025-05-22
M019046,P059,OUT,16,2026-01-22
M019047,P087,OUT,24,2026-01-28
M019048,P098,IN,185,2025-10-26
M019049,P067,OUT,43,2025-09-21
M019050,P036,IN,106,2025-03-14
M019051,P025,IN,128,2026-02-20
M019052,P088,OUT,34,2025-06-04
M019053,P009,IN,108,2025-11-02
M019054,P076,IN,81,2026-01-20
M019055,P023,OUT,66,2025-05-27
M019056,P059,OUT,52,2025-12-06
M019057,P092,IN,136,2025-03-27
M019058,P077,OUT,3,2025-05-16
M019059,P066,IN,96,2025-12-30
M019060,P057,IN,106,2025-03-22
M019061,P036,OUT,145,2025-03-09
M019062,P068,IN,13,2025-10-16
M019063,P088,IN,135,2025-06-01
M019064,P029,OUT,170,2025-07-03
M019065,P014,IN,103,2025-06-20
M019066,P022,OUT,123,2025-12-12
M019067,P003,OUT,99,2025-07-19
M019068,P084,OUT,192,2025-11-18
M019069,P003,OUT,76,2026-01-06
M019070,P097,IN,146,2025-07-20
M019071,P083,OUT,85,2025-03-20
M019072,P048,OUT,60,2026-02-05
M019073,P077,OUT,35,2025-10-30
M019074,P094,IN,108,2026-03-02
M019075,P025,OUT,181,2025-08-31
M019076,P062,OUT,1,2025-11-29
M019077,P024,OUT,169,2026-01-04
M019078,P047,OUT,44,2026-01-02
M019079,P090,OUT,121,2026-01-31
M019080,P030,OUT,153,2025-05-01
M019081,P080,IN,198,2025-03-11
M019082,P093,OUT,81,2025-07-19
M019083,P007,OUT,54,2025-06-10
M019084,P052,OUT,110,2025-07-07
M019085,P044,IN,10,2025-07-25
M019086,P021,OUT,122,2025-09-18
M019087,P025,OUT,101,2025-04-10
M019088,P051,OUT,18,2025-07-03
M019089,P048,OUT,81,2025-05-05
M019090,P095,IN,86,2025-09-12
M019091,P001,IN,168,2025-03-31
M019092,P076,IN,87,2025-11-26
M019093,P059,OUT,6,2025-06-04
M019094,P074,IN,20,2026-02-18
M019095,P050,OUT,140,2026-03-01
M019096,P081,OUT,87,2026-01-12
M019097,P074,IN,66,2025-06-23
M019098,P046,OUT,56,2025-12-07
M019099,P016,IN,5,2025-08-03
M019100,P026,OUT,41,2025-03-15
M019101,P079,IN,67,2025-07-22
M019102,P010,IN,181,2025-05-21
M019103,P021,OUT,34,2026-02-11
M019104,P082,OUT,134,2025-07-06
M019105,P036,OUT,156,2025-05-01
M019106,P020,IN,119,2025-03-18
M019107,P098,IN,32,2025-07-21
M019108,P077,OUT,147,2025-10-28
M019109,P084,OUT,28,2025-07-08
M019110,P084,IN,99,2025-06-20
M019111,P045,OUT,129,2025-10-03
M019112,P060,OUT,168,2025-05-15
M019113,P012,IN,91,2025-04-13
M019114,P047,IN,136,2025-08-27
M019115,P029,IN,50,2025-09-02
M019116,P021,IN,100,2025-11-22
M019117,P069,IN,155,2025-06-20
M019118,P069,OUT,94,2025-05-30
M019119,P014,OUT,174,2025-07-15
M019120,P001,IN,48,2025-10-10
M019121,P011,OUT,45,2025-12-05
M019122,P003,OUT,28,2025-05-13
M019123,P035,OUT,186,2025-11-02
M019124,P004,IN,179,2025-08-21
M019125,P021,OUT,56,2025-11-30
M019126,P032,OUT,81,2025-06-22
M019127,P072,OUT,197,2025-03-31
M019128,P067,OUT,71,2025-10-08
M019129,P078,OUT,19,2025-09-27
M019130,P023,IN,154,2026-01-25
M019131,P062,OUT,123,2025-10-27
M019132,P026,IN,98,2025-05-11
M019133,P071,IN,193,2025-07-16
M019134,P091,OUT,95,2025-05-27
M019135,P004,OUT,139,2025-04-19
M019136,P076,IN,51,2025-06-22
M019137,P029,IN,124,2025-04-08
M019138,P045,IN,161,2025-04-05
M019139,P005,IN,148,2026-02-25
M019140,P084,OUT,84,2025-11-27
M019141,P065,OUT,82,2025-09-26
M019142,P097,OUT,64,2025-08-01
M019143,P086,IN,40,2025-07-06
M019144,P089,IN,14,2026-01-25
M019145,P037,IN,49,2025-07-04
M019146,P077,OUT,46,2025-05-08
M019147,P098,OUT,124,2025-08-09
M019148,P014,OUT,199,2026-02-21
M019149,P030,IN,143,2025-11-06
M019150,P011,OUT,106,2025-09-29
M019151,P070,IN,70,2025-08-20
M019152,P060,OUT,167,2025-11-22
M019153,P044,IN,187,2025-05-20
M019154,P024,IN,57,2025-11-18
M019155,P078,OUT,187,2025-03-26
M019156,P071,OUT,124,2026-01-11
M019157,P046,OUT,26,2025-08-26
M019158,P018,IN,175,2026-01-28
M019159,P084,OUT,129,2025-10-26
M019160,P100,IN,165,2026-03-08
M019161,P056,OUT,199,2025-10-27
M019162,P035,OUT,121,2025-09-07
M019163,P086,OUT,36,2025-09-06
M019164,P034,IN,182,2025-09-29
M019165,P096,OUT,86,2025-08-22
M019166,P031,IN,12,2025-12-03
M019167,P079,OUT,197,2025-05-31
M019168,P047,IN,153,2025-11-24
M019169,P001,OUT,88,2025-10-26
M019170,P016,OUT,12,2025-12-22
M019171,P042,IN,176,2025-08-10
M019172,P024,IN,58,2025-09-16
M019173,P032,IN,146,2025-05-28
M019174,P001,OUT,31,2025-10-14
M019175,P027,OUT,155,2025-12-16
M019176,P071,OUT,72,2025-04-11
M019177,P070,IN,134,2025-12-07
M019178,P015,IN,125,2025-10-10
M019179,P078,IN,186,2025-08-09
M019180,P056,OUT,133,2026-03-06
M019181,P079,IN,2,2025-11-01
M019182,P042,OUT,36,2025-09-12
M019183,P078,OUT,193,2025-07-05
M019184,P032,IN,31,2025-06-13
M019185,P029,OUT,142,2025-05-03
M019186,P061,IN,130,2026-02-20
M019187,P009,IN,94,2025-04-13
M019188,P041,OUT,4,2025-07-31
M019189,P071,OUT,122,2025-10-07
M019190,P076,OUT,81,2025-10-13
M019191,P058,OUT,126,2025-04-01
M019192,P070,OUT,67,2025-05-03
M019193,P023,IN,170,2025-07-05
M019194,P015,OUT,161,2025-06-22
M019195,P019,IN,33,2025-10-23
M019196,P006,OUT,54,2025-09-15
M019197,P059,IN,176,2025-10-17
M019198,P035,IN,98,2026-03-01
M019199,P066,OUT,59,2025-03-28
M019200,P071,OUT,184,2025-09-23
M019201,P090,OUT,88,2025-08-10
M019202,P067,OUT,126,2025-10-29
M019203,P013,IN,37,2026-01-01
M019204,P083,IN,157,2025-04-05
M019205,P065,OUT,150,2025-04-06
M019206,P096,IN,76,2025-11-22
M019207,P065,IN,17,2025-03-10
M019208,P037,OUT,103,2025-07-28
M019209,P086,OUT,199,2025-04-19
M019210,P088,OUT,76,2025-06-02
M019211,P064,OUT,169,2026-01-22
M019212,P027,IN,34,2026-03-07
M019213,P014,OUT,181,2026-02-21
M019214,P077,OUT,8,2026-01-18
M019215,P042,OUT,56,2025-10-06
M019216,P004,IN,66,2025-04-20
M019217,P012,IN,40,2025-12-13
M019218,P080,OUT,99,2026-02-25
M019219,P014,IN,69,2026-02-04
M019220,P010,OUT,183,2025-05-05
M019221,P030,IN,44,2025-11-17
M019222,P022,OUT,67,2025-05-22
M019223,P075,IN,25,2025-09-04
M019224,P084,IN,51,2025-08-16
M019225,P002,OUT,43,2026-01-07
M019226,P079,OUT,28,2025-05-14
M019227,P079,IN,27,2026-02-07
M019228,P036,IN,139,2025-03-17
M019229,P051,IN,187,2025-07-01
M019230,P087,IN,106,2025-09-05
M019231,P034,IN,170,2025-09-15
M019232,P073,OUT,65,2025-07-10
M019233,P096,IN,6,2025-09-19
M019234,P051,OUT,159,2025-11-09
M019235,P016,IN,189,2025-03-26
M019236,P063,IN,110,2025-11-10
M019237,P006,IN,183,2025-07-20
M019238,P035,OUT,21,2025-05-20
M019239,P090,OUT,123,2025-09-06
M019240,P066,IN,54,2026-02-11
M019241,P071,OUT,148,2025-08-21
M019242,P014,OUT,47,2025-12-19
M019243,P019,IN,153,2025-10-20
M019244,P052,IN,195,2025-11-05
M019245,P022,IN,5,2025-04-27
M019246,P009,IN,155,2025-04-26
M019247,P010,OUT,176,2025-10-30
M019248,P069,IN,80,2025-06-04
M019249,P073,OUT,152,2025-07-04
M019250,P040,IN,164,2025-09-13
M019251,P050,IN,72,2025-04-22
M019252,P041,OUT,66,2025-07-21
M019253,P027,OUT,34,2025-08-29
M019254,P010,IN,30,2025-11-20
M019255,P001,OUT,89,2025-10-05
M019256,P084,OUT,139,2025-10-01
M019257,P075,IN,186,2025-04-15
M019258,P055,IN,69,2025-05-24
M019259,P026,IN,162,2025-08-02
M019260,P064,OUT,150,2025-11-02
M019261,P093,OUT,115,2025-06-09
M019262,P048,IN,67,2025-12-22
M019263,P093,OUT,60,2025-05-19
M019264,P025,IN,113,2025-12-24
M019265,P020,OUT,103,2025-12-08
M019266,P050,IN,151,2025-04-12
M019267,P022,IN,97,2025-10-22
M019268,P082,OUT,133,2025-10-23
M019269,P082,IN,179,2025-04-19
M019270,P017,IN,104,2025-08-17
M019271,P086,OUT,31,2026-03-09
M019272,P092,OUT,38,2025-05-27
M019273,P069,IN,27,2025-09-20
M019274,P007,OUT,108,2025-04-01
M019275,P006,IN,81,2025-05-23
M019276,P052,OUT,179,2025-10-04
M019277,P030,OUT,152,2025-04-10
M019278,P031,OUT,186,2025-03-30
M019279,P061,IN,131,2025-09-13
M019280,P002,IN,64,2025-05-09
M019281,P100,OUT,68,2025-12-15
M019282,P034,IN,159,2025-05-04
M019283,P071,IN,190,2025-12-31
M019284,P085,IN,63,2025-11-28
M019285,P016,IN,124,2025-08-05
M019286,P039,OUT,79,2025-05-24
M019287,P036,IN,172,2025-08-22
M019288,P097,OUT,162,2026-02-11
M019289,P036,OUT,177,2025-08-31
M019290,P099,IN,97,2025-07-04
M019291,P015,OUT,200,2025-04-02
M019292,P065,OUT,177,2026-02-07
M019293,P045,IN,160,2025-08-09
M019294,P052,OUT,30,2025-05-04
M019295,P013,IN,105,2026-03-08
M019296,P035,OUT,110,2025-09-15
M019297,P029,IN,196,2026-02-08
M019298,P025,OUT,157,2025-04-09
M019299,P070,OUT,199,2025-04-18
M019300,P090,IN,186,2025-11-19
M019301,P026,IN,49,2025-04-04
M019302,P094,IN,127,2026-01-16
M019303,P018,OUT,65,2025-06-13
M019304,P088,IN,176,2025-09-16
M019305,P084,OUT,166,2025-08-30
M019306,P044,OUT,165,2025-10-25
M019307,P029,IN,119,2025-07-24
M019308,P062,OUT,129,2025-04-05
M019309,P060,OUT,17,2025-12-18
M019310,P021,OUT,6,2025-06-28
M019311,P098,IN,111,2025-10-19
M019312,P012,IN,78,2025-09-17
M019313,P043,IN,27,2025-12-29
M019314,P080,OUT,172,2025-12-26
M019315,P045,IN,135,2025-04-27
M019316,P074,IN,187,2025-07-17
M019317,P020,OUT,47,2025-09-05
M019318,P023,IN,194,2025-05-29
M019319,P047,IN,105,2025-05-31
M019320,P029,IN,113,2026-01-02
M019321,P088,IN,55,2025-09-10
M019322,P080,OUT,28,2025-10-04
M019323,P043,OUT,27,2025-07-12
M019324,P064,IN,34,2025-12-14
M019325,P021,OUT,85,2025-04-27
M019326,P088,IN,171,2025-12-31
M019327,P062,IN,86,2025-04-09
M019328,P100,IN,113,2026-02-17
M019329,P002,OUT,189,2025-04-30
M019330,P020,IN,135,2025-11-07
M019331,P042,IN,56,2026-03-02
M019332,P094,IN,110,2025-04-16
M019333,P055,IN,42,2025-04-23
M019334,P099,OUT,136,2025-10-24
M019335,P099,OUT,159,2025-09-15
M019336,P024,IN,144,2025-08-20
M019337,P031,IN,7,2025-10-23
M019338,P024,IN,36,2025-09-01
M019339,P026,IN,71,2025-11-12
M019340,P045,IN,107,2025-06-07
M019341,P040,IN,78,2025-12-11
M019342,P076,OUT,51,2025-04-29
M019343,P018,IN,7,2025-08-12
M019344,P042,OUT,19,2026-02-18
M019345,P091,IN,125,2025-07-02
M019346,P082,OUT,191,2026-01-19
M019347,P034,OUT,144,2025-09-10
M019348,P091,IN,189,2025-07-09
M019349,P093,OUT,51,2025-09-07
M019350,P083,OUT,150,2025-09-16
M019351,P057,OUT,131,2025-04-10
M019352,P088,IN,101,2025-06-25
M019353,P032,OUT,109,2025-08-13
M019354,P051,IN,143,2026-01-29
M019355,P010,OUT,53,2025-12-30
M019356,P012,IN,83,2025-10-23
M019357,P069,IN,194,2025-09-30
M019358,P091,IN,192,2025-03-13
M019359,P048,OUT,113,2025-06-16
M019360,P032,IN,139,2025-08-07
M019361,P054,OUT,42,2025-11-11
M019362,P054,IN,22,2025-07-14
M019363,P010,IN,189,2025-07-19
M019364,P088,IN,196,2025-03-19
M019365,P007,IN,5,2026-01-31
M019366,P016,OUT,51,2025-10-09
M019367,P099,OUT,195,2025-07-20
M019368,P083,OUT,26,2025-04-02
M019369,P083,OUT,114,2025-04-13
M019370,P046,IN,18,2025-05-11
M019371,P024,OUT,11,2025-07-21
M019372,P007,OUT,67,2026-03-09
M019373,P007,IN,141,2025-09-08
M019374,P059,IN,39,2025-08-30
M019375,P046,IN,77,2025-06-29
M019376,P084,IN,88,2025-04-21
M019377,P051,OUT,146,2025-12-27
M019378,P048,OUT,90,2025-06-03
M019379,P040,IN,37,2025-11-06
M019380,P073,IN,126,2025-07-24
M019381,P007,OUT,160,2025-11-27
M019382,P007,IN,122,2025-12-01
M019383,P056,OUT,54,2025-09-13
M019384,P084,OUT,139,2025-09-08
M019385,P031,OUT,156,2025-04-16
M019386,P066,OUT,23,2026-02-12
M019387,P057,IN,100,2025-04-21
M019388,P064,OUT,173,2025-08-29
M019389,P021,IN,111,2025-12-06
M019390,P025,OUT,29,2025-07-05
M019391,P061,IN,112,2025-07-17
M019392,P071,OUT,159,2025-09-21
M019393,P080,IN,99,2025-07-31
M019394,P088,OUT,163,2025-04-17
M019395,P013,IN,80,2025-03-14
M019396,P002,IN,120,2025-03-31
M019397,P016,OUT,70,2025-06-11
M019398,P028,IN,109,2025-05-05
M019399,P048,IN,47,2025-09-20
M019400,P076,OUT,69,2025-05-24
M019401,P065,OUT,183,2025-06-14
M019402,P053,OUT,20,2026-01-23
M019403,P070,IN,122,2025-11-08
M019404,P060,IN,133,2025-09-11
M019405,P090,IN,148,2025-05-24
M019406,P041,OUT,154,2026-01-16
M019407,P028,IN,144,2025-09-08
M019408,P058,IN,51,2025-05-26
M019409,P046,OUT,69,2025-07-14
M019410,P100,IN,28,2025-10-28
M019411,P024,IN,179,2026-01-16
M019412,P095,OUT,50,2025-09-06
M019413,P049,OUT,172,2025-11-06
M019414,P100,IN,14,2025-11-30
M019415,P091,IN,68,2026-01-29
M019416,P005,OUT,19,2026-01-27
M019417,P033,IN,198,2026-02-20
M019418,P081,OUT,168,2025-05-12
M019419,P023,OUT,170,2026-03-04
M019420,P038,IN,110,2025-08-07
M019421,P074,OUT,183,2025-10-10
M019422,P089,OUT,91,2026-01-06
M019423,P062,OUT,50,2025-07-22
M019424,P065,OUT,131,2025-08-06
M019425,P100,OUT,45,2025-07-28
M019426,P045,OUT,103,2026-02-05
M019427,P082,IN,66,2026-01-13
M019428,P076,OUT,90,2025-10-18
M019429,P001,OUT,193,2025-12-26
M019430,P014,OUT,13,2025-11-02
M019431,P093,OUT,147,2025-09-11
M019432,P059,OUT,59,2025-09-24
M019433,P048,IN,67,2025-08-12
M019434,P079,IN,189,2026-02-16
M019435,P016,OUT,197,2025-03-09
M019436,P052,OUT,134,2026-02-14
M019437,P081,IN,132,2025-09-13
M019438,P020,OUT,15,2025-11-22
M019439,P071,IN,133,2026-01-11
M019440,P021,OUT,181,2025-12-13
M019441,P073,OUT,27,2025-09-11
M019442,P061,OUT,26,2025-08-13
M019443,P052,IN,101,2025-06-05
M019444,P008,IN,169,2025-12-25
M019445,P027,IN,19,2025-06-04
M019446,P095,OUT,109,2025-12-20
M019447,P092,OUT,77,2026-01-31
M019448,P007,OUT,16,2025-09-11
M019449,P065,OUT,83,2025-08-17
M019450,P088,OUT,20,2025-09-03
M019451,P079,OUT,154,2025-06-09
M019452,P079,OUT,31,2025-07-19
M019453,P041,IN,16,2025-08-24
M019454,P032,OUT,91,2026-02-22
M019455,P009,OUT,47,2025-12-17
M019456,P067,OUT,95,2025-12-25
M019457,P088,IN,21,2025-11-16
M019458,P069,IN,36,2025-05-08
M019459,P064,OUT,59,2026-02-01
M019460,P069,IN,53,2025-04-26
M019461,P084,OUT,29,2026-02-25
M019462,P082,IN,70,2025-07-18
M019463,P055,IN,124,2025-04-27
M019464,P017,OUT,92,2025-10-15
M019465,P071,IN,200,2025-09-06
M019466,P059,OUT,139,2025-07-01
M019467,P051,IN,184,2025-08-06
M019468,P089,OUT,159,2025-10-20
M019469,P074,IN,174,2025-06-29
M019470,P065,OUT,25,2026-01-26
M019471,P075,OUT,7,2026-03-05
M019472,P077,OUT,23,2025-04-23
M019473,P003,IN,27,2025-08-31
M019474,P027,OUT,165,2025-12-04
M019475,P006,IN,86,2025-04-05
M019476,P072,IN,36,2025-04-23
M019477,P062,OUT,13,2025-04-11
M019478,P084,IN,40,2025-05-19
M019479,P048,IN,133,2025-11-03
M019480,P081,OUT,166,2025-03-31
M019481,P074,OUT,103,2025-08-10
M019482,P033,OUT,123,2025-11-23
M019483,P066,IN,84,2025-07-16
M019484,P049,IN,193,2025-11-03
M019485,P052,OUT,80,2025-12-07
M019486,P057,OUT,106,2025-06-12
M019487,P094,IN,66,2025-03-18
M019488,P074,OUT,63,2026-01-09
M019489,P007,OUT,165,2026-02-06
M019490,P083,OUT,27,2025-03-29
M019491,P075,OUT,188,2026-01-09
M019492,P083,IN,88,2025-10-06
M019493,P064,OUT,96,2025-07-11
M019494,P075,OUT,176,2025-12-20
M019495,P036,OUT,35,2025-04-20
M019496,P081,OUT,109,2025-05-02
M019497,P078,IN,109,2026-01-25
M019498,P061,OUT,109,2025-08-06
M019499,P006,OUT,142,2025-08-18
M019500,P069,OUT,71,2025-09-12
M019501,P020,OUT,112,2025-07-19
M019502,P097,OUT,160,2025-10-08
M019503,P051,IN,51,2025-03-24
M019504,P086,OUT,89,2026-01-24
M019505,P047,OUT,127,2025-05-24
M019506,P006,OUT,99,2026-01-17
M019507,P096,OUT,79,2025-10-15
M019508,P093,IN,30,2025-07-12
M019509,P100,IN,91,2025-03-22
M019510,P086,OUT,181,2025-05-05
M019511,P053,IN,32,2025-05-16
M019512,P004,IN,13,2025-03-09
M019513,P077,OUT,188,2025-04-13
M019514,P067,IN,68,2025-06-03
M019515,P059,IN,28,2025-12-18
M019516,P049,OUT,60,2026-02-18
M019517,P010,OUT,71,2025-07-24
M019518,P044,OUT,160,2025-06-26
M019519,P039,OUT,137,2025-06-23
M019520,P021,IN,154,2025-09-09
M019521,P006,OUT,154,2025-09-02
M019522,P007,OUT,126,2025-05-24
M019523,P018,OUT,196,2025-05-03
M019524,P054,IN,91,2026-01-10
M019525,P064,IN,41,2025-11-10
M019526,P024,IN,1,2026-02-26
M019527,P086,OUT,122,2025-04-24
M019528,P043,IN,151,2025-05-15
M019529,P024,OUT,75,2025-03-19
M019530,P054,OUT,39,2026-01-04
M019531,P085,IN,124,2025-03-23
M019532,P054,IN,14,2025-08-21
M019533,P095,IN,174,2025-11-05
M019534,P009,IN,18,2025-08-28
M019535,P045,OUT,146,2025-05-10
M019536,P073,IN,40,2025-11-20
M019537,P094,IN,183,2025-08-24
M019538,P035,OUT,174,2025-06-23
M019539,P041,OUT,34,2026-02-19
M019540,P090,OUT,88,2025-03-28
M019541,P083,IN,128,2026-01-18
M019542,P049,OUT,183,2026-01-18
M019543,P023,OUT,41,2025-08-26
M019544,P092,OUT,180,2026-01-17
M019545,P085,OUT,167,2025-07-21
M019546,P083,OUT,95,2025-11-18
M019547,P086,IN,106,2025-05-25
M019548,P003,IN,185,2025-06-04
M019549,P050,OUT,26,2025-10-31
M019550,P099,OUT,91,2025-10-12
M019551,P050,IN,109,2025-12-31
M019552,P058,IN,51,2025-03-15
M019553,P065,IN,174,2026-01-09
M019554,P076,OUT,162,2026-02-10
M019555,P031,IN,89,2025-07-18
M019556,P035,OUT,159,2025-04-25
M019557,P069,IN,92,2025-12-15
M019558,P050,OUT,116,2025-07-27
M019559,P077,OUT,6,2025-05-14
M019560,P008,IN,84,2025-07-03
M019561,P062,IN,41,2025-10-23
M019562,P071,IN,54,2025-09-28
M019563,P057,OUT,123,2025-04-02
M019564,P045,IN,123,2025-03-24
M019565,P098,OUT,164,2025-10-17
M019566,P045,IN,86,2025-09-18
M019567,P080,OUT,79,2025-06-12
M019568,P061,IN,96,2026-01-15
M019569,P018,IN,11,2026-01-09
M019570,P063,IN,192,2025-12-20
M019571,P051,OUT,143,2025-09-02
M019572,P048,IN,46,2025-08-27
M019573,P010,OUT,56,2025-11-18
M019574,P070,IN,167,2026-01-08
M019575,P055,OUT,122,2025-06-27
M019576,P094,IN,69,2025-08-16
M019577,P053,IN,110,2025-09-13
M019578,P086,IN,2,2025-11-10
M019579,P033,OUT,91,2025-12-18
M019580,P005,IN,13,2025-12-04
M019581,P046,OUT,157,2025-06-29
M019582,P037,IN,15,2025-11-20
M019583,P041,IN,141,2026-02-06
M019584,P090,IN,78,2025-11-12
M019585,P068,OUT,113,2025-09-10
M019586,P026,IN,59,2025-08-17
M019587,P052,IN,154,2025-05-16
M019588,P032,IN,53,2025-08-25
M019589,P093,IN,47,2026-01-04
M019590,P087,OUT,191,2025-06-17
M019591,P033,IN,72,2025-05-11
M019592,P099,OUT,106,2025-09-26
M019593,P073,OUT,189,2025-10-30
M019594,P092,IN,103,2025-05-14
M019595,P090,IN,194,2025-05-14
M019596,P048,IN,90,2026-03-01
M019597,P013,OUT,1,2025-05-26
M019598,P051,OUT,185,2025-11-20
M019599,P060,OUT,161,2026-01-20
M019600,P030,IN,172,2026-02-06
M019601,P036,IN,16,2025-12-13
M019602,P086,IN,6,2025-04-14
M019603,P078,OUT,156,2025-05-26
M019604,P025,IN,27,2025-05-20
M019605,P072,OUT,143,2025-08-08
M019606,P084,IN,83,2025-08-28
M019607,P054,OUT,171,2025-08-03
M019608,P023,IN,73,2025-08-27
M019609,P022,OUT,155,2025-08-05
M019610,P022,IN,46,2025-12-28
M019611,P071,OUT,112,2025-07-06
M019612,P055,IN,172,2025-07-30
M019613,P043,OUT,120,2025-09-22
M019614,P086,IN,70,2026-02-03
M019615,P007,OUT,78,2025-08-12
M019616,P072,IN,16,2025-11-12
M019617,P008,OUT,122,2025-04-16
M019618,P060,OUT,73,2025-07-07
M019619,P015,OUT,174,2025-09-03
M019620,P001,IN,120,2025-03-30
M019621,P063,IN,89,2025-10-06
M019622,P055,IN,138,2025-04-05
M019623,P006,IN,32,2025-06-08
M019624,P024,OUT,185,2025-05-04
M019625,P057,OUT,94,2026-02-26
M019626,P027,IN,60,2025-08-03
M019627,P078,OUT,81,2025-09-03
M019628,P084,OUT,131,2025-09-27
M019629,P092,IN,185,2025-12-01
M019630,P069,IN,159,2025-03-19
M019631,P051,IN,40,2025-05-13
M019632,P083,OUT,159,2026-01-14
M019633,P012,OUT,102,2025-08-17
M019634,P053,OUT,118,2025-05-24
M019635,P085,OUT,32,2026-01-23
M019636,P031,OUT,33,2026-01-26
M019637,P006,OUT,127,2025-04-05
M019638,P032,OUT,179,2025-10-29
M019639,P064,OUT,168,2025-09-28
M019640,P071,IN,121,2026-01-15
M019641,P043,IN,43,2025-11-17
M019642,P063,IN,161,2025-09-20
M019643,P086,OUT,61,2025-08-15
M019644,P090,OUT,181,2025-10-17
M019645,P067,OUT,178,2026-01-19
M019646,P055,OUT,88,2025-05-20
M019647,P015,IN,31,2026-01-23
M019648,P006,IN,160,2025-11-15
M019649,P001,OUT,197,2026-01-16
M019650,P095,IN,185,2025-09-29
M019651,P012,IN,154,2025-11-09
M019652,P058,OUT,129,2026-01-13
M019653,P054,OUT,166,2025-09-26
M019654,P084,IN,80,2025-08-17
M019655,P093,OUT,76,2025-08-09
M019656,P013,IN,162,2025-12-21
M019657,P091,IN,166,2025-08-31
M019658,P006,IN,67,2025-11-24
M019659,P057,OUT,177,2026-02-07
M019660,P004,IN,48,2025-11-06
M019661,P010,IN,56,2025-05-28
M019662,P083,OUT,106,2025-06-14
M019663,P067,OUT,60,2025-06-05
M019664,P100,IN,179,2025-10-02
M019665,P043,IN,196,2025-03-21
M019666,P096,IN,184,2025-04-05
M019667,P043,IN,38,2025-06-13
M019668,P013,OUT,61,2025-06-14
M019669,P036,IN,88,2025-07-16
M019670,P097,OUT,28,2026-02-05
M019671,P058,OUT,53,2025-11-02
M019672,P073,OUT,93,2026-03-01
M019673,P077,OUT,192,2025-08-22
M019674,P033,OUT,27,2025-05-29
M019675,P057,OUT,74,2025-10-03
M019676,P006,IN,118,2025-12-08
M019677,P027,OUT,195,2026-02-24
M019678,P009,IN,139,2025-04-24
M019679,P016,IN,90,2025-03-25
M019680,P011,IN,5,2025-04-16
M019681,P031,OUT,191,2025-05-09
M019682,P016,IN,59,2025-08-20
M019683,P017,IN,52,2025-04-26
M019684,P052,IN,197,2026-02-01
M019685,P019,IN,28,2026-02-14
M019686,P016,OUT,138,2025-11-19
M019687,P071,IN,17,2025-10-23
M019688,P006,IN,75,2025-06-16
M019689,P059,OUT,132,2025-11-15
M019690,P002,OUT,200,2026-01-01
M019691,P050,IN,87,2025-12-17
M019692,P090,OUT,15,2025-03-23
M019693,P064,OUT,54,2025-05-15
M019694,P060,IN,71,2025-12-11
M019695,P057,IN,153,2025-10-24
M019696,P007,OUT,37,2026-01-31
M019697,P036,OUT,50,2025-10-11
M019698,P036,IN,34,2025-05-09
M019699,P054,OUT,42,2025-04-03
M019700,P065,IN,7,2026-02-06
M019701,P039,OUT,87,2026-01-07
M019702,P057,IN,98,2025-03-24
M019703,P088,IN,100,2025-09-01
M019704,P068,OUT,88,2025-05-30
M019705,P024,IN,118,2025-04-05
M019706,P064,IN,141,2026-01-19
M019707,P021,OUT,185,2026-01-14
M019708,P071,IN,191,2025-03-16
M019709,P042,OUT,68,2025-12-05
M019710,P038,OUT,112,2025-07-07
M019711,P089,IN,1,2025-04-11
M019712,P014,OUT,136,2025-10-30
M019713,P071,IN,164,2026-01-04
M019714,P082,IN,22,2025-08-10
M019715,P061,OUT,159,2025-06-16
M019716,P093,OUT,119,2025-09-08
M019717,P100,OUT,25,2025-05-23
M019718,P013,OUT,51,2025-10-28
M019719,P028,IN,194,2025-08-10
M019720,P087,OUT,153,2025-09-19
M019721,P023,OUT,157,2025-12-17
M019722,P090,IN,114,2025-07-08
M019723,P072,IN,3,2025-05-12
M019724,P009,IN,166,2025-11-25
M019725,P044,IN,57,2025-05-04
M019726,P001,IN,115,2026-03-08
M019727,P076,OUT,88,2026-02-18
M019728,P091,OUT,146,2026-02-23
M019729,P072,IN,141,2025-03-21
M019730,P008,OUT,200,2025-03-30
M019731,P012,OUT,188,2025-05-30
M019732,P061,OUT,150,2025-08-14
M019733,P069,OUT,13,2025-04-11
M019734,P026,IN,110,2025-04-08
M019735,P071,IN,188,2025-04-12
M019736,P009,OUT,48,2025-11-19
M019737,P073,OUT,14,2025-05-01
M019738,P057,OUT,166,2025-06-30
M019739,P006,IN,200,2025-07-20
M019740,P020,OUT,184,2025-07-14
M019741,P030,OUT,75,2025-08-29
M019742,P016,OUT,105,2025-06-09
M019743,P005,OUT,3,2025-12-21
M019744,P066,IN,140,2026-02-08
M019745,P072,OUT,119,2025-04-23
M019746,P073,OUT,158,2025-03-13
M019747,P005,IN,94,2025-10-01
M019748,P041,IN,43,2025-07-20
M019749,P079,IN,99,2025-04-10
M019750,P026,OUT,115,2025-11-03
M019751,P084,IN,191,2025-05-27
M019752,P047,OUT,2,2025-12-16
M019753,P040,OUT,197,2026-01-11
M019754,P017,IN,45,2026-02-19
M019755,P010,IN,80,2025-08-21
M019756,P070,OUT,67,2026-01-15
M019757,P057,OUT,80,2025-07-29
M019758,P078,IN,143,2025-09-13
M019759,P089,IN,68,2025-09-20
M019760,P082,IN,79,2025-07-28
M019761,P095,IN,32,2025-12-15
M019762,P007,IN,124,2025-03-24
M019763,P012,OUT,122,2025-08-18
M019764,P058,OUT,91,2025-11-13
M019765,P078,OUT,81,2025-03-13
M019766,P007,IN,21,2025-11-18
M019767,P036,IN,111,2025-09-01
M019768,P100,OUT,27,2025-11-09
M019769,P030,OUT,30,2026-02-16
M019770,P057,IN,120,2025-12-13
M019771,P036,OUT,128,2026-02-20
M019772,P042,IN,29,2026-03-05
M019773,P005,OUT,145,2025-05-07
M019774,P097,IN,94,2025-10-14
M019775,P089,OUT,186,2025-11-17
M019776,P099,IN,140,2025-04-28
M019777,P051,OUT,172,2025-12-16
M019778,P030,OUT,39,2025-08-28
M019779,P074,IN,154,2025-12-02
M019780,P082,IN,108,2026-01-19
M019781,P067,IN,23,2026-01-25
M019782,P033,OUT,143,2025-10-05
M019783,P010,OUT,170,2025-09-12
M019784,P013,IN,12,2025-12-16
M019785,P051,IN,168,2025-10-08
M019786,P017,OUT,97,2026-01-31
M019787,P099,OUT,155,2026-01-09
M019788,P024,IN,124,2025-11-30
M019789,P064,IN,100,2025-12-12
M019790,P090,IN,78,2025-03-25
M019791,P094,OUT,152,2025-11-19
M019792,P087,OUT,72,2025-10-15
M019793,P066,OUT,30,2025-12-07
M019794,P054,IN,43,2026-01-06
M019795,P072,IN,144,2025-12-22
M019796,P001,OUT,169,2025-03-15
M019797,P003,IN,65,2025-09-16
M019798,P083,OUT,120,2025-03-17
M019799,P011,IN,134,2025-10-31
M019800,P081,OUT,179,2025-11-23
M019801,P067,IN,175,2025-10-09
M019802,P046,OUT,150,2025-07-27
M019803,P045,IN,182,2025-03-18
M019804,P021,OUT,151,2026-02-05
M019805,P071,IN,130,2026-01-11
M019806,P007,IN,52,2025-12-31
M019807,P017,IN,190,2025-08-31
M019808,P047,IN,177,2025-04-11
M019809,P100,IN,140,2025-04-11
M019810,P074,IN,51,2025-07-30
M019811,P020,IN,189,2025-10-04
M019812,P017,OUT,61,2025-11-11
M019813,P005,OUT,118,2025-11-23
M019814,P088,OUT,147,2025-09-12
M019815,P003,OUT,74,2025-11-20
M019816,P057,IN,53,2025-11-02
M019817,P023,OUT,128,2025-08-18
M019818,P054,IN,136,2025-09-10
M019819,P083,OUT,118,2026-01-05
M019820,P052,IN,38,2025-06-17
M019821,P060,IN,149,2025-09-06
M019822,P095,OUT,98,2025-09-20
M019823,P076,OUT,193,2025-03-14
M019824,P025,OUT,33,2025-08-04
M019825,P016,OUT,125,2025-07-15
M019826,P014,OUT,60,2025-08-31
M019827,P003,OUT,141,2026-01-31
M019828,P061,IN,109,2025-12-01
M019829,P049,IN,54,2025-08-10
M019830,P076,OUT,149,2025-09-27
M019831,P033,OUT,134,2025-10-17
M019832,P045,OUT,58,2025-07-07
M019833,P020,OUT,192,2026-01-30
M019834,P099,IN,42,2025-07-18
M019835,P086,OUT,14,2025-06-26
M019836,P002,IN,108,2025-06-29
M019837,P086,IN,67,2025-07-14
M019838,P095,IN,67,2026-02-24
M019839,P015,IN,33,2025-10-07
M019840,P029,OUT,199,2025-06-03
M019841,P067,IN,36,2025-09-23
M019842,P003,IN,133,2025-05-25
M019843,P061,IN,65,2026-02-16
M019844,P041,IN,139,2025-06-27
M019845,P098,OUT,132,2025-03-13
M019846,P002,OUT,152,2025-09-04
M019847,P044,IN,189,2025-10-05
M019848,P097,IN,16,2025-08-12
M019849,P047,OUT,132,2025-10-30
M019850,P003,OUT,73,2025-08-16
M019851,P048,IN,57,2025-07-20
M019852,P052,IN,83,2025-12-27
M019853,P065,OUT,182,2025-06-15
M019854,P041,IN,61,2025-10-29
M019855,P078,IN,139,2025-08-24
M019856,P035,OUT,112,2025-03-17
M019857,P007,OUT,32,2026-02-07
M019858,P005,IN,71,2026-01-21
M019859,P039,IN,153,2025-07-21
M019860,P063,OUT,9,2025-10-23
M019861,P007,IN,89,2025-04-10
M019862,P008,OUT,33,2025-07-12
M019863,P071,OUT,153,2025-06-12
M019864,P050,OUT,108,2025-05-28
M019865,P096,IN,167,2025-03-19
M019866,P069,OUT,33,2025-07-30
M019867,P038,OUT,51,2025-12-24
M019868,P047,OUT,170,2025-11-08
M019869,P021,IN,30,2025-06-28
M019870,P016,OUT,108,2025-05-29
M019871,P078,OUT,160,2025-10-28
M019872,P049,IN,104,2026-01-08
M019873,P051,IN,52,2025-12-06
M019874,P090,OUT,28,2025-03-18
M019875,P034,IN,40,2025-12-12
M019876,P090,IN,64,2025-09-09
M019877,P073,IN,80,2025-06-14
M019878,P094,OUT,129,2025-04-05
M019879,P047,IN,48,2025-05-10
M019880,P100,OUT,117,2025-10-29
M019881,P015,OUT,184,2025-10-24
M019882,P040,IN,37,2026-01-02
M019883,P004,OUT,138,2025-06-13
M019884,P033,OUT,74,2025-06-28
M019885,P075,OUT,160,2025-08-29
M019886,P087,IN,126,2025-09-07
M019887,P093,OUT,36,2025-08-16
M019888,P090,IN,38,2026-03-02
M019889,P015,IN,100,2025-03-10
M019890,P050,IN,38,2025-11-05
M019891,P079,IN,179,2025-10-04
M019892,P077,OUT,125,2025-05-20
M019893,P069,OUT,105,2025-12-03
M019894,P050,IN,18,2025-03-27
M019895,P068,IN,105,2025-03-09
M019896,P046,IN,12,2025-12-18
M019897,P038,OUT,58,2026-03-07
M019898,P059,OUT,195,2025-08-06
M019899,P059,OUT,16,2025-04-12
M019900,P082,IN,123,2025-07-16
M019901,P075,OUT,7,2025-09-16
M019902,P022,OUT,43,2026-01-26
M019903,P086,IN,97,2025-03-24
M019904,P030,OUT,140,2026-01-11
M019905,P059,IN,83,2025-08-20
M019906,P062,IN,124,2025-09-03
M019907,P100,OUT,72,2025-04-07
M019908,P064,IN,5,2025-07-11
M019909,P082,IN,192,2025-11-19
M019910,P040,IN,168,2025-07-14
M019911,P056,OUT,144,2025-09-13
M019912,P021,IN,61,2025-11-08
M019913,P025,IN,58,2026-02-15
M019914,P048,OUT,76,2025-10-26
M019915,P007,OUT,47,2025-05-02
M019916,P023,IN,157,2025-11-13
M019917,P035,IN,194,2025-05-09
M019918,P037,IN,2,2025-06-25
M019919,P004,IN,42,2026-03-07
M019920,P047,IN,94,2025-10-10
M019921,P093,OUT,180,2025-09-11
M019922,P036,IN,160,2025-05-16
M019923,P052,IN,196,2026-01-17
M019924,P040,IN,146,2025-03-12
M019925,P005,OUT,19,2026-01-03
M019926,P015,OUT,112,2026-02-08
M019927,P048,IN,20,2025-05-03
M019928,P082,IN,116,2025-10-28
M019929,P044,OUT,32,2025-05-09
M019930,P071,OUT,124,2026-01-13
M019931,P040,OUT,62,2026-03-05
M019932,P022,IN,160,2026-02-20
M019933,P098,IN,116,2025-09-28
M019934,P100,OUT,87,2025-12-24
M019935,P027,IN,2,2025-05-12
M019936,P026,IN,149,2026-02-15
M019937,P023,IN,200,2026-01-23
M019938,P047,OUT,58,2026-01-14
M019939,P039,OUT,5,2025-12-13
M019940,P026,OUT,167,2025-05-05
M019941,P020,IN,185,2026-01-05
M019942,P086,OUT,132,2025-03-27
M019943,P023,IN,75,2025-05-04
M019944,P099,OUT,51,2026-02-13
M019945,P006,OUT,198,2026-01-21
M019946,P044,IN,51,2026-01-05
M019947,P023,IN,82,2025-08-12
M019948,P075,IN,172,2025-06-14
M019949,P069,IN,106,2025-10-20
M019950,P053,IN,143,2026-02-23
M019951,P067,OUT,11,2025-10-14
M019952,P028,OUT,104,2025-06-19
M019953,P061,OUT,126,2025-04-29
M019954,P010,IN,40,2025-06-13
M019955,P044,IN,151,2025-11-18
M019956,P072,OUT,144,2026-01-25
M019957,P013,OUT,78,2026-01-17
M019958,P054,OUT,83,2025-03-18
M019959,P088,IN,191,2025-09-16
M019960,P065,OUT,57,2025-07-30
M019961,P077,OUT,101,2025-09-03
M019962,P027,IN,47,2026-01-06
M019963,P039,IN,80,2026-02-09
M019964,P020,OUT,165,2025-12-28
M019965,P002,OUT,196,2025-04-16
M019966,P072,OUT,28,2025-03-16
M019967,P070,IN,172,2025-09-07
M019968,P047,OUT,107,2025-10-06
M019969,P043,OUT,117,2025-05-31
M019970,P084,IN,185,2025-11-08
M019971,P095,OUT,51,2025-07-07
M019972,P046,IN,2,2025-05-12
M019973,P003,IN,72,2025-05-23
M019974,P030,IN,139,2026-02-07
M019975,P081,IN,16,2025-09-18
M019976,P022,IN,163,2025-12-13
M019977,P085,IN,19,2025-12-04
M019978,P029,IN,162,2025-08-25
M019979,P063,IN,166,2025-12-02
M019980,P083,OUT,64,2025-06-12
M019981,P064,IN,128,2025-12-26
M019982,P022,IN,23,2026-02-27
M019983,P062,OUT,47,2025-10-13
M019984,P059,OUT,45,2025-06-29
M019985,P021,OUT,3,2025-04-22
M019986,P084,IN,46,2026-03-01
M019987,P060,IN,18,2026-02-14
M019988,P036,OUT,131,2025-08-10
M019989,P002,IN,9,2025-06-26
M019990,P012,OUT,55,2025-04-23
M019991,P084,IN,148,2026-02-08
M019992,P075,IN,14,2025-07-11
M019993,P098,OUT,198,2025-04-29
M019994,P067,IN,13,2025-08-06
M019995,P065,OUT,163,2026-01-19
M019996,P034,IN,195,2025-12-09
M019997,P067,OUT,96,2025-12-03
M019998,P054,IN,135,2025-08-02
M019999,P083,OUT,99,2025-06-11
M020000,P095,IN,6,2026-02-01
